split,original_filename,new_filename
test,img_0113_jpg.rf.1e369834dc7e399f2fb5abbd01b5af65.jpg,detection_test_0001.jpg
test,img_0122_jpg.rf.a719b3f3b266d5e5a680447e5422b6de.jpg,detection_test_0002.jpg
test,img_0126_jpg.rf.4e732542af1e3497dd0494d097768bb3.jpg,detection_test_0003.jpg
test,img_0129_jpg.rf.7d1856ec69b196b6debe14d9a2686f6b.jpg,detection_test_0004.jpg
test,img_0131_jpg.rf.bf21b9436640f9fd9828091618c9c566.jpg,detection_test_0005.jpg
test,img_0146_jpg.rf.c801b74ceafa28a70be93ac3bdd81b9f.jpg,detection_test_0006.jpg
test,img_0164_jpg.rf.dfd13d8fdeff236e1dabc52fd2989bb8.jpg,detection_test_0007.jpg
test,img_0165_jpg.rf.939c45d77398d04cb6b7e59f815b2eaa.jpg,detection_test_0008.jpg
test,img_0169_jpg.rf.cfd6639667699d33f48d5e81914add64.jpg,detection_test_0009.jpg
test,img_0178_jpg.rf.5234abc92791b28f727a6b57bc3d6ad7.jpg,detection_test_0010.jpg
test,img_0187_jpg.rf.25527ef65e914f97bc6a92bb3357a332.jpg,detection_test_0011.jpg
test,img_0201_jpg.rf.2320fca25566c46cdc033313e264c006.jpg,detection_test_0012.jpg
test,img_0207_jpg.rf.6aa0a990bf18abcd382ed61aaa470e3c.jpg,detection_test_0013.jpg
test,img_0214_jpg.rf.960682137f7cbbd2d5a8e13a723e0afc.jpg,detection_test_0014.jpg
test,img_0234_jpg.rf.81c9855374d783709eab441ed4af4636.jpg,detection_test_0015.jpg
test,img_0287_jpg.rf.0f74205c2d9b5962e81b4516c3ed468e.jpg,detection_test_0016.jpg
test,img_0294_jpg.rf.96428e5a0c4649141c9fbdcb377ea113.jpg,detection_test_0017.jpg
test,img_0308_jpg.rf.fe627feddca756a7b248c03312c8d8c9.jpg,detection_test_0018.jpg
test,img_0317_jpg.rf.2c470bab8678aa160b922f3a0c7e76db.jpg,detection_test_0019.jpg
test,img_0321_jpg.rf.477717142f16ee14a657948fc2466221.jpg,detection_test_0020.jpg
test,img_0331_jpg.rf.00a59585998244b98caaefbce567ffcc.jpg,detection_test_0021.jpg
test,img_0351_jpg.rf.7f256fdf71789932b26955c659941efb.jpg,detection_test_0022.jpg
test,img_0358_jpg.rf.5db8203441a5df5bea6ab1a1e550ffee.jpg,detection_test_0023.jpg
test,img_0367_jpg.rf.417602a0ccf391f0e8a96821029d3fe2.jpg,detection_test_0024.jpg
test,img_0375_jpg.rf.e4951b44e57cb72ef37c5e604bfb12f1.jpg,detection_test_0025.jpg
test,img_0381_jpg.rf.7b0a596abd0341436cc10182fe48bb6f.jpg,detection_test_0026.jpg
test,img_0385_jpg.rf.e5eb941cbb4c2055438c01049b6c3779.jpg,detection_test_0027.jpg
test,img_0395_jpg.rf.681e6da4640a1b2207117fb1b6469963.jpg,detection_test_0028.jpg
test,img_0404_jpg.rf.a5bfc3beb34c21e318c640edbc795909.jpg,detection_test_0029.jpg
test,img_0405_jpg.rf.d926efebde250e6cb46f3f1b85eb8335.jpg,detection_test_0030.jpg
test,img_0438_jpg.rf.7dc6c0dd8f2e3f9ebbb216d148139c27.jpg,detection_test_0031.jpg
test,img_0444_jpg.rf.e0bc10e4413d051e117fca41be701a5b.jpg,detection_test_0032.jpg
test,img_0461_jpg.rf.588459f8004829c28f600099823c67fe.jpg,detection_test_0033.jpg
test,img_0489_jpg.rf.968e825bd1370aacf0b784fcaab5cf1b.jpg,detection_test_0034.jpg
test,img_0491_jpg.rf.d5de2d3553b7b3c9630cf43c63003a20.jpg,detection_test_0035.jpg
test,img_0494_jpg.rf.1d86763cdacd1a1c22930bdcbd03637c.jpg,detection_test_0036.jpg
test,img_0514_jpg.rf.098d2c8f19b9a62c7104d05cebcca3ec.jpg,detection_test_0037.jpg
test,img_0526_jpg.rf.2ebcfaf76181b94a93aa59f8ec89a7a5.jpg,detection_test_0038.jpg
test,img_0527_jpg.rf.cc2950b64f6640d1f35ee841bac15927.jpg,detection_test_0039.jpg
test,img_0542_jpg.rf.106bd20df8abc201e843ff1031e07843.jpg,detection_test_0040.jpg
test,img_0553_jpg.rf.44ed0f92bf9a8a4f4ef499a8a5710048.jpg,detection_test_0041.jpg
test,img_0555_jpg.rf.29e558c83b51bc277369984260bf592e.jpg,detection_test_0042.jpg
test,img_0578_jpg.rf.b1861ae10482fcf806d9afc423253128.jpg,detection_test_0043.jpg
test,img_0583_jpg.rf.ccfe26bb7a08d32898f42ab79edb1fd6.jpg,detection_test_0044.jpg
test,img_0601_jpg.rf.6ab7db7c33f881ec07ed63c8aff0af0b.jpg,detection_test_0045.jpg
test,img_0621_jpg.rf.dd2ad9484742dcf4d368a8c271d982a1.jpg,detection_test_0046.jpg
test,img_0624_jpg.rf.32f4377d4f371a091b68eb629ea279f6.jpg,detection_test_0047.jpg
test,img_0626_jpg.rf.25bc0b7584cba6ccbf1c6b7bb7077daa.jpg,detection_test_0048.jpg
test,img_0630_jpg.rf.25be3728ad130f3fd4c1ff521e045b39.jpg,detection_test_0049.jpg
test,img_0633_jpg.rf.4e03ffbd76da549c0f38a4845099ee54.jpg,detection_test_0050.jpg
test,img_0635_jpg.rf.fbd493aad512f2e1df6d8fafc75f6686.jpg,detection_test_0051.jpg
test,img_0636_jpg.rf.4b3a28db9b3c7886089c18c1d60d4e39.jpg,detection_test_0052.jpg
test,img_0657_jpg.rf.2145b796f4c3fcb7168400efbf2b4395.jpg,detection_test_0053.jpg
test,img_0661_jpg.rf.378ec1eb589f0fa5e9ec4cb0055a0f64.jpg,detection_test_0054.jpg
test,img_0678_jpg.rf.57448cfed15f55cecc74f85915ee9623.jpg,detection_test_0055.jpg
test,img_0681_jpg.rf.bb67524730941e03f174972f79c7ea99.jpg,detection_test_0056.jpg
test,img_0705_jpg.rf.3417b076bf8af4beaf40834f3b87dbdb.jpg,detection_test_0057.jpg
test,img_0710_jpg.rf.3918b08765740b2fc881241c14238d57.jpg,detection_test_0058.jpg
test,img_0737_jpg.rf.99ac58f5cff01a4341f7ba3b35c63c5e.jpg,detection_test_0059.jpg
test,img_0738_jpg.rf.5bc6c78687cb82babcbef887d7dbf997.jpg,detection_test_0060.jpg
test,img_0740_jpg.rf.199a108272db85d0362239cd68398812.jpg,detection_test_0061.jpg
test,img_0754_jpg.rf.33a116383042806725676fe89a587b57.jpg,detection_test_0062.jpg
test,img_0759_jpg.rf.15f5fde6203599e3052639a7ff7b9265.jpg,detection_test_0063.jpg
test,img_0778_jpg.rf.ad88fce2a9e58b300108a2080d0efba3.jpg,detection_test_0064.jpg
test,img_0783_jpg.rf.6368c58f7a076ce5d1f35482bcfc3ecf.jpg,detection_test_0065.jpg
test,img_0799_jpg.rf.321d9fef4467bab3c5574d5bebd1164a.jpg,detection_test_0066.jpg
test,img_0810_jpg.rf.b5318054c002afee104fc888e5b7dae7.jpg,detection_test_0067.jpg
test,img_0815_jpg.rf.af0a1077068a4d22f9c7cad9b65f1a8b.jpg,detection_test_0068.jpg
test,img_0822_jpg.rf.a847aaffb02fb3ef437626fe300e9eb5.jpg,detection_test_0069.jpg
test,img_0823_jpg.rf.b0fd7dfa2466a7fb515c1b1aed1154da.jpg,detection_test_0070.jpg
test,img_0842_jpg.rf.55936e4089ab89ceb7b05edc47204ab2.jpg,detection_test_0071.jpg
test,img_0854_jpg.rf.00f0af29fb30253c6831860b0e62a0df.jpg,detection_test_0072.jpg
test,img_0860_jpg.rf.8058ad827eb0aaf3e5c3651c7f89bdaf.jpg,detection_test_0073.jpg
test,img_0881_jpg.rf.72fc5af8bbbea81f9d684db0d3baf8de.jpg,detection_test_0074.jpg
test,img_0888_jpg.rf.a08c615529109d25da9898633c8f786a.jpg,detection_test_0075.jpg
test,img_0905_jpg.rf.3cfbce877fb392b5fd5c11a7c3d5fe56.jpg,detection_test_0076.jpg
test,img_0913_jpg.rf.acc7512d7b8df8f12a897a901733e6a8.jpg,detection_test_0077.jpg
test,img_0924_jpg.rf.b86af4a1628fa785d652009e0195d7b6.jpg,detection_test_0078.jpg
test,img_0939_jpg.rf.9ee3c0814a8aad09028dabed6fbbdce8.jpg,detection_test_0079.jpg
test,img_0959_jpg.rf.75f7f1558d673b128105b54956de7584.jpg,detection_test_0080.jpg
test,img_0962_jpg.rf.ba09432ee0fafee488d410605bd29c27.jpg,detection_test_0081.jpg
test,img_0981_jpg.rf.05021aca151654b5339a416986dbd4cd.jpg,detection_test_0082.jpg
test,img_0982_jpg.rf.4bd2c144227cc493b6ff5e1705e591b0.jpg,detection_test_0083.jpg
test,img_0993_jpg.rf.bad6a3eeb8ccb9779206041ef17bbba5.jpg,detection_test_0084.jpg
test,img_0997_jpg.rf.a550e6130852271b9e0a9b53dfbb9ecb.jpg,detection_test_0085.jpg
test,img_1011_jpg.rf.10ff73fee581c9da9c4a854d7b7eb1f3.jpg,detection_test_0086.jpg
test,img_1016_jpg.rf.72ddc74eb74981742026954efd5884f8.jpg,detection_test_0087.jpg
test,img_1018_jpg.rf.c30558a0ec4acb79d8f35e48659450b7.jpg,detection_test_0088.jpg
test,img_1020_jpg.rf.91f89fb6ac67d61ae1a50bf2f0431558.jpg,detection_test_0089.jpg
test,img_1026_jpg.rf.3037da763fccaf2607279fc7b921486c.jpg,detection_test_0090.jpg
test,img_1479_jpg.rf.2283b2c12cefe459bc8e6c93c9205cbc.jpg,detection_test_0091.jpg
test,img_1481_jpg.rf.28e3b919eeebf67353163e5b6b52d380.jpg,detection_test_0092.jpg
test,img_1488_jpg.rf.82ae4dba85e4dbe2b8872f0f4498a56c.jpg,detection_test_0093.jpg
test,img_1491_jpg.rf.59dc898b69ca1938e46598dd324bc59b.jpg,detection_test_0094.jpg
test,img_1509_jpg.rf.ab6ccb853cef491a86d27e4b892f81c4.jpg,detection_test_0095.jpg
test,img_1525_jpg.rf.f27216d50274dadf61eaa5bc1266b512.jpg,detection_test_0096.jpg
test,img_1532_jpg.rf.fa235131f8da8a91a892f568303a889b.jpg,detection_test_0097.jpg
test,img_1547_jpg.rf.e65810767c657e9b5f83150904696a6a.jpg,detection_test_0098.jpg
test,img_1571_jpg.rf.690157fa17c6d7f5865848824fa145b5.jpg,detection_test_0099.jpg
test,img_1583_jpg.rf.e20f690921ccac24d9daa9a77f2fdeca.jpg,detection_test_0100.jpg
test,img_1586_jpg.rf.c2aa4be956611bf3e04bd6df1d12508c.jpg,detection_test_0101.jpg
test,img_1588_jpg.rf.c4b7817d091bb8ba2da5e80d2f981754.jpg,detection_test_0102.jpg
test,img_1593_jpg.rf.85de695bf5c9beabd8a702742da9b2f1.jpg,detection_test_0103.jpg
test,img_1604_jpg.rf.541b3d9b0561bc8695b99203a9961877.jpg,detection_test_0104.jpg
test,img_1633_jpg.rf.aec1db0da6c94dd49b898dac053348da.jpg,detection_test_0105.jpg
test,img_1659_jpg.rf.2e44d44653f93d99d6a44a085de9aeb2.jpg,detection_test_0106.jpg
test,img_1660_jpg.rf.7bb21381b9192591712b996e5a624b9e.jpg,detection_test_0107.jpg
test,img_1670_jpg.rf.2ef8607d7cf6eab93d41fd43c82ca11a.jpg,detection_test_0108.jpg
test,img_1684_jpg.rf.bcbe1440528b1abf35b3ba756ab8a65a.jpg,detection_test_0109.jpg
test,img_1697_jpg.rf.21c0ccd6cfae9575224ebcb323d38de7.jpg,detection_test_0110.jpg
test,img_1702_jpg.rf.fe877c586a499e2ef81c443d18a0422d.jpg,detection_test_0111.jpg
test,img_1704_jpg.rf.ee6e4d324da01a726984b3fb78b5f056.jpg,detection_test_0112.jpg
test,img_1715_jpg.rf.6dcfee0b25934f8ec7d5d0ddadb0adaa.jpg,detection_test_0113.jpg
test,img_1729_jpg.rf.1e7404b01f8f3ce0b4dd2b4a87cd03c0.jpg,detection_test_0114.jpg
test,img_1736_jpg.rf.27d957f69ec7fd56a92649a6e2886726.jpg,detection_test_0115.jpg
test,img_1748_jpg.rf.c4c4a795e8d40c586e5535b199560719.jpg,detection_test_0116.jpg
test,img_1751_jpg.rf.2fb0036b32ff692ee5b46cabee6eb15d.jpg,detection_test_0117.jpg
test,img_1763_jpg.rf.f4a8f1c55acf5a6dbec5846c60c2d209.jpg,detection_test_0118.jpg
test,img_1784_jpg.rf.2e66e62104545421d3311eecd714b826.jpg,detection_test_0119.jpg
test,img_1791_jpg.rf.a9b088f6d28df0d359df250e9169f8b7.jpg,detection_test_0120.jpg
test,img_1796_jpg.rf.d4d85baa38236abf7189a7660d8a73b3.jpg,detection_test_0121.jpg
test,img_1798_jpg.rf.e7252df1cbb9d856d697039eb5e40fb4.jpg,detection_test_0122.jpg
test,img_1808_jpg.rf.81a9ebe69f52cf58c60e8fdb4b7640b9.jpg,detection_test_0123.jpg
test,img_1820_jpg.rf.c077cf4b67a0ea83c060a61ad11dd42e.jpg,detection_test_0124.jpg
test,img_1827_jpg.rf.00d5f11811d6258846533f394a9692e2.jpg,detection_test_0125.jpg
test,img_1850_jpg.rf.54b148a94d3dab850c9a088c4777315b.jpg,detection_test_0126.jpg
test,img_1857_jpg.rf.9066cf7d057875b7870da63c37656e53.jpg,detection_test_0127.jpg
test,img_1863_jpg.rf.f1cadd9a3fdc0a00f7ad344850bf3627.jpg,detection_test_0128.jpg
test,img_1868_jpg.rf.7a52b5b38d63a101528ada55ef0f80e5.jpg,detection_test_0129.jpg
test,img_1882_jpg.rf.510d5aa4ee497af350eadcc23509efcf.jpg,detection_test_0130.jpg
test,img_1899_jpg.rf.77e14b2b1e47cc3fe016b827839d164e.jpg,detection_test_0131.jpg
test,img_1909_jpg.rf.e5c1e537605bc1daabfa05904f181f80.jpg,detection_test_0132.jpg
test,img_1911_jpg.rf.5c4e0a2be3c7442b0e5477251c228c8f.jpg,detection_test_0133.jpg
test,img_1918_jpg.rf.5b07f77a6b233479c0a1c9ff2815974e.jpg,detection_test_0134.jpg
test,img_1923_jpg.rf.e9676af9535518cfbd54bec4a8b034a4.jpg,detection_test_0135.jpg
test,img_1926_jpg.rf.e8e25fe4cc94a80c7f1f101daef27200.jpg,detection_test_0136.jpg
test,img_1937_jpg.rf.9ed594133cc3db6fff7216faaedfe788.jpg,detection_test_0137.jpg
test,img_1942_jpg.rf.f2693d37c40f355a6a4cb098e5d30f89.jpg,detection_test_0138.jpg
test,img_1952_jpg.rf.a48811afc4c006587bf423b968654fa4.jpg,detection_test_0139.jpg
test,img_1954_jpg.rf.1fe55208c1656b6c21014eb201ed2298.jpg,detection_test_0140.jpg
test,img_1973_jpg.rf.f2bf80d253f7a0ccb432ba6b5d05d48a.jpg,detection_test_0141.jpg
test,img_1974_jpg.rf.4b7e6815a063074e7bdce16304f9900a.jpg,detection_test_0142.jpg
test,img_1980_jpg.rf.e4dc5e7d6303d2f08245d22d0712c53c.jpg,detection_test_0143.jpg
test,img_2007_jpg.rf.239f0adceee8d6bd97c0fc2e42c70a06.jpg,detection_test_0144.jpg
test,img_2027_jpg.rf.9c97e5aeec7fcfb684384084c01bdd4b.jpg,detection_test_0145.jpg
test,img_2055_jpg.rf.b7acc7f5f077e39e18224e8ec7745767.jpg,detection_test_0146.jpg
test,img_2070_jpg.rf.c1c2e2c667a949f7c3f9e3c71ac76098.jpg,detection_test_0147.jpg
test,img_2080_jpg.rf.10840c4338a96da56980d4a5457451d3.jpg,detection_test_0148.jpg
test,img_2083_jpg.rf.89f5aeb58c15fe700b7cc0dcaace2a1a.jpg,detection_test_0149.jpg
test,img_2086_jpg.rf.456fcaa14f55b87e26b8d318c6df887b.jpg,detection_test_0150.jpg
test,img_2119_jpg.rf.3fe281a7c4e6e14c08c3c97a452c9ebb.jpg,detection_test_0151.jpg
test,img_2123_jpg.rf.8f167d49c2ab004f60bbc85a69683631.jpg,detection_test_0152.jpg
test,img_2131_jpg.rf.9412b8e2fae03a5e5d26b218f151628e.jpg,detection_test_0153.jpg
test,img_2132_jpg.rf.f243d989c7a86a09573a544b178e9eca.jpg,detection_test_0154.jpg
test,img_2133_jpg.rf.11f712b7e2f3ff81f731e8ee27aa2623.jpg,detection_test_0155.jpg
test,img_2149_jpg.rf.48ad26c4f1370b2d7181bfca701b5ed6.jpg,detection_test_0156.jpg
test,img_2152_jpg.rf.d537eb1fd7216976e08b6fe0888e0faf.jpg,detection_test_0157.jpg
test,img_2157_jpg.rf.355d618835e9e901c8517139f7b37fce.jpg,detection_test_0158.jpg
test,img_2175_jpg.rf.7c410606b42350444415a92de2136f3a.jpg,detection_test_0159.jpg
test,img_2177_jpg.rf.beed243bf3acfadba6d6c56db1fab3e3.jpg,detection_test_0160.jpg
test,img_2188_jpg.rf.2aeb31a635ca8b8b096e9124ca019bcf.jpg,detection_test_0161.jpg
test,img_2197_jpg.rf.70d04f17222d3383c0b97059b916a305.jpg,detection_test_0162.jpg
test,img_2414_jpg.rf.e31b170f638d3523f463b64c70b0a57e.jpg,detection_test_0163.jpg
test,img_2420_jpg.rf.8cc7ceae27efd9199bd1ebe527760847.jpg,detection_test_0164.jpg
test,img_2428_jpg.rf.db9861e53fe135035dbcc859d8df63d9.jpg,detection_test_0165.jpg
test,img_2432_jpg.rf.9cb3fbdfaff19c28ab6e43dd4056278e.jpg,detection_test_0166.jpg
test,img_2442_jpg.rf.0e2e677dd8f0643b4a36ad351139492f.jpg,detection_test_0167.jpg
test,img_2445_jpg.rf.0f8e16d7c22d752cabdaa16d258aff66.jpg,detection_test_0168.jpg
test,img_2446_jpg.rf.afb777149edf09857c6f72ed37f9f29c.jpg,detection_test_0169.jpg
test,img_2447_jpg.rf.dfc2f84702763322412f941197cfbcca.jpg,detection_test_0170.jpg
test,img_2472_jpg.rf.696c5f3bfe2696a501bf29489254c083.jpg,detection_test_0171.jpg
test,img_2475_jpg.rf.e484647ae0762f310f486f0e71bece5b.jpg,detection_test_0172.jpg
test,img_2487_jpg.rf.a3987876bb39c13ccde13ea7f98fca10.jpg,detection_test_0173.jpg
test,img_2490_jpg.rf.455503fe4c74eaa5ebded6d27e7bc5b0.jpg,detection_test_0174.jpg
test,img_2491_jpg.rf.453de1eed3d2402f9e80079969ec9de5.jpg,detection_test_0175.jpg
test,img_2494_jpg.rf.b5230fbbfa3389c8ca1f8e9fedb448c8.jpg,detection_test_0176.jpg
test,img_2497_jpg.rf.813e68e561a7a9e05015a24db417f118.jpg,detection_test_0177.jpg
test,img_2500_jpg.rf.a4006be3fdc227f63178da6643533dda.jpg,detection_test_0178.jpg
test,img_2510_jpg.rf.bb051a5e7bc363fe64f370dc2761761c.jpg,detection_test_0179.jpg
test,img_2534_jpg.rf.0e348646c315681b6e397ad3f12400e6.jpg,detection_test_0180.jpg
test,img_2562_jpg.rf.86bda8f62adbe5a3ee2ac4ec2e86f741.jpg,detection_test_0181.jpg
test,img_2581_jpg.rf.a8f9bdddd9b5d9fbd4afde4200798247.jpg,detection_test_0182.jpg
test,img_2599_jpg.rf.81ae8b01d79fd5be956f6567a68737ce.jpg,detection_test_0183.jpg
test,img_2626_jpg.rf.e821929dafa908ef544ca886ab3c30c2.jpg,detection_test_0184.jpg
test,img_2642_jpg.rf.91081b4534e0ccbb0fe0f0ee4b913c1e.jpg,detection_test_0185.jpg
test,img_2650_jpg.rf.9d6238b4edf1282befd3877cacbc3656.jpg,detection_test_0186.jpg
test,img_2665_jpg.rf.fb8e6575247964613bb18a19cda6a756.jpg,detection_test_0187.jpg
test,img_2957_jpg.rf.d4c63206a5331c49f9c99132f691993e.jpg,detection_test_0188.jpg
test,img_3035_jpg.rf.4f3155ea5bfc79b693c19392176a5cb9.jpg,detection_test_0189.jpg
test,img_3041_jpg.rf.08a0409bee30bec99fc45b0c054cffdc.jpg,detection_test_0190.jpg
test,img_3054_jpg.rf.1a5482e7bda1cdc2589eb3317c430529.jpg,detection_test_0191.jpg
test,img_3060_jpg.rf.1ceb95df28fa2629fee538158dd1f877.jpg,detection_test_0192.jpg
test,img_3068_jpg.rf.961c7a79a6db61b3f7a1f1da93d89b63.jpg,detection_test_0193.jpg
test,img_3076_jpg.rf.0dab14f907b7a725cda965c307168ff2.jpg,detection_test_0194.jpg
test,img_3084_jpg.rf.0dbbd4c6d836cb101a5fbb34c10e11c7.jpg,detection_test_0195.jpg
test,img_3086_jpg.rf.aa112f83790c977c218e6bb772b3a716.jpg,detection_test_0196.jpg
test,img_3090_jpg.rf.24a6fc4424a4309a3dab103acf8058e7.jpg,detection_test_0197.jpg
test,img_3095_jpg.rf.22a246df0ea655ca68e8c4b6ba505d7a.jpg,detection_test_0198.jpg
test,img_3123_jpg.rf.e38086f20a462212027bdcf3ae5c5b88.jpg,detection_test_0199.jpg
test,img_3135_jpg.rf.30944fa2ca318f359a284493d5d22c3a.jpg,detection_test_0200.jpg
test,img_3144_jpg.rf.a33893ce2eb3a0cf83e7fdba9efda3ff.jpg,detection_test_0201.jpg
test,img_3186_jpg.rf.1927bcbd856bf690abdac88663ae069c.jpg,detection_test_0202.jpg
test,img_3192_jpg.rf.e030ff417a559819b7554e0e3c5f2e93.jpg,detection_test_0203.jpg
train,img_0004_jpg.rf.c799d7e55940ed0ca3d89de93a9b73c7.jpg,detection_train_0001.jpg
train,img_0005_jpg.rf.24fddc90eae04cd442e4ee1d57338fb8.jpg,detection_train_0002.jpg
train,img_0007_jpg.rf.0002ee9779324d301fdc3ced06312877.jpg,detection_train_0003.jpg
train,img_0008_jpg.rf.66c804b74332e40264cdb178dc293c7b.jpg,detection_train_0004.jpg
train,img_0030_jpg.rf.5a30212e090375ff4e684392bf0d32aa.jpg,detection_train_0005.jpg
train,img_0031_jpg.rf.42bd8f779b5720c51afe7eb2b5561d8b.jpg,detection_train_0006.jpg
train,img_0035_jpg.rf.82f597567fb1a4c2c1b13ab7f8bff09c.jpg,detection_train_0007.jpg
train,img_0041_jpg.rf.0cde759e7a42f40037ef5ead445df95f.jpg,detection_train_0008.jpg
train,img_0043_jpg.rf.cd6f408165f010cbd72cab7f27faca67.jpg,detection_train_0009.jpg
train,img_0045_jpg.rf.07ec53637a7a5c7364f4bb1a9e7a1770.jpg,detection_train_0010.jpg
train,img_0046_jpg.rf.b34659e59cf9879b4ae8f58a191c03ff.jpg,detection_train_0011.jpg
train,img_0061_jpg.rf.b67b1e2ffd414c2a29b887111a29d67c.jpg,detection_train_0012.jpg
train,img_0062_jpg.rf.38aef2549b7486799d62554c5221a191.jpg,detection_train_0013.jpg
train,img_0065_jpg.rf.d5d010525db7dec77483e50a81b5c6bb.jpg,detection_train_0014.jpg
train,img_0108_jpg.rf.1036bee1409b685c9e3389460b6ead92.jpg,detection_train_0015.jpg
train,img_0109_jpg.rf.0f01489ba9804a8eb307de01673acbfc.jpg,detection_train_0016.jpg
train,img_0110_jpg.rf.7663e46511f34367c3e3646badf7b81e.jpg,detection_train_0017.jpg
train,img_0111_jpg.rf.e8dc9329baea1c7b47d043f1b1f37ca3.jpg,detection_train_0018.jpg
train,img_0114_jpg.rf.0d05f5a2c2b59ba6324d77f4c34e0c7e.jpg,detection_train_0019.jpg
train,img_0115_jpg.rf.108d3e46021b1c2635bc8a82a19f21eb.jpg,detection_train_0020.jpg
train,img_0116_jpg.rf.cf040ea57dbb7b9b98980cb9218d2814.jpg,detection_train_0021.jpg
train,img_0117_jpg.rf.b88ac2f18dcf476203ba28c82dfee7d6.jpg,detection_train_0022.jpg
train,img_0118_jpg.rf.ea287c09be5c424eaee404210659cc61.jpg,detection_train_0023.jpg
train,img_0119_jpg.rf.26daa2063a1edf88d9ea4a00aa17d429.jpg,detection_train_0024.jpg
train,img_0120_jpg.rf.2dabebb3cb805e0493f8406192677977.jpg,detection_train_0025.jpg
train,img_0121_jpg.rf.9a147ce85bbe7c4347078b047f6e0c2d.jpg,detection_train_0026.jpg
train,img_0123_jpg.rf.70be49e1d0ca2dbeb4d329a59fa294cd.jpg,detection_train_0027.jpg
train,img_0127_jpg.rf.3f02d9621d0598d221ff294a4b4a8e6c.jpg,detection_train_0028.jpg
train,img_0128_jpg.rf.ea6007c2963bdbbcbfe3e5dafc78747d.jpg,detection_train_0029.jpg
train,img_0130_jpg.rf.cd4e959f0708a505fa1be85556b85589.jpg,detection_train_0030.jpg
train,img_0133_jpg.rf.bb51960d23a07cc9c50abc9ad70d5545.jpg,detection_train_0031.jpg
train,img_0134_jpg.rf.41546bda90bb9fe17edb2349a07f8bfc.jpg,detection_train_0032.jpg
train,img_0135_jpg.rf.db758faa339682c015eb67909f8e232e.jpg,detection_train_0033.jpg
train,img_0136_jpg.rf.8d017144f9d72abb6f718ac10e2d5812.jpg,detection_train_0034.jpg
train,img_0138_jpg.rf.d0ccae871bce5397b11d7cce316d2c4e.jpg,detection_train_0035.jpg
train,img_0139_jpg.rf.fde8eabd9ec3605ad9ab87281ac81111.jpg,detection_train_0036.jpg
train,img_0140_jpg.rf.6a44cc995edbe9e46ab8657b4d9c4693.jpg,detection_train_0037.jpg
train,img_0142_jpg.rf.c908600b32c246496ea585901612383e.jpg,detection_train_0038.jpg
train,img_0143_jpg.rf.d9edc3e66f90cd804e2cfa1ba6b9486b.jpg,detection_train_0039.jpg
train,img_0144_jpg.rf.977784800d28b68ad4c6eb62dd407476.jpg,detection_train_0040.jpg
train,img_0147_jpg.rf.6d3fe5967b9e2e1ea5b6c59bc1adc5b0.jpg,detection_train_0041.jpg
train,img_0149_jpg.rf.4d61c4635c12e577c933243ec4a49362.jpg,detection_train_0042.jpg
train,img_0150_jpg.rf.b7b00c5111fb28212699a52710c6297d.jpg,detection_train_0043.jpg
train,img_0151_jpg.rf.dbdaa6cc4e369a01f21b2533a1462caf.jpg,detection_train_0044.jpg
train,img_0153_jpg.rf.0dd8b0461b4ca0c3362c546ce279bebf.jpg,detection_train_0045.jpg
train,img_0154_jpg.rf.8cb0f7d62f5ef8a2dabab6df57e07222.jpg,detection_train_0046.jpg
train,img_0155_jpg.rf.59538041e686da0efcfd078a3ee7bd82.jpg,detection_train_0047.jpg
train,img_0156_jpg.rf.4b87d41a798bda12afa5fa3f09bf31ac.jpg,detection_train_0048.jpg
train,img_0158_jpg.rf.152fca6028fef2450c23225b7d45fd52.jpg,detection_train_0049.jpg
train,img_0160_jpg.rf.55f67ee2e79767f26be73c6819dae7e0.jpg,detection_train_0050.jpg
train,img_0161_jpg.rf.f8cee5c4a92557e3a3bab8c67da3374f.jpg,detection_train_0051.jpg
train,img_0163_jpg.rf.4832b329f0782cc7eca197857d885296.jpg,detection_train_0052.jpg
train,img_0166_jpg.rf.aa060c10be5547f9cabadf1f6dcfa7d4.jpg,detection_train_0053.jpg
train,img_0167_jpg.rf.7714eead0b1852531fccea2b2723c004.jpg,detection_train_0054.jpg
train,img_0168_jpg.rf.5b3f069286977b8f43242f6d5841f653.jpg,detection_train_0055.jpg
train,img_0170_jpg.rf.848add30fd8ac3b3e2c063f53cd037f4.jpg,detection_train_0056.jpg
train,img_0171_jpg.rf.6f657e6263d97566e514f44d6112f91f.jpg,detection_train_0057.jpg
train,img_0172_jpg.rf.d76ca8557560c06458bac8b81ce4ebd1.jpg,detection_train_0058.jpg
train,img_0173_jpg.rf.340af87e611edb5172106295dd514054.jpg,detection_train_0059.jpg
train,img_0175_jpg.rf.3c549f9e31185cea46dee5dfef93fcc1.jpg,detection_train_0060.jpg
train,img_0176_jpg.rf.9331bd866b91026b63534e7918c0352b.jpg,detection_train_0061.jpg
train,img_0177_jpg.rf.218fe0ba36a37c4e714a38ba1adecafa.jpg,detection_train_0062.jpg
train,img_0179_jpg.rf.081a14166fd684c818f06a604617758e.jpg,detection_train_0063.jpg
train,img_0181_jpg.rf.2ce7c18be7c0b1231b0619ca49738df4.jpg,detection_train_0064.jpg
train,img_0182_jpg.rf.4a03b6f66feceb976bd9f8c8c6f1c67c.jpg,detection_train_0065.jpg
train,img_0183_jpg.rf.458c940ef13048fea96538112c113c1b.jpg,detection_train_0066.jpg
train,img_0184_jpg.rf.7d0c4b0b55376fba23e5b97e018a8ab8.jpg,detection_train_0067.jpg
train,img_0185_jpg.rf.491323aa680c47407e5afd57eb0c7d96.jpg,detection_train_0068.jpg
train,img_0186_jpg.rf.68122b78c0e88e609075806948d2748a.jpg,detection_train_0069.jpg
train,img_0189_jpg.rf.394567a7176f74f92434961dd41888bb.jpg,detection_train_0070.jpg
train,img_0191_jpg.rf.63b94ea0a3f962b86481cf7e009adcfe.jpg,detection_train_0071.jpg
train,img_0192_jpg.rf.4ac9f750f0b3e1c5ba524e4efa8b984a.jpg,detection_train_0072.jpg
train,img_0194_jpg.rf.a66a79d80ac9bc5bd6277fb96c0cf6e3.jpg,detection_train_0073.jpg
train,img_0195_jpg.rf.f97f00bf2ad644172effda7dac7d1a03.jpg,detection_train_0074.jpg
train,img_0196_jpg.rf.2b558c8732959d9ef227c14a20d42d20.jpg,detection_train_0075.jpg
train,img_0198_jpg.rf.a056cb00de7f4ebb239c6f757e35bd70.jpg,detection_train_0076.jpg
train,img_0199_jpg.rf.b908efc1385281f6f535a0e3da037bfa.jpg,detection_train_0077.jpg
train,img_0200_jpg.rf.42e1f5e1a4b385d0ae09180cc9e72b98.jpg,detection_train_0078.jpg
train,img_0203_jpg.rf.45466dbe0d28aed86721d6c63166f39f.jpg,detection_train_0079.jpg
train,img_0205_jpg.rf.982fb3e2c85130c1fecb9bb5a7fc2817.jpg,detection_train_0080.jpg
train,img_0206_jpg.rf.1d2a43366f75e49ff7e1debba88b88fe.jpg,detection_train_0081.jpg
train,img_0209_jpg.rf.3be3e6ca62d464aa7037c850883b749c.jpg,detection_train_0082.jpg
train,img_0210_jpg.rf.4121d2271714161bbabe67ade2fc0eed.jpg,detection_train_0083.jpg
train,img_0211_jpg.rf.8dd08a9badf1f3e2b72b94afd1c8d354.jpg,detection_train_0084.jpg
train,img_0212_jpg.rf.d3451da4733186740ec180e3bb3c125b.jpg,detection_train_0085.jpg
train,img_0213_jpg.rf.f713b90778a8ebe356b893be402bff6d.jpg,detection_train_0086.jpg
train,img_0215_jpg.rf.821c965fb3b6653007dc229644791f5d.jpg,detection_train_0087.jpg
train,img_0222_jpg.rf.d55181952d6eb9a040016cbafd716280.jpg,detection_train_0088.jpg
train,img_0232_jpg.rf.be5e0e9ffb3fd7ba378c9fa6076d41e7.jpg,detection_train_0089.jpg
train,img_0233_jpg.rf.6a7bcc6a60980241f1ef86062a9500c0.jpg,detection_train_0090.jpg
train,img_0241_jpg.rf.d62beb773a1a537608b7c5c1e014d7ef.jpg,detection_train_0091.jpg
train,img_0242_jpg.rf.e5e60ee3c2d6f0aff6fa96f45db5d409.jpg,detection_train_0092.jpg
train,img_0249_jpg.rf.cbcf3af7772ea8500c7c62ab0553cbec.jpg,detection_train_0093.jpg
train,img_0253_jpg.rf.71beef37b6600be5626ee51e4150fc56.jpg,detection_train_0094.jpg
train,img_0265_jpg.rf.13ad623959e9e3e65397f95f2f6739b8.jpg,detection_train_0095.jpg
train,img_0268_jpg.rf.0a575ab9e27071f68a102b545dcec9d5.jpg,detection_train_0096.jpg
train,img_0284_jpg.rf.f82967db1310989427f2d2447d7ef739.jpg,detection_train_0097.jpg
train,img_0286_jpg.rf.1fe9b8bfc935209e1cf4178a950a1fd7.jpg,detection_train_0098.jpg
train,img_0288_jpg.rf.899915f14c4f5e12c0c20c286a0e12dc.jpg,detection_train_0099.jpg
train,img_0289_jpg.rf.53c269e2ce17e91601c0eb0bdbe9f9d0.jpg,detection_train_0100.jpg
train,img_0290_jpg.rf.66ebb432e53f5a12593c78d360d114b5.jpg,detection_train_0101.jpg
train,img_0291_jpg.rf.5651e791ef545d202155700c6409bdc5.jpg,detection_train_0102.jpg
train,img_0292_jpg.rf.0f013dae492559e59d8e8187116c1939.jpg,detection_train_0103.jpg
train,img_0293_jpg.rf.0dcff0f7560f7a2adf8d6f30b938bd16.jpg,detection_train_0104.jpg
train,img_0296_jpg.rf.947aced7634991de4b43e3765bb4198f.jpg,detection_train_0105.jpg
train,img_0297_jpg.rf.6029e65c8c3f3a5975aab8654bf96851.jpg,detection_train_0106.jpg
train,img_0298_jpg.rf.59c3c481f5303f9cb4e034f803388dc9.jpg,detection_train_0107.jpg
train,img_0300_jpg.rf.cb1ac0b67a0ad9c5fe0182ed49feafd9.jpg,detection_train_0108.jpg
train,img_0301_jpg.rf.81f0a171ace3596593d1da6e18cd4893.jpg,detection_train_0109.jpg
train,img_0302_jpg.rf.0e1f3c6da34608530831ab7f1f985705.jpg,detection_train_0110.jpg
train,img_0306_jpg.rf.b82795f1bd5b1a889abd21a7b5557a3b.jpg,detection_train_0111.jpg
train,img_0307_jpg.rf.6ce876a943b904dad2e514e471a26ebb.jpg,detection_train_0112.jpg
train,img_0309_jpg.rf.2c63074c01bc16fdfa93fc6d4c5adf06.jpg,detection_train_0113.jpg
train,img_0310_jpg.rf.159a7a0d08bbde8bc3fa29d6ead35c52.jpg,detection_train_0114.jpg
train,img_0312_jpg.rf.851fe1ed4edb26e779d94bf21828099e.jpg,detection_train_0115.jpg
train,img_0313_jpg.rf.f71d34f1019c4bbf45e9513fa82d3535.jpg,detection_train_0116.jpg
train,img_0314_jpg.rf.8002350374bc34c6012f2e6e5f1a0f4e.jpg,detection_train_0117.jpg
train,img_0315_jpg.rf.c0bec68fde97cc27285d14968d71d2e5.jpg,detection_train_0118.jpg
train,img_0318_jpg.rf.ff601c19638ffe68d84d82c0d81bbb8f.jpg,detection_train_0119.jpg
train,img_0319_jpg.rf.29baf02350b258e1e16f6871234a3a9a.jpg,detection_train_0120.jpg
train,img_0320_jpg.rf.2269e50abfc7e71100766134369c8651.jpg,detection_train_0121.jpg
train,img_0323_jpg.rf.2a9f59f053ae14a838dd72cfadd89060.jpg,detection_train_0122.jpg
train,img_0324_jpg.rf.16f83287e76f2220e9d8069279761119.jpg,detection_train_0123.jpg
train,img_0325_jpg.rf.f65187da7e11c9d49af41320c7346fbc.jpg,detection_train_0124.jpg
train,img_0326_jpg.rf.ce87fe52dffd023e1f1760227d41b3ab.jpg,detection_train_0125.jpg
train,img_0327_jpg.rf.77ef56f07b5d827e751ea07b5429c528.jpg,detection_train_0126.jpg
train,img_0330_jpg.rf.1d42c8aa4213ef27731f804a32e90d2a.jpg,detection_train_0127.jpg
train,img_0333_jpg.rf.ed6f1f50d7f2026d861392005a2897a0.jpg,detection_train_0128.jpg
train,img_0334_jpg.rf.f5bd78ff4db3a11aa1de146d06e67441.jpg,detection_train_0129.jpg
train,img_0335_jpg.rf.1dd97d75355c71e25cb2789e5649d370.jpg,detection_train_0130.jpg
train,img_0336_jpg.rf.63134f8c70baf8c6d76a703d3c27ad6d.jpg,detection_train_0131.jpg
train,img_0337_jpg.rf.b79ee21f0a53a3fdf448121b993e86d1.jpg,detection_train_0132.jpg
train,img_0340_jpg.rf.b675c73d661b25b64bde915daf77d03e.jpg,detection_train_0133.jpg
train,img_0343_jpg.rf.613bc2e61fc2b8a4b7467066809bb34c.jpg,detection_train_0134.jpg
train,img_0344_jpg.rf.c65f89781321c0a54c3573494b5567ed.jpg,detection_train_0135.jpg
train,img_0345_jpg.rf.6ed8d576bc6e552d25b227fba1580464.jpg,detection_train_0136.jpg
train,img_0346_jpg.rf.7decd52b37e2b25c72f71acd57cd9236.jpg,detection_train_0137.jpg
train,img_0347_jpg.rf.fd02f6472c6a7c9486ff2361947f7327.jpg,detection_train_0138.jpg
train,img_0348_jpg.rf.a18f755f4a36084837de5e0dcc541a0a.jpg,detection_train_0139.jpg
train,img_0349_jpg.rf.754549d708c79ffcc82fdeac8f076cce.jpg,detection_train_0140.jpg
train,img_0350_jpg.rf.9fa2c543b56bf98fdcd307976fdca92c.jpg,detection_train_0141.jpg
train,img_0352_jpg.rf.f8946002390ad003ed33b87d89edfd6a.jpg,detection_train_0142.jpg
train,img_0353_jpg.rf.a72b471bf912753935a37ee88be2721e.jpg,detection_train_0143.jpg
train,img_0354_jpg.rf.9ee233d545bda5cc2b050889e09767e6.jpg,detection_train_0144.jpg
train,img_0355_jpg.rf.6637e6adcfc5f9988503e12b79206465.jpg,detection_train_0145.jpg
train,img_0356_jpg.rf.1eb0fbcb84c11d6149384eab60aea40d.jpg,detection_train_0146.jpg
train,img_0357_jpg.rf.584cd4d254a10a5794f60e251024cd7d.jpg,detection_train_0147.jpg
train,img_0359_jpg.rf.8dc037980904eff64b9d3aef68c569b2.jpg,detection_train_0148.jpg
train,img_0360_jpg.rf.8778ec06f6f977377a5a475000fc3360.jpg,detection_train_0149.jpg
train,img_0361_jpg.rf.002e92df5fdc6189b639475f8f522b48.jpg,detection_train_0150.jpg
train,img_0362_jpg.rf.89ba5fa5f9ba2a58ee06cd1d40e7d949.jpg,detection_train_0151.jpg
train,img_0365_jpg.rf.2e7749f9efc1189897ca5119a2b971ce.jpg,detection_train_0152.jpg
train,img_0368_jpg.rf.534481623f37d764bad9de9c4dc813ca.jpg,detection_train_0153.jpg
train,img_0370_jpg.rf.086d25b5790d0b0ff589cabcbad5e504.jpg,detection_train_0154.jpg
train,img_0371_jpg.rf.5c5cb1c4414744a5e7af60602e18aeaa.jpg,detection_train_0155.jpg
train,img_0373_jpg.rf.c4e5b3c4fb67408dfb9b8fb93ec5230f.jpg,detection_train_0156.jpg
train,img_0377_jpg.rf.73f3e98e075535fb796720c548fc2dd7.jpg,detection_train_0157.jpg
train,img_0378_jpg.rf.d8687a77768ac0ff81fc8752d97b185f.jpg,detection_train_0158.jpg
train,img_0379_jpg.rf.5e6e6d1909f8174ebb61c21c1c3af860.jpg,detection_train_0159.jpg
train,img_0380_jpg.rf.a47364a759d175f1ccc916ce8f66320f.jpg,detection_train_0160.jpg
train,img_0382_jpg.rf.871e5b387e9dc7ac05bc48acfc8c184b.jpg,detection_train_0161.jpg
train,img_0384_jpg.rf.8509d4efdf06ae6869079d000c7866f0.jpg,detection_train_0162.jpg
train,img_0386_jpg.rf.96790ce2111593cc5dd07a60d76f489a.jpg,detection_train_0163.jpg
train,img_0387_jpg.rf.9fa29d966d624b71a61dcf135b749ba0.jpg,detection_train_0164.jpg
train,img_0388_jpg.rf.b3886e6b05df9bedcf91519baeef2edc.jpg,detection_train_0165.jpg
train,img_0389_jpg.rf.3b88ab93e3045e5bdbb6b1dc78454550.jpg,detection_train_0166.jpg
train,img_0390_jpg.rf.c63d2a353cdd5334deac38c0c34655ed.jpg,detection_train_0167.jpg
train,img_0391_jpg.rf.dc5900630bc8be803f37907bf74891aa.jpg,detection_train_0168.jpg
train,img_0394_jpg.rf.a50019430e65cf1e10744b002f5bcabd.jpg,detection_train_0169.jpg
train,img_0396_jpg.rf.5acf3ef43ac840ff892a9ffab12b9c38.jpg,detection_train_0170.jpg
train,img_0397_jpg.rf.1eed04ef923f08cabfe7728a3ffaf0d4.jpg,detection_train_0171.jpg
train,img_0398_jpg.rf.e1f690e27f4e2c6995a244bbb8f89383.jpg,detection_train_0172.jpg
train,img_0399_jpg.rf.29035caf8f114bba2dbb4947ee2e76c9.jpg,detection_train_0173.jpg
train,img_0400_jpg.rf.4375de0569f5949ee16a67274570d0ed.jpg,detection_train_0174.jpg
train,img_0401_jpg.rf.cd21941140c4c04dbc1664fb918f23e7.jpg,detection_train_0175.jpg
train,img_0402_jpg.rf.59ef71c140870f4e567a1c15aea77ed9.jpg,detection_train_0176.jpg
train,img_0403_jpg.rf.f9c0235de63e7c9341c4b2d80b2eafa1.jpg,detection_train_0177.jpg
train,img_0406_jpg.rf.59ad96d61d192dcd53b118d342a774c3.jpg,detection_train_0178.jpg
train,img_0408_jpg.rf.f31821708dda0a75b2d0ce072663e465.jpg,detection_train_0179.jpg
train,img_0409_jpg.rf.21257f1dd05fec3e4f0dcc7274accb0a.jpg,detection_train_0180.jpg
train,img_0410_jpg.rf.f6c3d278af1abbfc1353787ced5fabf5.jpg,detection_train_0181.jpg
train,img_0411_jpg.rf.c8a45c1149e0354e2b62de335a04472c.jpg,detection_train_0182.jpg
train,img_0412_jpg.rf.deeea4da1762fc2717d7957b545c5b27.jpg,detection_train_0183.jpg
train,img_0413_jpg.rf.a21873d335ced0ae7164f791fc0610dc.jpg,detection_train_0184.jpg
train,img_0414_jpg.rf.6add552374d198b67affa003cd73d0d4.jpg,detection_train_0185.jpg
train,img_0416_jpg.rf.329dae4f73cf72873e03016b6d77e94a.jpg,detection_train_0186.jpg
train,img_0417_jpg.rf.c2e36f3c2212b1cbbc8bdc3719d14d46.jpg,detection_train_0187.jpg
train,img_0418_jpg.rf.abddf3d08c9471bdd616ac08a234ff2e.jpg,detection_train_0188.jpg
train,img_0419_jpg.rf.9dd38db60945e606a5532ebcaf4e2408.jpg,detection_train_0189.jpg
train,img_0420_jpg.rf.165a9dc3e35dfbe541b20f1f263fb461.jpg,detection_train_0190.jpg
train,img_0421_jpg.rf.88996e6fcf338672357f234308c7db24.jpg,detection_train_0191.jpg
train,img_0423_jpg.rf.c7b9bb1e94958450120c6258f54e2cbd.jpg,detection_train_0192.jpg
train,img_0424_jpg.rf.81d003f763325309ccf37b8cf815678d.jpg,detection_train_0193.jpg
train,img_0425_jpg.rf.8d33f2463120856e95449428ed37630b.jpg,detection_train_0194.jpg
train,img_0426_jpg.rf.5be4ee9cfc56ba3f814eba8456ebc55c.jpg,detection_train_0195.jpg
train,img_0427_jpg.rf.8419b77544f48d8c6ac73651b6dfaa02.jpg,detection_train_0196.jpg
train,img_0429_jpg.rf.0d72f74587ae73388eabfe6bd87186ff.jpg,detection_train_0197.jpg
train,img_0430_jpg.rf.35e70f531b5f7ba6b19f54f04d65a03a.jpg,detection_train_0198.jpg
train,img_0431_jpg.rf.b9ea5c5b670349bd87b19f83c12c1e3e.jpg,detection_train_0199.jpg
train,img_0432_jpg.rf.73dffa8a043a8e5483006a4251640df8.jpg,detection_train_0200.jpg
train,img_0435_jpg.rf.bb7bf08a3a135d4c44a3f47914502b99.jpg,detection_train_0201.jpg
train,img_0436_jpg.rf.9ca61549a48c4bd11829fa9149cf4712.jpg,detection_train_0202.jpg
train,img_0437_jpg.rf.683a5a2f124af130715dc11a0bc11652.jpg,detection_train_0203.jpg
train,img_0439_jpg.rf.7858e97337884098ba188203e6fb12dc.jpg,detection_train_0204.jpg
train,img_0440_jpg.rf.90476a0eaa21d60ecc8ec287daab7159.jpg,detection_train_0205.jpg
train,img_0441_jpg.rf.5e6078ac394b642467af5d3b8055ee20.jpg,detection_train_0206.jpg
train,img_0442_jpg.rf.23eb0cb874b472e28182c18c2f8ad2dc.jpg,detection_train_0207.jpg
train,img_0443_jpg.rf.5a93977f5d9f284b4d4292ee3e4ea30e.jpg,detection_train_0208.jpg
train,img_0445_jpg.rf.3feb1a1664b35ee4d5e1b708da760610.jpg,detection_train_0209.jpg
train,img_0446_jpg.rf.37f5d12ef73a71984e2683dc2fbec427.jpg,detection_train_0210.jpg
train,img_0448_jpg.rf.63a0afaf754df68d6b8e8989462306aa.jpg,detection_train_0211.jpg
train,img_0449_jpg.rf.80e6a1109dd19270b1e92c289a787481.jpg,detection_train_0212.jpg
train,img_0450_jpg.rf.94e44adf356d95cee29c12ba81db2c0a.jpg,detection_train_0213.jpg
train,img_0451_jpg.rf.f256c2c41fca607af1d064231deff1d3.jpg,detection_train_0214.jpg
train,img_0452_jpg.rf.68fe1dae0799fcfa82f3780bd956881d.jpg,detection_train_0215.jpg
train,img_0454_jpg.rf.6d790ed56be0b56a6d59aa58ebb3875c.jpg,detection_train_0216.jpg
train,img_0455_jpg.rf.e55cd4f8c8ebe7a44add19cafe020e32.jpg,detection_train_0217.jpg
train,img_0456_jpg.rf.dded1a53564a98c562bd5ea608bb1f08.jpg,detection_train_0218.jpg
train,img_0457_jpg.rf.8d0970e74c52279bb706cf236ac91bf0.jpg,detection_train_0219.jpg
train,img_0458_jpg.rf.67509b6c29608ab6a1fc569693671407.jpg,detection_train_0220.jpg
train,img_0459_jpg.rf.a49884e70b17c26b2b13d544d70464fe.jpg,detection_train_0221.jpg
train,img_0460_jpg.rf.1120c3dd1ac5f162c86a0765165fe8a6.jpg,detection_train_0222.jpg
train,img_0463_jpg.rf.a9b27c5d4aa4befe480ad5cbb53bf97f.jpg,detection_train_0223.jpg
train,img_0465_jpg.rf.7dc00471c56c4be17dec815db1803f38.jpg,detection_train_0224.jpg
train,img_0466_jpg.rf.e59cbae2972a7adb87f48dc55cf15260.jpg,detection_train_0225.jpg
train,img_0467_jpg.rf.e75fee028179a3eafcb8aa9708161e28.jpg,detection_train_0226.jpg
train,img_0468_jpg.rf.f2476adee6085b05e96c691b7a11d572.jpg,detection_train_0227.jpg
train,img_0470_jpg.rf.89db3691ffc7c66c704a00f7820dc7b6.jpg,detection_train_0228.jpg
train,img_0473_jpg.rf.5dbbdf85e795940f9239811e4b0682a5.jpg,detection_train_0229.jpg
train,img_0474_jpg.rf.8f0dbcb502ec69e0a764e4b7c4cf7b1f.jpg,detection_train_0230.jpg
train,img_0475_jpg.rf.7fd6b2a48b46316603535f1e44b1ed5d.jpg,detection_train_0231.jpg
train,img_0476_jpg.rf.925c2b3eb52aa9bcea4cc5550b436ffa.jpg,detection_train_0232.jpg
train,img_0478_jpg.rf.58f924f9dff3d6088ad3a7130b89d5c7.jpg,detection_train_0233.jpg
train,img_0480_jpg.rf.11db9baec9331f14fa8da2f222fe55d3.jpg,detection_train_0234.jpg
train,img_0482_jpg.rf.0bb387a2ea6c8984ac8bc69ef9078fc3.jpg,detection_train_0235.jpg
train,img_0483_jpg.rf.3ec7463c5f43637232dede996e20c33d.jpg,detection_train_0236.jpg
train,img_0484_jpg.rf.4b2a330a1fa37ddccf4ec42f8af68239.jpg,detection_train_0237.jpg
train,img_0485_jpg.rf.d1eea328bde8e0817df6ee50e414541c.jpg,detection_train_0238.jpg
train,img_0486_jpg.rf.28dd838ceb6172cc0b42ac45a03de0b4.jpg,detection_train_0239.jpg
train,img_0487_jpg.rf.741de67d4e6db75a314271657ecffc94.jpg,detection_train_0240.jpg
train,img_0490_jpg.rf.942e1368ce8eb7bfeb1c502f5004b2c5.jpg,detection_train_0241.jpg
train,img_0495_jpg.rf.3aedc98c338275f35e61655cea9c15ca.jpg,detection_train_0242.jpg
train,img_0496_jpg.rf.20921269d33288e224cd811875aafaed.jpg,detection_train_0243.jpg
train,img_0497_jpg.rf.32fc123ffdc77df938eee65e615292df.jpg,detection_train_0244.jpg
train,img_0498_jpg.rf.689a36fcd857ee726339d3e454f6b93b.jpg,detection_train_0245.jpg
train,img_0500_jpg.rf.a623a3ef99635ae5b4b024d2af5029d6.jpg,detection_train_0246.jpg
train,img_0501_jpg.rf.dd458ce542531b2d5d22db2f77623817.jpg,detection_train_0247.jpg
train,img_0502_jpg.rf.d282f020832fa4f026743e0e6357b137.jpg,detection_train_0248.jpg
train,img_0503_jpg.rf.7085b1eb3a6af658277a3bdcceda1743.jpg,detection_train_0249.jpg
train,img_0504_jpg.rf.3fde032c0ce0152c836337239addb8a3.jpg,detection_train_0250.jpg
train,img_0505_jpg.rf.3d76860bf30830f7900399a48e3f2b1e.jpg,detection_train_0251.jpg
train,img_0506_jpg.rf.75545c68a8be8109811b035406cfeca6.jpg,detection_train_0252.jpg
train,img_0507_jpg.rf.24d205f5fba123bef89ca333df0b4b29.jpg,detection_train_0253.jpg
train,img_0509_jpg.rf.759c1b396593ce70a75da5fbc564c85d.jpg,detection_train_0254.jpg
train,img_0510_jpg.rf.10e0be4de03e3e488135897609db8b87.jpg,detection_train_0255.jpg
train,img_0512_jpg.rf.6a11bb6de4e94f7af6cc24db94c42b7b.jpg,detection_train_0256.jpg
train,img_0513_jpg.rf.3b93c424b3da916f73964a7d322a350c.jpg,detection_train_0257.jpg
train,img_0515_jpg.rf.2010953b6c699d1f699ea6330bf8f326.jpg,detection_train_0258.jpg
train,img_0516_jpg.rf.1c8d75de3c993920341f08fb55033df0.jpg,detection_train_0259.jpg
train,img_0517_jpg.rf.e8630ba97ad82a9ef18f7c303bd94867.jpg,detection_train_0260.jpg
train,img_0518_jpg.rf.9251ea1bcbf56215550ed2d663f4b4d2.jpg,detection_train_0261.jpg
train,img_0519_jpg.rf.9b60f7f785f8f143294c78356895303e.jpg,detection_train_0262.jpg
train,img_0520_jpg.rf.22c6b094060d00135f2051710307d594.jpg,detection_train_0263.jpg
train,img_0521_jpg.rf.44420a68cb31ef35f4e0cddab55c4bb6.jpg,detection_train_0264.jpg
train,img_0522_jpg.rf.110f821c154030310aabe15cd2eccf74.jpg,detection_train_0265.jpg
train,img_0523_jpg.rf.f0a041c5672fcff883dd6113c2379ab8.jpg,detection_train_0266.jpg
train,img_0524_jpg.rf.41213924722009445ee7e51fb0ed6f3b.jpg,detection_train_0267.jpg
train,img_0525_jpg.rf.b36dc9720eefd0e519168138edbab3f1.jpg,detection_train_0268.jpg
train,img_0528_jpg.rf.37118c899637cac358c1753f85cf5252.jpg,detection_train_0269.jpg
train,img_0529_jpg.rf.bf02747277ea2b2e46fdb45c24717581.jpg,detection_train_0270.jpg
train,img_0530_jpg.rf.7d7b183e05d3b149325b9bf535f17578.jpg,detection_train_0271.jpg
train,img_0531_jpg.rf.9a953e28bc4a06ec1e070d1732aec1da.jpg,detection_train_0272.jpg
train,img_0532_jpg.rf.3aa2786ee0870495bd151799abbcae37.jpg,detection_train_0273.jpg
train,img_0533_jpg.rf.93de85d3f34ff87a9dbe262a199fa055.jpg,detection_train_0274.jpg
train,img_0534_jpg.rf.7c86f815079d9dacf71e5342ad25d402.jpg,detection_train_0275.jpg
train,img_0535_jpg.rf.1cd513541e6fabdf1c8be2fbd1bc5eb0.jpg,detection_train_0276.jpg
train,img_0538_jpg.rf.885e2d9121fa588ed30250312cf5578c.jpg,detection_train_0277.jpg
train,img_0539_jpg.rf.51e9c805720199a63d1f8ebbcbe8d00b.jpg,detection_train_0278.jpg
train,img_0540_jpg.rf.ad0fb464568df7a3d00925a68be22341.jpg,detection_train_0279.jpg
train,img_0541_jpg.rf.5624523ec901564f4e1b834fabc67ff1.jpg,detection_train_0280.jpg
train,img_0543_jpg.rf.a9bec2983a2731881148ac8a0ee32c52.jpg,detection_train_0281.jpg
train,img_0544_jpg.rf.5cba9c070605640b449c3dc433ba2277.jpg,detection_train_0282.jpg
train,img_0545_jpg.rf.47a4fc818c7e900f2edbf069287fa6ee.jpg,detection_train_0283.jpg
train,img_0546_jpg.rf.dd2b3b8930c895cbfb3e42deb1c6e664.jpg,detection_train_0284.jpg
train,img_0547_jpg.rf.5ffc51648ea94160419de24b99163236.jpg,detection_train_0285.jpg
train,img_0548_jpg.rf.a141fe3ee0b857d4e330b2a84cc7c70a.jpg,detection_train_0286.jpg
train,img_0549_jpg.rf.d097ce2f9e42e70b560b93ff64386085.jpg,detection_train_0287.jpg
train,img_0550_jpg.rf.2af3a4e047d3277921c73b10746c614c.jpg,detection_train_0288.jpg
train,img_0551_jpg.rf.23c3e469fa7ad0ab029b9a204c6aeca7.jpg,detection_train_0289.jpg
train,img_0552_jpg.rf.a692a4db8a40fbf14ceab99178fc4ba9.jpg,detection_train_0290.jpg
train,img_0554_jpg.rf.a33657efdf3cf7b494b410de6b85aff1.jpg,detection_train_0291.jpg
train,img_0556_jpg.rf.5d0f1fb76287074c15c6d9f59a3c3cad.jpg,detection_train_0292.jpg
train,img_0558_jpg.rf.1fc888427fca696a59d0bbec45cfa94a.jpg,detection_train_0293.jpg
train,img_0559_jpg.rf.b26b92cc6cbfdaea02fbf2a84767d90a.jpg,detection_train_0294.jpg
train,img_0561_jpg.rf.1c65de6ab124d95dc3d769cb1c6a070f.jpg,detection_train_0295.jpg
train,img_0562_jpg.rf.2676115c20053f56951049916ee5a295.jpg,detection_train_0296.jpg
train,img_0563_jpg.rf.8123d33ced9134ceb4da1d23416b8f8e.jpg,detection_train_0297.jpg
train,img_0564_jpg.rf.40494a009f629539360b09068d27837d.jpg,detection_train_0298.jpg
train,img_0565_jpg.rf.f1a195dbc2b23556854387551c152190.jpg,detection_train_0299.jpg
train,img_0566_jpg.rf.619ba1986644e3f0cc8cdafd59c42881.jpg,detection_train_0300.jpg
train,img_0567_jpg.rf.04abaf2caca2b6bf74279e47d041d8da.jpg,detection_train_0301.jpg
train,img_0568_jpg.rf.c507fc227f920da1b922987d6254ffe7.jpg,detection_train_0302.jpg
train,img_0569_jpg.rf.a6e9d14c3ead2109973fe01ed932a752.jpg,detection_train_0303.jpg
train,img_0570_jpg.rf.c23706e1fecbc0f570678b965d83797c.jpg,detection_train_0304.jpg
train,img_0571_jpg.rf.125ce5992a77c9055adf841cd0f25d86.jpg,detection_train_0305.jpg
train,img_0572_jpg.rf.dc7c79ab747aaca3b6422af01156e572.jpg,detection_train_0306.jpg
train,img_0573_jpg.rf.25418f48e927f703e27832c740021745.jpg,detection_train_0307.jpg
train,img_0574_jpg.rf.af424ff10f3a84036f8113c52d569686.jpg,detection_train_0308.jpg
train,img_0575_jpg.rf.66f30b63668ac2c3b861d64d15650081.jpg,detection_train_0309.jpg
train,img_0577_jpg.rf.18a3033d5e15b2a994b537546504db39.jpg,detection_train_0310.jpg
train,img_0579_jpg.rf.a660e05c812f7c2bcd6e73faa6b40258.jpg,detection_train_0311.jpg
train,img_0580_jpg.rf.4ee31c68b2a7a371aaa6f2c23865d955.jpg,detection_train_0312.jpg
train,img_0585_jpg.rf.5b784333b87d10ba7f85db10a503e1ca.jpg,detection_train_0313.jpg
train,img_0586_jpg.rf.128c63500190cb604ee6647c64fc7661.jpg,detection_train_0314.jpg
train,img_0587_jpg.rf.bc70fa5e33df8ea8acdb153ab3e81bc5.jpg,detection_train_0315.jpg
train,img_0589_jpg.rf.a22eeac4eb602c4d1acd5ec4a9b2bbd6.jpg,detection_train_0316.jpg
train,img_0590_jpg.rf.c5caadd30cf9a332fa7652dba9ec9314.jpg,detection_train_0317.jpg
train,img_0593_jpg.rf.f84042d4de1c1b6bc371927891cbbfd3.jpg,detection_train_0318.jpg
train,img_0594_jpg.rf.d35c676cc24772c1a0e20bae81765128.jpg,detection_train_0319.jpg
train,img_0595_jpg.rf.66ff2ac3cf2c7273b582bf549053c170.jpg,detection_train_0320.jpg
train,img_0597_jpg.rf.f32309286bebfc53b8ed92c04aa72950.jpg,detection_train_0321.jpg
train,img_0598_jpg.rf.35a6d6da6bf4038b7a09a2cdf7c2d2a8.jpg,detection_train_0322.jpg
train,img_0599_jpg.rf.2e2063a8b6774a266b4097482ccf2a17.jpg,detection_train_0323.jpg
train,img_0602_jpg.rf.9121d41bd270e1f6e1f6409f1412f5ab.jpg,detection_train_0324.jpg
train,img_0603_jpg.rf.8ad37905e1789a779a7779450a084ae6.jpg,detection_train_0325.jpg
train,img_0604_jpg.rf.1539020083db5259787a555e8073fc88.jpg,detection_train_0326.jpg
train,img_0607_jpg.rf.6a2f0dc26bc3b6deee451ec19d816c09.jpg,detection_train_0327.jpg
train,img_0608_jpg.rf.0a970ca86b4456a74bd9813c1f77ea51.jpg,detection_train_0328.jpg
train,img_0609_jpg.rf.6f84fcf318b4d33e4031fdd1a097a1f7.jpg,detection_train_0329.jpg
train,img_0611_jpg.rf.5abb80fe7900c3e1b8f0d21e3c869b51.jpg,detection_train_0330.jpg
train,img_0613_jpg.rf.8968aebee6d9a09fd9eaf4269d82bb8a.jpg,detection_train_0331.jpg
train,img_0614_jpg.rf.b6e0390ed73d71e466e3680f90cd291f.jpg,detection_train_0332.jpg
train,img_0617_jpg.rf.b5c564b51bc1fad4b12459df87ce73e8.jpg,detection_train_0333.jpg
train,img_0618_jpg.rf.64a1235b6a1494d1daaa2128800b3a52.jpg,detection_train_0334.jpg
train,img_0619_jpg.rf.0f78202ab268c1cafb2807ce1a7ff3f4.jpg,detection_train_0335.jpg
train,img_0620_jpg.rf.b9db56501825f54fcf3dc9c798a19c85.jpg,detection_train_0336.jpg
train,img_0622_jpg.rf.69e598cda9cd991d8699dc7033d0a2f7.jpg,detection_train_0337.jpg
train,img_0623_jpg.rf.77a29d84ec36d2878eae352b63607c88.jpg,detection_train_0338.jpg
train,img_0625_jpg.rf.c2275c387e7a7b0c6dfb9fa8e86d13a4.jpg,detection_train_0339.jpg
train,img_0627_jpg.rf.81b297b1e50158b1b069d198260e208e.jpg,detection_train_0340.jpg
train,img_0628_jpg.rf.a41e7bd3c70cd83d2d391376b8885a16.jpg,detection_train_0341.jpg
train,img_0629_jpg.rf.a0f2879ac9fd8d775d103dfcf0e726cc.jpg,detection_train_0342.jpg
train,img_0631_jpg.rf.780834716e05eedbe96843aa7227c480.jpg,detection_train_0343.jpg
train,img_0634_jpg.rf.af86ef6d9c8bd5e29ddea51388516c2f.jpg,detection_train_0344.jpg
train,img_0639_jpg.rf.54ba02347bf7f4b7fffd2567be580e4a.jpg,detection_train_0345.jpg
train,img_0640_jpg.rf.96d79a9419b00e06e6c1ecd2c6d4596b.jpg,detection_train_0346.jpg
train,img_0642_jpg.rf.51ff1f46d04715f9ec7a3e67acd0b15c.jpg,detection_train_0347.jpg
train,img_0643_jpg.rf.712c3ea2c0023fddd53b67cc40c8e4e0.jpg,detection_train_0348.jpg
train,img_0644_jpg.rf.9b073963805ad60ee2900999fcd6bca5.jpg,detection_train_0349.jpg
train,img_0645_jpg.rf.33754d32fe5c4085b7605dc4298d0120.jpg,detection_train_0350.jpg
train,img_0646_jpg.rf.e9328dd5805301dfe56aa3a36c75f705.jpg,detection_train_0351.jpg
train,img_0648_jpg.rf.0d46a7f73187277ea6655029d2fe829c.jpg,detection_train_0352.jpg
train,img_0649_jpg.rf.241fcf33fa62e1a0ea258fd52b174d78.jpg,detection_train_0353.jpg
train,img_0650_jpg.rf.8fd9cd5d4993e18588b8673dbb70a551.jpg,detection_train_0354.jpg
train,img_0652_jpg.rf.a44e3ed050e6ad46f775322b200202bd.jpg,detection_train_0355.jpg
train,img_0654_jpg.rf.8d5507c3c8a031cd6357b751a1ad2449.jpg,detection_train_0356.jpg
train,img_0655_jpg.rf.bc75218ce3520fa78c98946e42f607f9.jpg,detection_train_0357.jpg
train,img_0656_jpg.rf.5b5cb74e3eb280ea098650bbf11cb551.jpg,detection_train_0358.jpg
train,img_0658_jpg.rf.1e1b2a13e1061639fde9ba3cd8ffb614.jpg,detection_train_0359.jpg
train,img_0659_jpg.rf.9ef0ce67dbf7cc068732014f32138209.jpg,detection_train_0360.jpg
train,img_0663_jpg.rf.400765cc93eb8d75226d024ebd8e97cb.jpg,detection_train_0361.jpg
train,img_0664_jpg.rf.da215912a5d473e2e5941fb0a074b481.jpg,detection_train_0362.jpg
train,img_0665_jpg.rf.fe70dbc5e30af490c09fc3467532a782.jpg,detection_train_0363.jpg
train,img_0667_jpg.rf.ad985c234ac2f865fa02d2721793633c.jpg,detection_train_0364.jpg
train,img_0669_jpg.rf.0d7a54f2858520e503fec3b24482be23.jpg,detection_train_0365.jpg
train,img_0670_jpg.rf.09ee2e2c23d6b998ea8f2eec2b72d0a0.jpg,detection_train_0366.jpg
train,img_0671_jpg.rf.18183c73e2ce5fecfd9b19b49d1933a9.jpg,detection_train_0367.jpg
train,img_0672_jpg.rf.f95da8f8c20acfbc989cb28fa76c8524.jpg,detection_train_0368.jpg
train,img_0673_jpg.rf.acbe910a165758a25f1de027b00dd787.jpg,detection_train_0369.jpg
train,img_0675_jpg.rf.e8717ca62f0286514becdfb82d2d674e.jpg,detection_train_0370.jpg
train,img_0676_jpg.rf.22146e1f298f521a74bd7c7d4f9d87f0.jpg,detection_train_0371.jpg
train,img_0677_jpg.rf.ffdd272e9018bcdd5395eafb385e4d5f.jpg,detection_train_0372.jpg
train,img_0679_jpg.rf.8ba3d6718a2dcba4522205f49be256e4.jpg,detection_train_0373.jpg
train,img_0680_jpg.rf.349beba71a6532dfcdb2094faf35ca3c.jpg,detection_train_0374.jpg
train,img_0682_jpg.rf.422b70d505cd2e59cf0b2d4eb40a47ce.jpg,detection_train_0375.jpg
train,img_0683_jpg.rf.565cbd85efba3f004b06c98733e3495a.jpg,detection_train_0376.jpg
train,img_0685_jpg.rf.0168bfddde98f1ff4542373f21d0775e.jpg,detection_train_0377.jpg
train,img_0686_jpg.rf.94b73b55c12efa8837944467d19cca35.jpg,detection_train_0378.jpg
train,img_0687_jpg.rf.32db59e0884bd639fdee0780775520dd.jpg,detection_train_0379.jpg
train,img_0689_jpg.rf.b1c14e6f657ff8d8e729fefa8d275e5d.jpg,detection_train_0380.jpg
train,img_0694_jpg.rf.cd28ba952681860560645704026ecef6.jpg,detection_train_0381.jpg
train,img_0695_jpg.rf.957677345d919deda73ae67b9e10766b.jpg,detection_train_0382.jpg
train,img_0696_jpg.rf.b7c4438176e54bb0e78c18d7f759701a.jpg,detection_train_0383.jpg
train,img_0697_jpg.rf.44c5b5fd7f06ea1977118e12bafb7cd6.jpg,detection_train_0384.jpg
train,img_0699_jpg.rf.30da02a9f6ccb7fe1f6a475aa21c74a1.jpg,detection_train_0385.jpg
train,img_0700_jpg.rf.3e4dc2700023534ab10226e7c89c6d45.jpg,detection_train_0386.jpg
train,img_0702_jpg.rf.db7859155ccfc9978f3a7cefe2ba14a3.jpg,detection_train_0387.jpg
train,img_0703_jpg.rf.cb7f817c467a6fcafe93882b0d8930cf.jpg,detection_train_0388.jpg
train,img_0704_jpg.rf.61699ff2ecb2bae1d749bcc8d2c807be.jpg,detection_train_0389.jpg
train,img_0706_jpg.rf.e829bae9ed3cbb3dc44c8b50305b75c5.jpg,detection_train_0390.jpg
train,img_0707_jpg.rf.9758664154b2d8ecd18e56b609844f56.jpg,detection_train_0391.jpg
train,img_0708_jpg.rf.d823948bcde283def7dc9acffd12d7a5.jpg,detection_train_0392.jpg
train,img_0709_jpg.rf.cea43e2a6f1521fbce53f40178b6de4a.jpg,detection_train_0393.jpg
train,img_0712_jpg.rf.3c5ab27a211691eb6aa249277316967a.jpg,detection_train_0394.jpg
train,img_0713_jpg.rf.0e5a79bdf7e6c05c8d4074415499ba1c.jpg,detection_train_0395.jpg
train,img_0714_jpg.rf.6afd471e8fe6ed6a7c25346e063e9f76.jpg,detection_train_0396.jpg
train,img_0715_jpg.rf.790f6cffd5a6be9b81c4b85f0430698a.jpg,detection_train_0397.jpg
train,img_0716_jpg.rf.18d29dd3763dd893ec8564d06a929c5c.jpg,detection_train_0398.jpg
train,img_0717_jpg.rf.4f4d92b88e191b3a6f417fe0ab864423.jpg,detection_train_0399.jpg
train,img_0718_jpg.rf.0fd157ac0af09fc3df7fcbc40d663399.jpg,detection_train_0400.jpg
train,img_0719_jpg.rf.38ffef273d2cadd0c5fcae3b6b8632fd.jpg,detection_train_0401.jpg
train,img_0721_jpg.rf.bf4d013d99f6dda3b5948efc785fbc1d.jpg,detection_train_0402.jpg
train,img_0722_jpg.rf.a48c272fe7c8af580febc06b4c6cabf2.jpg,detection_train_0403.jpg
train,img_0723_jpg.rf.4c788a1c14ec62805572543b68f7aa35.jpg,detection_train_0404.jpg
train,img_0724_jpg.rf.f8a9aea450c01ae5fd3242c427d2e2a8.jpg,detection_train_0405.jpg
train,img_0725_jpg.rf.22cf721bb116f1854cfe18bdcc3a1364.jpg,detection_train_0406.jpg
train,img_0727_jpg.rf.39938f293a07e29feb19c48d17c44c63.jpg,detection_train_0407.jpg
train,img_0729_jpg.rf.00053fb3bce5a00bb93429ce6ca38106.jpg,detection_train_0408.jpg
train,img_0730_jpg.rf.78ab0d0ecc1d2523374368233bbcb5ef.jpg,detection_train_0409.jpg
train,img_0731_jpg.rf.6912126ff157a361f941eb78a250b958.jpg,detection_train_0410.jpg
train,img_0733_jpg.rf.e82aebcec12a27137fac40aa449cf9f9.jpg,detection_train_0411.jpg
train,img_0734_jpg.rf.aa866fef0c424af3a983c95ffc2936a1.jpg,detection_train_0412.jpg
train,img_0735_jpg.rf.5ae6b6744efc01f02a4fe1481b8b8b72.jpg,detection_train_0413.jpg
train,img_0736_jpg.rf.2d54850742d94be6e1e39f0e8dd60098.jpg,detection_train_0414.jpg
train,img_0741_jpg.rf.45e9e25487e0ba0c1b698e994ef58bbe.jpg,detection_train_0415.jpg
train,img_0743_jpg.rf.035fe4734e8b3b0223014c6537dfdeb0.jpg,detection_train_0416.jpg
train,img_0744_jpg.rf.3c26ed6f34c7047f75da377b7c74f84f.jpg,detection_train_0417.jpg
train,img_0745_jpg.rf.6a9988258fa5d95b925042eadba4bfad.jpg,detection_train_0418.jpg
train,img_0746_jpg.rf.d7f118823d46293c029f4508037119a0.jpg,detection_train_0419.jpg
train,img_0747_jpg.rf.6ebcc58d30794bb5255c7b884cfe319b.jpg,detection_train_0420.jpg
train,img_0748_jpg.rf.222adee5981c33e4c297a8d145aec263.jpg,detection_train_0421.jpg
train,img_0751_jpg.rf.f4ec000f0eae02f1b84503a849b40bd2.jpg,detection_train_0422.jpg
train,img_0752_jpg.rf.02595bb9810a4c6b0bf10dc4d23f32ac.jpg,detection_train_0423.jpg
train,img_0753_jpg.rf.e4615888e949502e56bc3279bc8692bd.jpg,detection_train_0424.jpg
train,img_0755_jpg.rf.be193bebcbeab811ab739423f7c47b03.jpg,detection_train_0425.jpg
train,img_0756_jpg.rf.eef76297fa77743373c85f8a126bb939.jpg,detection_train_0426.jpg
train,img_0757_jpg.rf.39f7905f48ac40638fd1c4d7f35a2a87.jpg,detection_train_0427.jpg
train,img_0758_jpg.rf.76cbb3c899956b7c346d483c9070dffd.jpg,detection_train_0428.jpg
train,img_0760_jpg.rf.66f1417402c193f3ced1f4c0efe91409.jpg,detection_train_0429.jpg
train,img_0761_jpg.rf.9402c5c908dcce41e64b1fdc7b4b341f.jpg,detection_train_0430.jpg
train,img_0762_jpg.rf.c049e3bc7d179f76d4b5f02a66df9a62.jpg,detection_train_0431.jpg
train,img_0763_jpg.rf.e14167271b6e31423d42d82e60cf3f38.jpg,detection_train_0432.jpg
train,img_0765_jpg.rf.7b99f6dff1ff76fa6fac06ba43e76258.jpg,detection_train_0433.jpg
train,img_0766_jpg.rf.ec4d7e0778249eddf12ba806844b45ca.jpg,detection_train_0434.jpg
train,img_0768_jpg.rf.ef53e938476c848444e463f566ef13ba.jpg,detection_train_0435.jpg
train,img_0769_jpg.rf.5a73bc920aa7418dcc004430b729fe41.jpg,detection_train_0436.jpg
train,img_0770_jpg.rf.f5e5e50fa0981c4ff9c429cc53510f8f.jpg,detection_train_0437.jpg
train,img_0771_jpg.rf.e99cc34e764e4507f9e1ea9ab63b3c26.jpg,detection_train_0438.jpg
train,img_0772_jpg.rf.a7c6ff5284a0ff18b03ff3634cb3d845.jpg,detection_train_0439.jpg
train,img_0773_jpg.rf.9b9cc60e7fe1fef104043ccc1e379bf8.jpg,detection_train_0440.jpg
train,img_0774_jpg.rf.be367bd3ffcc7b35157c47500a7b919d.jpg,detection_train_0441.jpg
train,img_0779_jpg.rf.16bdab71fff852ed2c06036f866ce1bc.jpg,detection_train_0442.jpg
train,img_0780_jpg.rf.e6c66114981f1ed9488102af3791e8d3.jpg,detection_train_0443.jpg
train,img_0781_jpg.rf.1c09f58e4ff01478ae4e02e15ae57d5f.jpg,detection_train_0444.jpg
train,img_0782_jpg.rf.3770cb28a3bad3fe94992a01ec0a2d61.jpg,detection_train_0445.jpg
train,img_0786_jpg.rf.196066e4cfd94e2a5a269c6d2b9c9608.jpg,detection_train_0446.jpg
train,img_0788_jpg.rf.9ff991f11e9822a530a3ac6560cf675d.jpg,detection_train_0447.jpg
train,img_0789_jpg.rf.5f460f0d03cd9e66158ceb6c871cf7de.jpg,detection_train_0448.jpg
train,img_0790_jpg.rf.c52eb9f60c190b12fc95f315ad4b168d.jpg,detection_train_0449.jpg
train,img_0792_jpg.rf.acba23f8e30578340ba626d4eb0f4e4b.jpg,detection_train_0450.jpg
train,img_0793_jpg.rf.012d4aca44eafb9625c6b41ed27a41b0.jpg,detection_train_0451.jpg
train,img_0796_jpg.rf.f3340f80d70e6798085f10e3ace85d8d.jpg,detection_train_0452.jpg
train,img_0797_jpg.rf.93ac84a441aca320b2ff04a553455a08.jpg,detection_train_0453.jpg
train,img_0798_jpg.rf.4c12282db8b23b86b53567e2758893fb.jpg,detection_train_0454.jpg
train,img_0801_jpg.rf.79028c41043c31403437012920847653.jpg,detection_train_0455.jpg
train,img_0802_jpg.rf.ec0101e82657fbb6e34b0f868713fe40.jpg,detection_train_0456.jpg
train,img_0803_jpg.rf.0b566123cdabdc3a71e797bc2883a6c5.jpg,detection_train_0457.jpg
train,img_0804_jpg.rf.a3756cc9685aef5b09177187a4342bcd.jpg,detection_train_0458.jpg
train,img_0805_jpg.rf.1e362fe61fe02f1c0348f6b976251564.jpg,detection_train_0459.jpg
train,img_0806_jpg.rf.ca4edf804967814f6b59bde1b3623b4e.jpg,detection_train_0460.jpg
train,img_0807_jpg.rf.9ce0c9959cc37ac886b30430c69c86d8.jpg,detection_train_0461.jpg
train,img_0808_jpg.rf.21bf9ff7cbd209a9cab25e1e71874572.jpg,detection_train_0462.jpg
train,img_0809_jpg.rf.e55c94c077ba9283bf88e18ea712d19b.jpg,detection_train_0463.jpg
train,img_0811_jpg.rf.b4df6c819ddb0b41c85b3d4908bfd363.jpg,detection_train_0464.jpg
train,img_0812_jpg.rf.bd2ad280e001267d99032bed60749873.jpg,detection_train_0465.jpg
train,img_0813_jpg.rf.24690b058ab0864a7f95bf6494845edc.jpg,detection_train_0466.jpg
train,img_0814_jpg.rf.86f0fdda11b6208a3addea9edd558218.jpg,detection_train_0467.jpg
train,img_0816_jpg.rf.66b849b9e4efb34146cce82c780c280d.jpg,detection_train_0468.jpg
train,img_0817_jpg.rf.53a3d967d06165d39822008951815fae.jpg,detection_train_0469.jpg
train,img_0818_jpg.rf.fc76ebca8e57d805206bfd9c1c076a43.jpg,detection_train_0470.jpg
train,img_0819_jpg.rf.871d15ccb78bc05a8e18d2606f90f29e.jpg,detection_train_0471.jpg
train,img_0824_jpg.rf.a5c93542b14a7834ecdadcfa10d332af.jpg,detection_train_0472.jpg
train,img_0825_jpg.rf.cbabb55bd83a9335647f52dd7edddd5f.jpg,detection_train_0473.jpg
train,img_0827_jpg.rf.94a4d16c16d4243eeb0a25c2af57c6ab.jpg,detection_train_0474.jpg
train,img_0828_jpg.rf.3b653bcfd40cdb979d23b5417b662108.jpg,detection_train_0475.jpg
train,img_0829_jpg.rf.93bb6922fce596f1a71e1ee651aff738.jpg,detection_train_0476.jpg
train,img_0830_jpg.rf.eb4f5320f288527b553026a0cfb9b7a3.jpg,detection_train_0477.jpg
train,img_0831_jpg.rf.7eced12cca7efca530555c79a08ef92e.jpg,detection_train_0478.jpg
train,img_0832_jpg.rf.45d1ec34d36fbe6ce45f598d4afc1234.jpg,detection_train_0479.jpg
train,img_0833_jpg.rf.1082e2ac522562532cd7a42bc6623e6e.jpg,detection_train_0480.jpg
train,img_0834_jpg.rf.83a17c3401ea916cbf076f0fbcea492e.jpg,detection_train_0481.jpg
train,img_0837_jpg.rf.be03eb59d268d18d88a6c03f536a5fca.jpg,detection_train_0482.jpg
train,img_0839_jpg.rf.3f380dd838767efdcaadae1ce89e4e05.jpg,detection_train_0483.jpg
train,img_0840_jpg.rf.3e98eb6078b5ed1c1a3387573baea797.jpg,detection_train_0484.jpg
train,img_0841_jpg.rf.91002a87d2421d35f295cb4cc1eb9f4c.jpg,detection_train_0485.jpg
train,img_0843_jpg.rf.89161a4e42b55ec2bacd205e7e550559.jpg,detection_train_0486.jpg
train,img_0844_jpg.rf.262aca245461348edb36164d2bbda305.jpg,detection_train_0487.jpg
train,img_0845_jpg.rf.f21590ef52e694eab166ee532dc1b227.jpg,detection_train_0488.jpg
train,img_0846_jpg.rf.2f683734c9537c5489245c876a1b80cb.jpg,detection_train_0489.jpg
train,img_0847_jpg.rf.9c6568168a5c4f02ff58613dbbda3fcc.jpg,detection_train_0490.jpg
train,img_0848_jpg.rf.8afe7540c66e1f2573f370d77415fac3.jpg,detection_train_0491.jpg
train,img_0849_jpg.rf.126f98ec368eb0921f1ff15dcf62cd57.jpg,detection_train_0492.jpg
train,img_0850_jpg.rf.cd060f9f85dcd786eaa96442a04e2c42.jpg,detection_train_0493.jpg
train,img_0851_jpg.rf.dbaeace7236dbe22df54bad4227e17f2.jpg,detection_train_0494.jpg
train,img_0852_jpg.rf.2eccf94e8a540a9f0d92635bd7372269.jpg,detection_train_0495.jpg
train,img_0853_jpg.rf.948cfdc4c75a4d40e5103ab9fa4e537b.jpg,detection_train_0496.jpg
train,img_0855_jpg.rf.df2af4f5a7b7aa3e48f7ae28f1f0b8f4.jpg,detection_train_0497.jpg
train,img_0856_jpg.rf.df9c837eb816700135069c0a6bef9e64.jpg,detection_train_0498.jpg
train,img_0858_jpg.rf.91ec8565d36479a08e27fe632d8d8e1d.jpg,detection_train_0499.jpg
train,img_0859_jpg.rf.6752e33f82eb8bf2678e1af93456fbaf.jpg,detection_train_0500.jpg
train,img_0861_jpg.rf.22b1cb66090d60704be6dbf7c1df3f5e.jpg,detection_train_0501.jpg
train,img_0862_jpg.rf.037975ec1074c7995d6f7abb89588751.jpg,detection_train_0502.jpg
train,img_0863_jpg.rf.9a6e365d262f9923df2203d498514dc3.jpg,detection_train_0503.jpg
train,img_0864_jpg.rf.846b9c106ddcb0b88d87c7bd5f2209fe.jpg,detection_train_0504.jpg
train,img_0865_jpg.rf.f4045565bf8293457de296bf7512ac09.jpg,detection_train_0505.jpg
train,img_0867_jpg.rf.9376c8d2dcc1cdc32fd93ff8a8cbb59d.jpg,detection_train_0506.jpg
train,img_0871_jpg.rf.f64bf1bd77b628b8f64bcaaaeeaa878e.jpg,detection_train_0507.jpg
train,img_0872_jpg.rf.328df7214fb6888a19725be2025baf65.jpg,detection_train_0508.jpg
train,img_0875_jpg.rf.dd0be7c8326397eeee496ed8377ba100.jpg,detection_train_0509.jpg
train,img_0879_jpg.rf.c2503b85ab2653fc8c3aa6aff6956c8b.jpg,detection_train_0510.jpg
train,img_0880_jpg.rf.fa48449a4776ff49bc489d53b7830c77.jpg,detection_train_0511.jpg
train,img_0882_jpg.rf.264843ecd7ad7e6989c1869f10f15c8e.jpg,detection_train_0512.jpg
train,img_0883_jpg.rf.4454c4af3bfee075ea5c186ff0566bb3.jpg,detection_train_0513.jpg
train,img_0884_jpg.rf.d3781b61067fc7bcbe1c28a5ed287008.jpg,detection_train_0514.jpg
train,img_0889_jpg.rf.25f893859b8685ae5988821402982e59.jpg,detection_train_0515.jpg
train,img_0890_jpg.rf.bcb93337c575948b33d4156b579048e0.jpg,detection_train_0516.jpg
train,img_0893_jpg.rf.32df418777cd49a84e509dc4ece61ae9.jpg,detection_train_0517.jpg
train,img_0894_jpg.rf.637a9253ba3f344f48181b190ccf30c4.jpg,detection_train_0518.jpg
train,img_0895_jpg.rf.5602c376e57eaa1b3ecf51e16b3b9ff0.jpg,detection_train_0519.jpg
train,img_0896_jpg.rf.a07764f08fcf938921d85cc12b9cc26d.jpg,detection_train_0520.jpg
train,img_0897_jpg.rf.ef0396ecbdf4f5c52675a3984758ca0a.jpg,detection_train_0521.jpg
train,img_0898_jpg.rf.3edbf688c5da181b52510d106529608b.jpg,detection_train_0522.jpg
train,img_0899_jpg.rf.020487c2b7ef43bd67197e4becee1ea7.jpg,detection_train_0523.jpg
train,img_0900_jpg.rf.b1453d4a60bb4c1dc21498dc757650dc.jpg,detection_train_0524.jpg
train,img_0901_jpg.rf.01de52812a4f9faa3ab4e4b736d029d9.jpg,detection_train_0525.jpg
train,img_0902_jpg.rf.9896f0c7afbacc516737173f429960b9.jpg,detection_train_0526.jpg
train,img_0903_jpg.rf.d637ff3748add09e46add8913355ffd6.jpg,detection_train_0527.jpg
train,img_0904_jpg.rf.3d76ab27a2b11c807703eef4af91cf15.jpg,detection_train_0528.jpg
train,img_0906_jpg.rf.241334705be67b06f3c7bd70e26181ff.jpg,detection_train_0529.jpg
train,img_0907_jpg.rf.af50d25131cdacc90fdd54d306a7cc91.jpg,detection_train_0530.jpg
train,img_0908_jpg.rf.484ec8b2738bfba5169d84be9a99c5ff.jpg,detection_train_0531.jpg
train,img_0909_jpg.rf.0896cdb376cb97dee59ce99460c24f03.jpg,detection_train_0532.jpg
train,img_0910_jpg.rf.df39ccc59788698c7626c1590a2850f5.jpg,detection_train_0533.jpg
train,img_0911_jpg.rf.34580c3e3c907a5fd1e8f4394c116c8b.jpg,detection_train_0534.jpg
train,img_0912_jpg.rf.bb0bd22e57d8101829d9ec43a7678838.jpg,detection_train_0535.jpg
train,img_0914_jpg.rf.a9886d995012a0c5ea655b756f98e307.jpg,detection_train_0536.jpg
train,img_0916_jpg.rf.57252d3e2835644063f71eca17fee4b9.jpg,detection_train_0537.jpg
train,img_0917_jpg.rf.1ecd3d2e65f466df2ec7470c4343b828.jpg,detection_train_0538.jpg
train,img_0919_jpg.rf.b326cf61c8f1d92feff2ab005318c931.jpg,detection_train_0539.jpg
train,img_0920_jpg.rf.2c7d9ed362e7d9e84f65ce0b6fc89f52.jpg,detection_train_0540.jpg
train,img_0921_jpg.rf.e0add2213d909ce82dbbd2942598154f.jpg,detection_train_0541.jpg
train,img_0922_jpg.rf.2316e82e45f965dc0e14493c2cc972a1.jpg,detection_train_0542.jpg
train,img_0923_jpg.rf.71ee2fd01cc7926fb8839e29483eb21f.jpg,detection_train_0543.jpg
train,img_0925_jpg.rf.556e1d19b58a3940f88e122045b77e30.jpg,detection_train_0544.jpg
train,img_0927_jpg.rf.f48420d31bce7bcb92e73060c2b8b340.jpg,detection_train_0545.jpg
train,img_0928_jpg.rf.c0c15849f9caf0983b4003f8c0205bd1.jpg,detection_train_0546.jpg
train,img_0929_jpg.rf.cda77ddac803c963c2db23df91bd7787.jpg,detection_train_0547.jpg
train,img_0931_jpg.rf.1b675d80f5ffd2c793a13e67dcb53f85.jpg,detection_train_0548.jpg
train,img_0932_jpg.rf.b8dbde8f20481081540dc463f49f855c.jpg,detection_train_0549.jpg
train,img_0933_jpg.rf.abd6a181cd19f7b2386d33470d1b1a63.jpg,detection_train_0550.jpg
train,img_0935_jpg.rf.d4cc6c46d3020b915b9bf6272e81e73e.jpg,detection_train_0551.jpg
train,img_0936_jpg.rf.acaafb26de554ba653b37017ad083690.jpg,detection_train_0552.jpg
train,img_0937_jpg.rf.705d16a7061852e9a9209a002fa8fde5.jpg,detection_train_0553.jpg
train,img_0938_jpg.rf.222a1bb77f705d6911ae5e425b947846.jpg,detection_train_0554.jpg
train,img_0940_jpg.rf.050756def49d0a144c2ae1e1e1e17d66.jpg,detection_train_0555.jpg
train,img_0941_jpg.rf.131b1e89001651d50e262f33863ec27b.jpg,detection_train_0556.jpg
train,img_0942_jpg.rf.2108e52860b56d4b58e5a328b69f3ad7.jpg,detection_train_0557.jpg
train,img_0943_jpg.rf.30b349827b0022aa46e23def96a100d3.jpg,detection_train_0558.jpg
train,img_0944_jpg.rf.1168e519520a202a64338129c66756e4.jpg,detection_train_0559.jpg
train,img_0945_jpg.rf.6670bbc11294b929a9ad76bc9d66ec6a.jpg,detection_train_0560.jpg
train,img_0946_jpg.rf.f1a889fd11358876c0f1c850b1c34598.jpg,detection_train_0561.jpg
train,img_0948_jpg.rf.487955bf34a54b215592a46c8f5021e8.jpg,detection_train_0562.jpg
train,img_0949_jpg.rf.9b015be98b97fa1e9e9886fb535b7780.jpg,detection_train_0563.jpg
train,img_0950_jpg.rf.a68a01fb591bc155c689ab64dcb41099.jpg,detection_train_0564.jpg
train,img_0951_jpg.rf.966695631593b698e9fb1de3273c5dc0.jpg,detection_train_0565.jpg
train,img_0952_jpg.rf.adc4cd8db1b7b2e7bb149429e8247d36.jpg,detection_train_0566.jpg
train,img_0953_jpg.rf.0b683818bf5672f3728db0bf5f3bfaa6.jpg,detection_train_0567.jpg
train,img_0954_jpg.rf.cc2d1bf5ebf888167603a7a9a5a69f67.jpg,detection_train_0568.jpg
train,img_0955_jpg.rf.2d67fcd4f7c992b59f74da97bad550ea.jpg,detection_train_0569.jpg
train,img_0956_jpg.rf.d81208e8d82028a1cbe6cc0099fb8e42.jpg,detection_train_0570.jpg
train,img_0958_jpg.rf.3a74f9bba24f05bc1f2d7026e21968dc.jpg,detection_train_0571.jpg
train,img_0960_jpg.rf.5739e800bd9d4550bf8f42e4d1fd6558.jpg,detection_train_0572.jpg
train,img_0961_jpg.rf.13c5430084704d9b858b3e6e8bdf8c85.jpg,detection_train_0573.jpg
train,img_0963_jpg.rf.ff14372e4d21e5e61a7b96f5c3efe381.jpg,detection_train_0574.jpg
train,img_0964_jpg.rf.5e9bccd2b715151e14cdebd1a2127b9f.jpg,detection_train_0575.jpg
train,img_0965_jpg.rf.6154cb2f4ea6d9ac80de35178a543d69.jpg,detection_train_0576.jpg
train,img_0966_jpg.rf.53f4e35687ebb3ec0f9bff4d5d7854b2.jpg,detection_train_0577.jpg
train,img_0967_jpg.rf.1ab06b3da76a3ab1f02be12f1c75c033.jpg,detection_train_0578.jpg
train,img_0968_jpg.rf.676d1a3ed5b46298e49215efe7dd74c5.jpg,detection_train_0579.jpg
train,img_0969_jpg.rf.e5b23905428ceef0a63ce3997b3ed7b9.jpg,detection_train_0580.jpg
train,img_0970_jpg.rf.52ce73f8ace1f226ea015c3e5bacbfc0.jpg,detection_train_0581.jpg
train,img_0971_jpg.rf.8bb28de924caf508a54171f2df996179.jpg,detection_train_0582.jpg
train,img_0972_jpg.rf.e71917f63aa77d36863a7fa783a1617f.jpg,detection_train_0583.jpg
train,img_0973_jpg.rf.fdb8bd3aa7dfea6bc9c5b4e5705ed922.jpg,detection_train_0584.jpg
train,img_0975_jpg.rf.8e74d24d7b2c4b1c874dd08f27099f99.jpg,detection_train_0585.jpg
train,img_0979_jpg.rf.523e2f0c1cd3f0c8fee2571637cc2526.jpg,detection_train_0586.jpg
train,img_0980_jpg.rf.a3d9e527cf328466e3d9ea0f3287b4e6.jpg,detection_train_0587.jpg
train,img_0983_jpg.rf.9aefb563f694c5f48614a724cb969e3a.jpg,detection_train_0588.jpg
train,img_0985_jpg.rf.02fdd6d3243379c6aeb704d917d1be2e.jpg,detection_train_0589.jpg
train,img_0986_jpg.rf.c03b1f1f077965f46338bc4119ba63f9.jpg,detection_train_0590.jpg
train,img_0988_jpg.rf.f6446c4e63a65a8e67b96a65541ee1ee.jpg,detection_train_0591.jpg
train,img_0989_jpg.rf.187e9a4abf3c46dfa2460fd0e426d780.jpg,detection_train_0592.jpg
train,img_0990_jpg.rf.f2833486407898c9ce687b02e762bf52.jpg,detection_train_0593.jpg
train,img_0991_jpg.rf.55610e4f3222eab330e0b9085a018d18.jpg,detection_train_0594.jpg
train,img_0994_jpg.rf.04f4a365697f56b07c660001bd7cbe68.jpg,detection_train_0595.jpg
train,img_0995_jpg.rf.77ab4ad620d41c3703290d1c0cd22621.jpg,detection_train_0596.jpg
train,img_0996_jpg.rf.c4a21bbb6d4efd481b52c7178d4e75fc.jpg,detection_train_0597.jpg
train,img_0999_jpg.rf.fd2b1360549b770374a63340bc55abc5.jpg,detection_train_0598.jpg
train,img_1000_jpg.rf.9bac8cf247125d40b08ec0ab3395fabb.jpg,detection_train_0599.jpg
train,img_1002_jpg.rf.c05f9ef35278ba3bdeaecd292c1acdae.jpg,detection_train_0600.jpg
train,img_1003_jpg.rf.ad1b4ec797e88a7a83611d387712c10e.jpg,detection_train_0601.jpg
train,img_1005_jpg.rf.eea4f0e717a7b4d7f482807b8ab039b5.jpg,detection_train_0602.jpg
train,img_1008_jpg.rf.e3d41436e13bd47c7fb2c8d474833be5.jpg,detection_train_0603.jpg
train,img_1009_jpg.rf.374e7d173249126e46b68a588920ada1.jpg,detection_train_0604.jpg
train,img_1010_jpg.rf.9138c8a36b9c9456dfe7b690723f00df.jpg,detection_train_0605.jpg
train,img_1014_jpg.rf.7e29bb1321c9fd46d879a2f380399f64.jpg,detection_train_0606.jpg
train,img_1015_jpg.rf.60495928abd336024f0ccb3c22ff8b5e.jpg,detection_train_0607.jpg
train,img_1017_jpg.rf.928822a50acaf596692bec9bf67d5eae.jpg,detection_train_0608.jpg
train,img_1019_jpg.rf.f73bb7b211a663a7a869bd8dc63dc509.jpg,detection_train_0609.jpg
train,img_1021_jpg.rf.2ec2f800cb7231e5aa0807abbb218a68.jpg,detection_train_0610.jpg
train,img_1022_jpg.rf.1e0bc5204f0b014e8bed46c73429e6e5.jpg,detection_train_0611.jpg
train,img_1023_jpg.rf.ea11a58f0ce4ecb62020a1b09e4f01c9.jpg,detection_train_0612.jpg
train,img_1024_jpg.rf.f61051b6a45dce98f3256bae7abfea2a.jpg,detection_train_0613.jpg
train,img_1025_jpg.rf.7778d73e6ec70aaf77d4f8a52af5f0a8.jpg,detection_train_0614.jpg
train,img_1027_jpg.rf.264cb20766d1c8830feca75026cecfd5.jpg,detection_train_0615.jpg
train,img_1028_jpg.rf.58da23a2c6c6c6a74b6a8be67224054e.jpg,detection_train_0616.jpg
train,img_1029_jpg.rf.a8cf6857bc8cbbde054ff712725b1efe.jpg,detection_train_0617.jpg
train,img_1030_jpg.rf.6f845aacb1f3b7326104ec2f27c7e9b7.jpg,detection_train_0618.jpg
train,img_1031_jpg.rf.b726ae0a0c1cc1a0606aa0afb2b92ead.jpg,detection_train_0619.jpg
train,img_1032_jpg.rf.530295a0795cb6806c7b94567e66e92c.jpg,detection_train_0620.jpg
train,img_1033_jpg.rf.1b4867d80632ec7028d4a6656a20d5a0.jpg,detection_train_0621.jpg
train,img_1034_jpg.rf.1105feb5cf9c14be30976f8174fd3af1.jpg,detection_train_0622.jpg
train,img_1035_jpg.rf.8fdab888cf95895016d7debaa3c41a37.jpg,detection_train_0623.jpg
train,img_1038_jpg.rf.19761ee226333ed166f7ccc6a7846f2a.jpg,detection_train_0624.jpg
train,img_1039_jpg.rf.8b68778f4b2b9afcb8d56671d4644a78.jpg,detection_train_0625.jpg
train,img_1040_jpg.rf.8ce3287228a60d2a4ae43725265d044e.jpg,detection_train_0626.jpg
train,img_1476_jpg.rf.0b5cd1a69860a303ea59daa97e515fe8.jpg,detection_train_0627.jpg
train,img_1477_jpg.rf.6bedea7188000d35a9503e0f259cbab2.jpg,detection_train_0628.jpg
train,img_1478_jpg.rf.f5ad9f5aa03de3619958cd1a893a6049.jpg,detection_train_0629.jpg
train,img_1480_jpg.rf.18d886255bd767988567452054fb6049.jpg,detection_train_0630.jpg
train,img_1482_jpg.rf.a0ea4f20166d82d0fae6474be6fd9485.jpg,detection_train_0631.jpg
train,img_1483_jpg.rf.8009188448b2ff00b152f1e5e0116f6a.jpg,detection_train_0632.jpg
train,img_1485_jpg.rf.63c8e9611ea0b9649af2efde309fb8ad.jpg,detection_train_0633.jpg
train,img_1486_jpg.rf.cd83ffd362bd30fb0daeb106dd9f630c.jpg,detection_train_0634.jpg
train,img_1487_jpg.rf.ac26742a0b75be35dfd617b6cf6ce61c.jpg,detection_train_0635.jpg
train,img_1489_jpg.rf.549e119752c2ec16c8a04a13c0d0c6be.jpg,detection_train_0636.jpg
train,img_1490_jpg.rf.4a432bb06694dc3b856982cf09f5ea15.jpg,detection_train_0637.jpg
train,img_1493_jpg.rf.fd412413d36d6a6817218888528d4f54.jpg,detection_train_0638.jpg
train,img_1494_jpg.rf.4a72de1fb19f4ba670e15812ebf5443c.jpg,detection_train_0639.jpg
train,img_1495_jpg.rf.90c0f4f4dc0fda17b3c5297b4406ed4a.jpg,detection_train_0640.jpg
train,img_1496_jpg.rf.8f340fcc354969b6a130c9e0d94b1211.jpg,detection_train_0641.jpg
train,img_1497_jpg.rf.bfe10c224e58cc940dedda38fbb44015.jpg,detection_train_0642.jpg
train,img_1498_jpg.rf.7bd5c7770eb2f9e675db4353f3488c16.jpg,detection_train_0643.jpg
train,img_1499_jpg.rf.9c9f32f569583cf73536d9680f60e272.jpg,detection_train_0644.jpg
train,img_1500_jpg.rf.5297d49d9255a62f89195f96b7591bb2.jpg,detection_train_0645.jpg
train,img_1502_jpg.rf.9c6af5e011dd9e6bf7cf4ef8ec937a32.jpg,detection_train_0646.jpg
train,img_1503_jpg.rf.a3d47168863bcd553e09d43de8d48aba.jpg,detection_train_0647.jpg
train,img_1504_jpg.rf.7ab25843869415c63136f8062875552b.jpg,detection_train_0648.jpg
train,img_1505_jpg.rf.57ffa3d1938013d45ed0173fb8fe71d7.jpg,detection_train_0649.jpg
train,img_1506_jpg.rf.4f41444a94ffafa6d752cbc4011e6028.jpg,detection_train_0650.jpg
train,img_1507_jpg.rf.a75eb1520f901d05d390a32e225efbc7.jpg,detection_train_0651.jpg
train,img_1508_jpg.rf.2a5a2a9d341fd7aee8f8ad1b8ab62f96.jpg,detection_train_0652.jpg
train,img_1511_jpg.rf.2b06a29bf4e37e9cccec171c2a317ea5.jpg,detection_train_0653.jpg
train,img_1512_jpg.rf.01db9f9a2d4a3f59dc351ae1d6015e47.jpg,detection_train_0654.jpg
train,img_1513_jpg.rf.7794847488f3659e2a4bc11a05cdd70e.jpg,detection_train_0655.jpg
train,img_1516_jpg.rf.7cf5de726745297aeca76528fd11700c.jpg,detection_train_0656.jpg
train,img_1517_jpg.rf.7d11b65adad5e457d4f90fc947ea915d.jpg,detection_train_0657.jpg
train,img_1518_jpg.rf.92cd1275a392e1bc8f1d685b13d78dbe.jpg,detection_train_0658.jpg
train,img_1521_jpg.rf.0834dd5e8c968c7e04d1c2a60222d173.jpg,detection_train_0659.jpg
train,img_1522_jpg.rf.6dfec94cb3c91cdff88e7fc1307c89ba.jpg,detection_train_0660.jpg
train,img_1523_jpg.rf.661f20dd5ad29f247f6a2da20278a31a.jpg,detection_train_0661.jpg
train,img_1526_jpg.rf.78e442ce90373d30e52ef9d5045695c5.jpg,detection_train_0662.jpg
train,img_1527_jpg.rf.547ed765d310245a6deaea94f2e64290.jpg,detection_train_0663.jpg
train,img_1528_jpg.rf.3b99341d3b3fbe28baab258981785b30.jpg,detection_train_0664.jpg
train,img_1530_jpg.rf.ef2ef774f206d2835093a64943beb28a.jpg,detection_train_0665.jpg
train,img_1531_jpg.rf.6ad1f615ad918d6df18bfefbed2d4091.jpg,detection_train_0666.jpg
train,img_1533_jpg.rf.5642d771dab8ff86bca23d522cf7bc2e.jpg,detection_train_0667.jpg
train,img_1534_jpg.rf.890dc1a7c92a5994132ca714b996dcb0.jpg,detection_train_0668.jpg
train,img_1536_jpg.rf.a516660984dd4537cde3f651172a7392.jpg,detection_train_0669.jpg
train,img_1537_jpg.rf.2243a087c41e4446e7ff391a1ead9662.jpg,detection_train_0670.jpg
train,img_1538_jpg.rf.ed8c2125bec3049e8802b4fa370bb9e8.jpg,detection_train_0671.jpg
train,img_1540_jpg.rf.44913a0005afca33809b77c221dab6ea.jpg,detection_train_0672.jpg
train,img_1541_jpg.rf.7e051c3a9ad5202025254fc75f476016.jpg,detection_train_0673.jpg
train,img_1542_jpg.rf.afcf6f0a3111fc217fb7723d0ef81258.jpg,detection_train_0674.jpg
train,img_1543_jpg.rf.fe87c46f1b0362d61aa4e55d07da0442.jpg,detection_train_0675.jpg
train,img_1544_jpg.rf.695d1416045b237fd8e882f485b7bd17.jpg,detection_train_0676.jpg
train,img_1545_jpg.rf.21b8f5048fa487d410bb994a44fbfeb0.jpg,detection_train_0677.jpg
train,img_1546_jpg.rf.153548806b3d2faa285f576c696c6b21.jpg,detection_train_0678.jpg
train,img_1549_jpg.rf.6cb8a6c8b44678405cfb67e5f7108b70.jpg,detection_train_0679.jpg
train,img_1550_jpg.rf.3119cd1510bb2ded17b83ca7c819462e.jpg,detection_train_0680.jpg
train,img_1551_jpg.rf.6d823b9d48735fcfc357d23f503a6b61.jpg,detection_train_0681.jpg
train,img_1553_jpg.rf.c0280bc7b04f4fb165a4a446f8cf3a9e.jpg,detection_train_0682.jpg
train,img_1554_jpg.rf.c22e62753421b5ab9e4c87fca066ef41.jpg,detection_train_0683.jpg
train,img_1555_jpg.rf.5fec9b116c154e0c5113812f98133ebf.jpg,detection_train_0684.jpg
train,img_1556_jpg.rf.5399374de3e26b04a6a30613112ad9d4.jpg,detection_train_0685.jpg
train,img_1557_jpg.rf.49e357bdf37fd19e64c61a3b07271f20.jpg,detection_train_0686.jpg
train,img_1558_jpg.rf.0d3906d2c3783818f35ee985f8d71a2d.jpg,detection_train_0687.jpg
train,img_1559_jpg.rf.413107ed65a0a91cd02cdaec29d5122c.jpg,detection_train_0688.jpg
train,img_1561_jpg.rf.c740b41e59857b5d6508883add81a58a.jpg,detection_train_0689.jpg
train,img_1562_jpg.rf.6bbbccb0713c350f8654d627301bce93.jpg,detection_train_0690.jpg
train,img_1563_jpg.rf.0ad4ce9bcbad9e8b0e88e72877ef78b9.jpg,detection_train_0691.jpg
train,img_1565_jpg.rf.cb5e6d87d2900428e745261885792987.jpg,detection_train_0692.jpg
train,img_1566_jpg.rf.02124bfb1a7e45e74f44206ef7c40265.jpg,detection_train_0693.jpg
train,img_1567_jpg.rf.f22c5753adf3cdef6fe2252c5f55e663.jpg,detection_train_0694.jpg
train,img_1568_jpg.rf.bb7cd190d7de1861d7870d25397fe011.jpg,detection_train_0695.jpg
train,img_1569_jpg.rf.21506fa1aa266a2fa77db6393b0cf214.jpg,detection_train_0696.jpg
train,img_1572_jpg.rf.c9baebb42bd52e44d680f4a1dec42b13.jpg,detection_train_0697.jpg
train,img_1573_jpg.rf.e7d4d355cfe4468d23c7f0837f21d741.jpg,detection_train_0698.jpg
train,img_1575_jpg.rf.b412887a6f030d683b899c5311b720e9.jpg,detection_train_0699.jpg
train,img_1576_jpg.rf.d001993e2c13d89d2bb731e7fca8f729.jpg,detection_train_0700.jpg
train,img_1577_jpg.rf.554e19f27d898070990dc4b324f21618.jpg,detection_train_0701.jpg
train,img_1578_jpg.rf.f06e22f1a04062b0fb1fb071f171f0a6.jpg,detection_train_0702.jpg
train,img_1579_jpg.rf.3d87b4f382044720936dbed4fe603756.jpg,detection_train_0703.jpg
train,img_1580_jpg.rf.f75c468d300c59c8503bc5b50aeec2b4.jpg,detection_train_0704.jpg
train,img_1581_jpg.rf.7c133592c462454846f3740764c72ad0.jpg,detection_train_0705.jpg
train,img_1582_jpg.rf.56ff5b5f3b1bb126211bbd5a9466b0c8.jpg,detection_train_0706.jpg
train,img_1585_jpg.rf.a05b29dccbf9cb324a68b44fbb5ecedf.jpg,detection_train_0707.jpg
train,img_1587_jpg.rf.0a4f2b6c631c9c9ee901df1085e32fc4.jpg,detection_train_0708.jpg
train,img_1590_jpg.rf.f2dcadc323ac21467470a4a9ea5ad29d.jpg,detection_train_0709.jpg
train,img_1591_jpg.rf.80c97547a2764d44e7025366db72e4ca.jpg,detection_train_0710.jpg
train,img_1595_jpg.rf.7f99587bd8362edaac91020ad29a0037.jpg,detection_train_0711.jpg
train,img_1597_jpg.rf.3bb35599f656157001e16e10f2a51527.jpg,detection_train_0712.jpg
train,img_1598_jpg.rf.f395b50af01c4991dab7ef9ae9249e6f.jpg,detection_train_0713.jpg
train,img_1600_jpg.rf.d6f98a00664b304984a773cc46ea2974.jpg,detection_train_0714.jpg
train,img_1601_jpg.rf.e40637ec8cd5599c2eb94f8ea5e2f107.jpg,detection_train_0715.jpg
train,img_1602_jpg.rf.e9a6ec81f2773c5c375cbbbc7534ec1a.jpg,detection_train_0716.jpg
train,img_1605_jpg.rf.84bad0cc6fa136c212d669da06ace347.jpg,detection_train_0717.jpg
train,img_1606_jpg.rf.2ab79ff3b9ddd718f5de9012affd014f.jpg,detection_train_0718.jpg
train,img_1608_jpg.rf.0f8bf01f0d87b657ed566818855a0d33.jpg,detection_train_0719.jpg
train,img_1609_jpg.rf.218c54d4a79b0a59ac333d4a72645d1a.jpg,detection_train_0720.jpg
train,img_1610_jpg.rf.aefe7fc6fd40ab9064f282a32b3d90a8.jpg,detection_train_0721.jpg
train,img_1611_jpg.rf.3514e90a83fad2a3ed2337965d515c30.jpg,detection_train_0722.jpg
train,img_1614_jpg.rf.c284b55c4d0ca5fb764925c3e1c29329.jpg,detection_train_0723.jpg
train,img_1615_jpg.rf.f4c0e03b80f7f053b88a648653cf1ac9.jpg,detection_train_0724.jpg
train,img_1616_jpg.rf.798eb42101bdac89b61ec390b3430f43.jpg,detection_train_0725.jpg
train,img_1617_jpg.rf.3d05485e5a3d37ba1ad747412c000511.jpg,detection_train_0726.jpg
train,img_1618_jpg.rf.a4196a2d209662e9c40b7d7b6f06f15e.jpg,detection_train_0727.jpg
train,img_1620_jpg.rf.afaa490f20e31540fc69de8e76201bd8.jpg,detection_train_0728.jpg
train,img_1621_jpg.rf.fc953fdb277809a46d1f9c75d8b344c6.jpg,detection_train_0729.jpg
train,img_1622_jpg.rf.fc748dc021001d75c57b6cb3f341f286.jpg,detection_train_0730.jpg
train,img_1626_jpg.rf.2f73ca71bb4ee0037c1f5b1e95ab15b1.jpg,detection_train_0731.jpg
train,img_1627_jpg.rf.5568c1b3e3f64d07d840a06bec570d8b.jpg,detection_train_0732.jpg
train,img_1629_jpg.rf.b950dc00cbd58f304ebec56483916b34.jpg,detection_train_0733.jpg
train,img_1630_jpg.rf.df037f001faf0c7426fc96c0d85bec28.jpg,detection_train_0734.jpg
train,img_1632_jpg.rf.d7c7b5706f042f6122106662f931aedd.jpg,detection_train_0735.jpg
train,img_1634_jpg.rf.61d7349e3fc593cf0ed10c1b411e46c2.jpg,detection_train_0736.jpg
train,img_1635_jpg.rf.06de6b3bd1182bfd9cf51f196facf11f.jpg,detection_train_0737.jpg
train,img_1636_jpg.rf.e29d08ef29f48fc62d59efc4221460b4.jpg,detection_train_0738.jpg
train,img_1637_jpg.rf.605bd9efdbec161a44c7f9aa4b2fd4e1.jpg,detection_train_0739.jpg
train,img_1639_jpg.rf.96d5259669cef700bef16f72a4a46f49.jpg,detection_train_0740.jpg
train,img_1641_jpg.rf.0a17503682da32b5f525ea74eff15294.jpg,detection_train_0741.jpg
train,img_1642_jpg.rf.328ade3ff840464082ade40d21000216.jpg,detection_train_0742.jpg
train,img_1645_jpg.rf.34b87d3f28e2d50a44fa3f0fd0d863fa.jpg,detection_train_0743.jpg
train,img_1646_jpg.rf.a6fd1dc8a0b9956607aa0f1260430b94.jpg,detection_train_0744.jpg
train,img_1647_jpg.rf.353ca9889f7b7f74a8262921a8bfda1b.jpg,detection_train_0745.jpg
train,img_1648_jpg.rf.925f77e4346f8bf78f8252a3b94525fc.jpg,detection_train_0746.jpg
train,img_1650_jpg.rf.ca7d8b4f1c3d40dbb42f11ce8a395854.jpg,detection_train_0747.jpg
train,img_1651_jpg.rf.8af7e2f2250dd0d59a050dd7fbf972c2.jpg,detection_train_0748.jpg
train,img_1652_jpg.rf.6c899e078f150845682c7507f7142004.jpg,detection_train_0749.jpg
train,img_1653_jpg.rf.ab537dfecef616186f6346ea6f2296b7.jpg,detection_train_0750.jpg
train,img_1654_jpg.rf.b53f196337418ffc6b99033b50ef9f1d.jpg,detection_train_0751.jpg
train,img_1655_jpg.rf.06cfb305d6335388cf0a9f3e533ba4a1.jpg,detection_train_0752.jpg
train,img_1656_jpg.rf.3d06b7942ca5763a28f449ad489829a3.jpg,detection_train_0753.jpg
train,img_1661_jpg.rf.26e8561f7dd2bcf210d28449935ed733.jpg,detection_train_0754.jpg
train,img_1663_jpg.rf.0adb9429209caafc123da4d0ebdb8644.jpg,detection_train_0755.jpg
train,img_1664_jpg.rf.538cc2f5efa3ffa4f33b6aee4034bc6d.jpg,detection_train_0756.jpg
train,img_1667_jpg.rf.f2e4f7e3eda3a2469d5aa6010191d8e2.jpg,detection_train_0757.jpg
train,img_1668_jpg.rf.d3cc604d1e6c4680e25bd2888d60d7ec.jpg,detection_train_0758.jpg
train,img_1669_jpg.rf.4721d12e39436b626c585e652bb5cf2b.jpg,detection_train_0759.jpg
train,img_1671_jpg.rf.f21130b82664f8fa428484a2b21c16bd.jpg,detection_train_0760.jpg
train,img_1672_jpg.rf.2ff7b59930813c700dcd9d1b4918d0ff.jpg,detection_train_0761.jpg
train,img_1673_jpg.rf.65e632523e4c89c7dc29fce54c9ef401.jpg,detection_train_0762.jpg
train,img_1674_jpg.rf.1d1945b64ecdabe642c4d5678b340dca.jpg,detection_train_0763.jpg
train,img_1675_jpg.rf.3077f70ea40f950fe71b13e91cb4d181.jpg,detection_train_0764.jpg
train,img_1676_jpg.rf.32e9b7a729afca7045471ffbdfd74e75.jpg,detection_train_0765.jpg
train,img_1677_jpg.rf.bb289ce7b6bb431e0237c5f4779e09d0.jpg,detection_train_0766.jpg
train,img_1678_jpg.rf.62d28bd648cb89bbd55ed58830504ab7.jpg,detection_train_0767.jpg
train,img_1679_jpg.rf.de268a55475009a49ca612ee1f18cbae.jpg,detection_train_0768.jpg
train,img_1680_jpg.rf.c012380c5427e2141026a03af92b9b37.jpg,detection_train_0769.jpg
train,img_1681_jpg.rf.ec1aabf56380408c87bfd8467672320f.jpg,detection_train_0770.jpg
train,img_1682_jpg.rf.5c4f41bb4fa30faab4389a6566335274.jpg,detection_train_0771.jpg
train,img_1683_jpg.rf.f32631ee99356e8dbe7520cf65ac9073.jpg,detection_train_0772.jpg
train,img_1685_jpg.rf.f09a670a986c5a3b40045a2f2b60a332.jpg,detection_train_0773.jpg
train,img_1687_jpg.rf.8c1a90c1c704580f951f9bea31358698.jpg,detection_train_0774.jpg
train,img_1688_jpg.rf.a87af829ae0ca423b21ef8623a50ff09.jpg,detection_train_0775.jpg
train,img_1689_jpg.rf.53a4e5dd2e228691e53f71b26b20638a.jpg,detection_train_0776.jpg
train,img_1690_jpg.rf.06d70403a8f5805acc301246c33a786c.jpg,detection_train_0777.jpg
train,img_1691_jpg.rf.215ae0f5c61859630f41704166cec99d.jpg,detection_train_0778.jpg
train,img_1693_jpg.rf.dd4be256ff0a7885b72f5bb4e23de29f.jpg,detection_train_0779.jpg
train,img_1694_jpg.rf.e798eab99f1548269e1a19a1039d2d35.jpg,detection_train_0780.jpg
train,img_1696_jpg.rf.95bbc9210332f501a1897420696eaf1c.jpg,detection_train_0781.jpg
train,img_1698_jpg.rf.f9aa1ca13c845dbd30134a2182e15ecf.jpg,detection_train_0782.jpg
train,img_1699_jpg.rf.078893b0990f895370ee0f9417f414b7.jpg,detection_train_0783.jpg
train,img_1700_jpg.rf.f71c690148aedb982cabaddb1556c6fd.jpg,detection_train_0784.jpg
train,img_1701_jpg.rf.9df653d4983f2fb4b1e6d216bd17de15.jpg,detection_train_0785.jpg
train,img_1703_jpg.rf.f6c121be39aa90c89e711a73181c61a6.jpg,detection_train_0786.jpg
train,img_1706_jpg.rf.d44a4f5d914dcb74df97faaf005e5b9f.jpg,detection_train_0787.jpg
train,img_1707_jpg.rf.b1a610fc935ce1982b0abaecf5cb118e.jpg,detection_train_0788.jpg
train,img_1708_jpg.rf.79a72917cfd7103f18258580d6a29892.jpg,detection_train_0789.jpg
train,img_1710_jpg.rf.7e4361223878201cf0906fab0c4aaa39.jpg,detection_train_0790.jpg
train,img_1711_jpg.rf.27727c915401c10a647404b5166b116d.jpg,detection_train_0791.jpg
train,img_1712_jpg.rf.76df180005d70719030b9a11cabd688b.jpg,detection_train_0792.jpg
train,img_1714_jpg.rf.34d19bdbac2a79965c63c39a9ad55eb7.jpg,detection_train_0793.jpg
train,img_1716_jpg.rf.7e45603b79fbc5a52fb53749fa7c800c.jpg,detection_train_0794.jpg
train,img_1717_jpg.rf.e854dadfb0b93d6fbcb0473f3cbc5e13.jpg,detection_train_0795.jpg
train,img_1718_jpg.rf.9a8a2f909dd4b9e1cc557f041d3d63c1.jpg,detection_train_0796.jpg
train,img_1719_jpg.rf.748be51e4dd036dd8d4c53b0115010ac.jpg,detection_train_0797.jpg
train,img_1721_jpg.rf.04ba2157457dc12fabc9d4588e1dd10e.jpg,detection_train_0798.jpg
train,img_1723_jpg.rf.b2cfae157936c0d4f0c8c4373edac7be.jpg,detection_train_0799.jpg
train,img_1724_jpg.rf.fb50c1a8076aee91e2bb3a45786d625a.jpg,detection_train_0800.jpg
train,img_1726_jpg.rf.8da4640b8d8ae83373b92a1e838f5295.jpg,detection_train_0801.jpg
train,img_1727_jpg.rf.082fa319ab3d31446a1218110a34828d.jpg,detection_train_0802.jpg
train,img_1728_jpg.rf.2deefea84191dac1d96f33c381b78e7c.jpg,detection_train_0803.jpg
train,img_1730_jpg.rf.2130df3821e38f5cf856f483eb19169c.jpg,detection_train_0804.jpg
train,img_1731_jpg.rf.e25d235182886305df49b3b2c7d8c3e9.jpg,detection_train_0805.jpg
train,img_1732_jpg.rf.db9836ae5ecfd4c483bf99709c0a923d.jpg,detection_train_0806.jpg
train,img_1733_jpg.rf.6be1b468d61eb447c867742d16c9eae5.jpg,detection_train_0807.jpg
train,img_1734_jpg.rf.3872b665232b1f2a076b23520e45c1af.jpg,detection_train_0808.jpg
train,img_1735_jpg.rf.94697e7a37b383f9015902c9c2c9fe72.jpg,detection_train_0809.jpg
train,img_1737_jpg.rf.4f6cdf1ce66dd69b7a03ee399aefd398.jpg,detection_train_0810.jpg
train,img_1738_jpg.rf.5c634851decbf582bb2d8a67ccbdf177.jpg,detection_train_0811.jpg
train,img_1739_jpg.rf.dc5c5d5317686f00a7515cc45128d8fc.jpg,detection_train_0812.jpg
train,img_1740_jpg.rf.3aaca23e43127c1921a413952029f41d.jpg,detection_train_0813.jpg
train,img_1741_jpg.rf.93596dcd170074f9fdc68c5c80dca3e8.jpg,detection_train_0814.jpg
train,img_1742_jpg.rf.889bd665e9725bf566812958c3ad5017.jpg,detection_train_0815.jpg
train,img_1743_jpg.rf.e908491e89b1620a9bb95b00a4f14aaa.jpg,detection_train_0816.jpg
train,img_1744_jpg.rf.da05fd26fa26dbe0b81d80b37eb49f5a.jpg,detection_train_0817.jpg
train,img_1749_jpg.rf.79c742a198985d9bb2bdba3ea0a36c64.jpg,detection_train_0818.jpg
train,img_1752_jpg.rf.c1dad05b19eebd004e1bd6caa2faf5e7.jpg,detection_train_0819.jpg
train,img_1753_jpg.rf.8d0e47fa2c62e3e79a4d65f66cb27d1f.jpg,detection_train_0820.jpg
train,img_1754_jpg.rf.d47f6e84fca60081643b5c37120d128f.jpg,detection_train_0821.jpg
train,img_1755_jpg.rf.306c9c297577c5da3565f3b68a443818.jpg,detection_train_0822.jpg
train,img_1756_jpg.rf.f9a3dd34dd7795114ce2742a381d35a7.jpg,detection_train_0823.jpg
train,img_1757_jpg.rf.995f08347906f4558368371f76138f0c.jpg,detection_train_0824.jpg
train,img_1758_jpg.rf.a95dae40917060810cd135a3cfa3ae2a.jpg,detection_train_0825.jpg
train,img_1759_jpg.rf.ca97c25e74854382ed75b657ac11cb43.jpg,detection_train_0826.jpg
train,img_1761_jpg.rf.ec590fe57769e784516b18b3d4af096b.jpg,detection_train_0827.jpg
train,img_1765_jpg.rf.fa6b89813cc4239a873bccd0085d55ea.jpg,detection_train_0828.jpg
train,img_1766_jpg.rf.4627e21e023258435db5059b75777abc.jpg,detection_train_0829.jpg
train,img_1767_jpg.rf.434930fcccd54cb8314efa011db5ab86.jpg,detection_train_0830.jpg
train,img_1768_jpg.rf.ed44be04056d750b322071064aa78999.jpg,detection_train_0831.jpg
train,img_1769_jpg.rf.919192507f6a0601f78b33f4b9e17bd3.jpg,detection_train_0832.jpg
train,img_1770_jpg.rf.a10f5602c7a4839f05bb9f66dad989bd.jpg,detection_train_0833.jpg
train,img_1772_jpg.rf.1eb0148936e2e9c29ea9792ad4f930b0.jpg,detection_train_0834.jpg
train,img_1774_jpg.rf.a49d095f3a7f2a1f21c2d3d7c7991eba.jpg,detection_train_0835.jpg
train,img_1775_jpg.rf.5c90e66ef222ef90478b9608b7c5b769.jpg,detection_train_0836.jpg
train,img_1776_jpg.rf.3fa18369382c7cc96d5c46d6b06dbf73.jpg,detection_train_0837.jpg
train,img_1777_jpg.rf.1700935995a6b052e9fd1233f362ac48.jpg,detection_train_0838.jpg
train,img_1778_jpg.rf.3a9137759a4a132d4bf9fa7b2fee9523.jpg,detection_train_0839.jpg
train,img_1780_jpg.rf.220e2df0a728ede8766be14a0b72b5bf.jpg,detection_train_0840.jpg
train,img_1782_jpg.rf.45a6e8deff7fddc69b9e29672eb7b7be.jpg,detection_train_0841.jpg
train,img_1783_jpg.rf.4b30219edb95bbb65ca2772a6a0fe741.jpg,detection_train_0842.jpg
train,img_1785_jpg.rf.fade4691a312d28edd6acc2bb4afab3e.jpg,detection_train_0843.jpg
train,img_1786_jpg.rf.70ec7777d0ae27d4ddc07cb73b01c57c.jpg,detection_train_0844.jpg
train,img_1787_jpg.rf.28384067496c1f9731411282323f5305.jpg,detection_train_0845.jpg
train,img_1788_jpg.rf.8fc618a19985123898e3e4d51e029c3f.jpg,detection_train_0846.jpg
train,img_1789_jpg.rf.9e2c2b016d179728e0945fb810227385.jpg,detection_train_0847.jpg
train,img_1790_jpg.rf.b45287e93e1a31c6ccd070d0b9d75ab9.jpg,detection_train_0848.jpg
train,img_1792_jpg.rf.525cd24bcde5b80f009df643682ae82c.jpg,detection_train_0849.jpg
train,img_1793_jpg.rf.81a567f6c1879ca30d3c7e6281db1aca.jpg,detection_train_0850.jpg
train,img_1795_jpg.rf.deb5373045b95738a8c087db186430bf.jpg,detection_train_0851.jpg
train,img_1799_jpg.rf.4c59daf2a1f2ed5ef690863b64d0c0ae.jpg,detection_train_0852.jpg
train,img_1800_jpg.rf.2fd87980c09227df75059402d1e6a0f0.jpg,detection_train_0853.jpg
train,img_1801_jpg.rf.d71c314ae38b7400a33071a5eda627c7.jpg,detection_train_0854.jpg
train,img_1803_jpg.rf.bb39a70633e91350da0739ec0499ab7f.jpg,detection_train_0855.jpg
train,img_1804_jpg.rf.b7982bcdaa9a32f9e30ffb33581ca03d.jpg,detection_train_0856.jpg
train,img_1805_jpg.rf.2897326771f39bd7b9e6423d4ae87edb.jpg,detection_train_0857.jpg
train,img_1806_jpg.rf.4152d374d65df9b62bc2113fc7c2a914.jpg,detection_train_0858.jpg
train,img_1809_jpg.rf.85fc1eeb05afed359a5230f032fd7509.jpg,detection_train_0859.jpg
train,img_1810_jpg.rf.56b356f7b357c15d5f6076b0bcdaa990.jpg,detection_train_0860.jpg
train,img_1811_jpg.rf.67126e5acf63eeda65a8bf51f0b86de5.jpg,detection_train_0861.jpg
train,img_1812_jpg.rf.554d3d2310cee8f1cba7aeb65db2f421.jpg,detection_train_0862.jpg
train,img_1813_jpg.rf.290eb9d3244cc6c167535bf9ee973dda.jpg,detection_train_0863.jpg
train,img_1814_jpg.rf.fecf21d736184e528f26478df3df4fc9.jpg,detection_train_0864.jpg
train,img_1815_jpg.rf.a510182927acdb5e48899477987fd9a1.jpg,detection_train_0865.jpg
train,img_1816_jpg.rf.29791dadec5cda81b7c4639086205fec.jpg,detection_train_0866.jpg
train,img_1818_jpg.rf.ea5dd158813f89cfc8d7bcbbe9dd79a3.jpg,detection_train_0867.jpg
train,img_1819_jpg.rf.df28f3515c56f0b44aa00949ca04ba9b.jpg,detection_train_0868.jpg
train,img_1821_jpg.rf.4b3d6a3175b075413f43e2c4b8ac4448.jpg,detection_train_0869.jpg
train,img_1822_jpg.rf.de78b6b91256cdd95281cb50d9aca2bd.jpg,detection_train_0870.jpg
train,img_1824_jpg.rf.876b795efe65823e8022abad4460ee7e.jpg,detection_train_0871.jpg
train,img_1825_jpg.rf.7b51ac16b3d6b55a5062c587ba3233d4.jpg,detection_train_0872.jpg
train,img_1830_jpg.rf.1539cb13b4ad8421b42dc3f533202cbc.jpg,detection_train_0873.jpg
train,img_1832_jpg.rf.905e995ede9352b7915b1271e9e1cb59.jpg,detection_train_0874.jpg
train,img_1833_jpg.rf.2cbab14c8feff5e751ad8fe1601bb4e0.jpg,detection_train_0875.jpg
train,img_1834_jpg.rf.2baa36154953622c9736fabb461efdbc.jpg,detection_train_0876.jpg
train,img_1835_jpg.rf.b539691ba43d3826ae1544075fd3731c.jpg,detection_train_0877.jpg
train,img_1837_jpg.rf.fc0255d1cca243c0769ff500af671b82.jpg,detection_train_0878.jpg
train,img_1838_jpg.rf.52fbedb09d13ab9e8831c2d19d694a5d.jpg,detection_train_0879.jpg
train,img_1839_jpg.rf.dcca5aff88d183c8c510acc8855b95c0.jpg,detection_train_0880.jpg
train,img_1840_jpg.rf.d25962bd7b6d9290175c9b0c043ecc72.jpg,detection_train_0881.jpg
train,img_1841_jpg.rf.cd999112bc986cfaa40ffba1d1adad4d.jpg,detection_train_0882.jpg
train,img_1842_jpg.rf.4f7a46e232d4df1aa25724e210309c31.jpg,detection_train_0883.jpg
train,img_1844_jpg.rf.8b5bd5086d81a7ce46ecb67e2ce1f2ee.jpg,detection_train_0884.jpg
train,img_1845_jpg.rf.63d3a11ff956da5eb62dcd187a0818dd.jpg,detection_train_0885.jpg
train,img_1846_jpg.rf.6796e49dbd7e6bc343848c2d60719ff2.jpg,detection_train_0886.jpg
train,img_1847_jpg.rf.529b1790ed96a189fcbe46cc0e8143a3.jpg,detection_train_0887.jpg
train,img_1848_jpg.rf.0b9917105d33d140666e80372e852bb2.jpg,detection_train_0888.jpg
train,img_1849_jpg.rf.02b7bafe1de757d57df48fd7ca549588.jpg,detection_train_0889.jpg
train,img_1851_jpg.rf.08690e38431f7346dfe68892fe61e060.jpg,detection_train_0890.jpg
train,img_1852_jpg.rf.825e7eb08ef9a189f95f0fa72ed22e71.jpg,detection_train_0891.jpg
train,img_1853_jpg.rf.b4a8346019c3e257625aacc35f379748.jpg,detection_train_0892.jpg
train,img_1855_jpg.rf.254e88408eb09d18e0061ca0442bed14.jpg,detection_train_0893.jpg
train,img_1858_jpg.rf.3f2d83677e5217bb7b786de34d7c575f.jpg,detection_train_0894.jpg
train,img_1862_jpg.rf.a84aeb676ca1141b6a2fdbcd167b001e.jpg,detection_train_0895.jpg
train,img_1865_jpg.rf.cafafc790008c06a629b73ce1dbabbe4.jpg,detection_train_0896.jpg
train,img_1866_jpg.rf.804e09148738e177ff1160d54301899c.jpg,detection_train_0897.jpg
train,img_1867_jpg.rf.7052a9e611a51c9c231c7566eb235402.jpg,detection_train_0898.jpg
train,img_1869_jpg.rf.2631542d1d7d9503f2e597112caf95f9.jpg,detection_train_0899.jpg
train,img_1870_jpg.rf.b7d37c3e33bd1d6f1faf745a3e248a12.jpg,detection_train_0900.jpg
train,img_1872_jpg.rf.eaa6ccf93f8015ec1f0d2828355babdd.jpg,detection_train_0901.jpg
train,img_1873_jpg.rf.69905bc785585f371e08c02f6f8aed31.jpg,detection_train_0902.jpg
train,img_1874_jpg.rf.5b15f401c6d162c62f44f4dfdf1a076f.jpg,detection_train_0903.jpg
train,img_1875_jpg.rf.7a71ae91b532ef98c2eb9525999e0446.jpg,detection_train_0904.jpg
train,img_1877_jpg.rf.ed33b40705ae0fb5ed8a35d5f1d7c4c1.jpg,detection_train_0905.jpg
train,img_1878_jpg.rf.d093d3288c659c3c44d805e4734afd9e.jpg,detection_train_0906.jpg
train,img_1879_jpg.rf.d91356f9c46f61ac0ac2c3cadbf4b0cd.jpg,detection_train_0907.jpg
train,img_1880_jpg.rf.babb4dce61110c82f304d24717dd46bb.jpg,detection_train_0908.jpg
train,img_1881_jpg.rf.f52c888ec92e9d4e51c0d0694037063e.jpg,detection_train_0909.jpg
train,img_1883_jpg.rf.fb7e763019d80d0264521c423f7b7ea7.jpg,detection_train_0910.jpg
train,img_1884_jpg.rf.a881f5341d3b99d33b05e98592d76b55.jpg,detection_train_0911.jpg
train,img_1885_jpg.rf.9d6120c0deac0593f7a6358a5baa2e17.jpg,detection_train_0912.jpg
train,img_1886_jpg.rf.01d26113dd5fc70f0fa731189e583921.jpg,detection_train_0913.jpg
train,img_1887_jpg.rf.81a89fdea5a37e66ee98f9eacccbd2fc.jpg,detection_train_0914.jpg
train,img_1888_jpg.rf.23310954b0918cc22100871101e05391.jpg,detection_train_0915.jpg
train,img_1889_jpg.rf.763e77e7e6b4ec64710d62b82bf7b05e.jpg,detection_train_0916.jpg
train,img_1890_jpg.rf.daf59d6ff016d1a27d117c4df7e3ffc9.jpg,detection_train_0917.jpg
train,img_1892_jpg.rf.51297aea6270a39aa325c0c73edcdb7b.jpg,detection_train_0918.jpg
train,img_1893_jpg.rf.be348bf652ab40da9adcc6cebf2a1552.jpg,detection_train_0919.jpg
train,img_1894_jpg.rf.4267abc0113949928d8fa14f41a3e57b.jpg,detection_train_0920.jpg
train,img_1895_jpg.rf.2a712fa898f06307a3f84d968c30bc6f.jpg,detection_train_0921.jpg
train,img_1896_jpg.rf.1f503d021f28c449201e62e69240ae25.jpg,detection_train_0922.jpg
train,img_1897_jpg.rf.6774836dd608d1805917498fcfe98b88.jpg,detection_train_0923.jpg
train,img_1898_jpg.rf.64de1cb88840d483405ce2c8ae1faa2d.jpg,detection_train_0924.jpg
train,img_1901_jpg.rf.0d7ec255b5ee857ca32b7abb8d6d08be.jpg,detection_train_0925.jpg
train,img_1902_jpg.rf.b796a82005614d2ca01cdf26c86b08f0.jpg,detection_train_0926.jpg
train,img_1904_jpg.rf.e66cdacabf5a4a318cf89f181714e0ee.jpg,detection_train_0927.jpg
train,img_1905_jpg.rf.c7c8a72733880a4735d4010598522f9b.jpg,detection_train_0928.jpg
train,img_1907_jpg.rf.2f042d0ddf540f75d26f3b45b83cdead.jpg,detection_train_0929.jpg
train,img_1908_jpg.rf.791f1a9e60ec649e32e2b6b476163796.jpg,detection_train_0930.jpg
train,img_1910_jpg.rf.cda9950ef7ad582191eff4de16e77fd3.jpg,detection_train_0931.jpg
train,img_1912_jpg.rf.55ae306cb73ca23d35d5e9916d83e166.jpg,detection_train_0932.jpg
train,img_1914_jpg.rf.ba71b20d454e7bfaaa247f92f4301f7a.jpg,detection_train_0933.jpg
train,img_1915_jpg.rf.a8effcaf0d3c38e063f7351c9757eb06.jpg,detection_train_0934.jpg
train,img_1916_jpg.rf.735a7f95d46603096cb039fba2e7f8ee.jpg,detection_train_0935.jpg
train,img_1922_jpg.rf.e6e3fe744d269ab7b16089f227e6d416.jpg,detection_train_0936.jpg
train,img_1924_jpg.rf.52c7aabbdb05a541cd08b47ac24afb0c.jpg,detection_train_0937.jpg
train,img_1925_jpg.rf.5d49ac9479e7701c4220a6058abac4ca.jpg,detection_train_0938.jpg
train,img_1927_jpg.rf.198c54eb6a26742d814638c10076c5df.jpg,detection_train_0939.jpg
train,img_1928_jpg.rf.88a94b6f6f5633cd3faa38c75e341971.jpg,detection_train_0940.jpg
train,img_1929_jpg.rf.d3aeabcf3b27428c1ba2652594214c27.jpg,detection_train_0941.jpg
train,img_1930_jpg.rf.5418c6ed85f79accfe8531dd0e0863a0.jpg,detection_train_0942.jpg
train,img_1931_jpg.rf.f385cf0feaff13411ef1094b530aa94b.jpg,detection_train_0943.jpg
train,img_1932_jpg.rf.dacffc907d53e2f0b9dde04b838bc1bf.jpg,detection_train_0944.jpg
train,img_1935_jpg.rf.b7ad180c92193c3a8028f5fcd702dcc5.jpg,detection_train_0945.jpg
train,img_1936_jpg.rf.6b305fd81469056f42c48105d0efb203.jpg,detection_train_0946.jpg
train,img_1938_jpg.rf.65e2e2c719ca8f5438def339faed693f.jpg,detection_train_0947.jpg
train,img_1939_jpg.rf.4ea2d040ab19776864b3196490a39eec.jpg,detection_train_0948.jpg
train,img_1940_jpg.rf.a4071384278a84f3a8789e25bb0e9b44.jpg,detection_train_0949.jpg
train,img_1941_jpg.rf.604ad2828c5134c12d8df2db5cacacc1.jpg,detection_train_0950.jpg
train,img_1943_jpg.rf.2e49cf83ea0c34b251fc2d1253ee02b3.jpg,detection_train_0951.jpg
train,img_1944_jpg.rf.4e31975243e512a23d60588e158f0aef.jpg,detection_train_0952.jpg
train,img_1946_jpg.rf.94082478efc5409f60d167c2eeec7c05.jpg,detection_train_0953.jpg
train,img_1947_jpg.rf.5441332b7774cc444ba18cc105ca1456.jpg,detection_train_0954.jpg
train,img_1948_jpg.rf.4b4ca62938ce0a6155f03f64dec3e706.jpg,detection_train_0955.jpg
train,img_1949_jpg.rf.20fc847d09443d29638ac86e1b10c825.jpg,detection_train_0956.jpg
train,img_1950_jpg.rf.87baead9494f447286a02ecd175e1df9.jpg,detection_train_0957.jpg
train,img_1951_jpg.rf.d8bc9b949a74856983ece7ec769916c0.jpg,detection_train_0958.jpg
train,img_1953_jpg.rf.7d26fc14675a5a69a392d6ea93ea45ea.jpg,detection_train_0959.jpg
train,img_1955_jpg.rf.7372b1cbde1d76281d4494d59c98cb5c.jpg,detection_train_0960.jpg
train,img_1956_jpg.rf.2fdbe0b47307494e5b8d30727c342669.jpg,detection_train_0961.jpg
train,img_1958_jpg.rf.e3ce95beb0df2e4190fa2ba1fc80a689.jpg,detection_train_0962.jpg
train,img_1959_jpg.rf.d6393ec6c547b0bddffc1ed2f57979d3.jpg,detection_train_0963.jpg
train,img_1960_jpg.rf.cb40fca047a340227546a817050842a1.jpg,detection_train_0964.jpg
train,img_1961_jpg.rf.2e773d82a49fce0f81f4bd919f715277.jpg,detection_train_0965.jpg
train,img_1962_jpg.rf.c6a65366693e54a119b5fab166bcc590.jpg,detection_train_0966.jpg
train,img_1964_jpg.rf.986e3e5dc7560791378b5ee3f2da7cc6.jpg,detection_train_0967.jpg
train,img_1965_jpg.rf.1872b5a83e0fa54ece4507362b8f0254.jpg,detection_train_0968.jpg
train,img_1966_jpg.rf.2c0b596a1027a3ebc4b570c28bd3c473.jpg,detection_train_0969.jpg
train,img_1967_jpg.rf.791c8dcb90adcdc21436a80d72878e31.jpg,detection_train_0970.jpg
train,img_1968_jpg.rf.f9998b0cdd743b5d7fed0ae5f78c1d9e.jpg,detection_train_0971.jpg
train,img_1969_jpg.rf.a2dc90ee49c719a9f2b2340ebe744c6d.jpg,detection_train_0972.jpg
train,img_1970_jpg.rf.2afb86b8c634b2e2638334c3ab836368.jpg,detection_train_0973.jpg
train,img_1971_jpg.rf.3fbe1c0685cb922b85e53101bf04b0c6.jpg,detection_train_0974.jpg
train,img_1972_jpg.rf.9d58ee9af003946e532856a4dec32a3b.jpg,detection_train_0975.jpg
train,img_1975_jpg.rf.8ea71db08ad962137d222ece73ba4abf.jpg,detection_train_0976.jpg
train,img_1976_jpg.rf.d68d33f4f8902b92ec45971bdea81ead.jpg,detection_train_0977.jpg
train,img_1977_jpg.rf.e68b7a9b4bcdc628ff40c461e8950173.jpg,detection_train_0978.jpg
train,img_1979_jpg.rf.c6226b07f9a9855634b83f1e8efbca46.jpg,detection_train_0979.jpg
train,img_1981_jpg.rf.5e77fbc7ddd2cca63f61b7f12ac31fcf.jpg,detection_train_0980.jpg
train,img_1982_jpg.rf.570a65a1e8e7a4d38e2073bb2a22cf50.jpg,detection_train_0981.jpg
train,img_1983_jpg.rf.c082e4bed407806118323d374dfe5737.jpg,detection_train_0982.jpg
train,img_1984_jpg.rf.cc81124439fb5b8af455db7fd51dfe63.jpg,detection_train_0983.jpg
train,img_1985_jpg.rf.be01fbf197d54b16ae335d57b8e4a66a.jpg,detection_train_0984.jpg
train,img_1986_jpg.rf.2f983b04ebbdb6cb0848a83c26de2ef6.jpg,detection_train_0985.jpg
train,img_1987_jpg.rf.33d69423a50a088e16cc9b62bc4977fa.jpg,detection_train_0986.jpg
train,img_1988_jpg.rf.5537b649764663c0df3458f0364f9aab.jpg,detection_train_0987.jpg
train,img_1989_jpg.rf.587ffde0c04c41c5f5e4a5b378eeefff.jpg,detection_train_0988.jpg
train,img_1990_jpg.rf.42d1337a3d9756f85a9a75eedb66d36d.jpg,detection_train_0989.jpg
train,img_1991_jpg.rf.0e6f67188554d5c41aa926b00be2aed6.jpg,detection_train_0990.jpg
train,img_1995_jpg.rf.33e6462696425bff16f0ea3f110af4e5.jpg,detection_train_0991.jpg
train,img_1996_jpg.rf.ed532348ce52fa7ff4751cad5de63b37.jpg,detection_train_0992.jpg
train,img_1997_jpg.rf.c8624f80e228c495cbd26e58163a8fed.jpg,detection_train_0993.jpg
train,img_1998_jpg.rf.eea403bd45b1c097bf0d758ed54f5293.jpg,detection_train_0994.jpg
train,img_1999_jpg.rf.42eaadad8bb482baa29370bcd829c07f.jpg,detection_train_0995.jpg
train,img_2000_jpg.rf.4fa75ee7af9ae2941e110c02bdc307fa.jpg,detection_train_0996.jpg
train,img_2003_jpg.rf.26008e821b0b47039293703a62bd0b9a.jpg,detection_train_0997.jpg
train,img_2004_jpg.rf.4987114d71c0d3fcb579db841bcf40b3.jpg,detection_train_0998.jpg
train,img_2008_jpg.rf.2aeaaacce88ffc2b8a0207108bbf7cca.jpg,detection_train_0999.jpg
train,img_2013_jpg.rf.8bb720d510bd909bd94b31cfc072e0bf.jpg,detection_train_1000.jpg
train,img_2014_jpg.rf.7309d747da1d9ccedcfde70dc1e02098.jpg,detection_train_1001.jpg
train,img_2015_jpg.rf.e6ec5f8f98a9542aa153b1066eb5873c.jpg,detection_train_1002.jpg
train,img_2016_jpg.rf.992ea1979825847ff7cb3e2ea53679c6.jpg,detection_train_1003.jpg
train,img_2017_jpg.rf.c9f3055ddc2fcb640a3164e2d4565cb2.jpg,detection_train_1004.jpg
train,img_2018_jpg.rf.abbd4ce31a9b6638645934225652b38d.jpg,detection_train_1005.jpg
train,img_2021_jpg.rf.c58620c36c6decf9407dcb6c3c717137.jpg,detection_train_1006.jpg
train,img_2022_jpg.rf.3e4235689cb4206b3cedf308415157f6.jpg,detection_train_1007.jpg
train,img_2023_jpg.rf.10097256b6c7e948d42aee1135d1cdda.jpg,detection_train_1008.jpg
train,img_2024_jpg.rf.e628639b3aa6fbc56d16ddcb1000f6e1.jpg,detection_train_1009.jpg
train,img_2025_jpg.rf.9ef4f01417cb7623305414758b3edad6.jpg,detection_train_1010.jpg
train,img_2026_jpg.rf.12f93e5604a78b4db403fdd4b653379c.jpg,detection_train_1011.jpg
train,img_2028_jpg.rf.80d04caa4eeeb5b8d1ef4e71b318a4ec.jpg,detection_train_1012.jpg
train,img_2030_jpg.rf.62639da8f942162ba56a67fa7de4a75a.jpg,detection_train_1013.jpg
train,img_2032_jpg.rf.1ab086e89f02b0bef52bf425deb2b3bd.jpg,detection_train_1014.jpg
train,img_2033_jpg.rf.5ced7f599a72c6052fa11073188e87c4.jpg,detection_train_1015.jpg
train,img_2034_jpg.rf.9732bcf38cefff0ac4cf9d3673f5ca05.jpg,detection_train_1016.jpg
train,img_2036_jpg.rf.c0bff6c110c849bdeb9c8b017050b8ee.jpg,detection_train_1017.jpg
train,img_2037_jpg.rf.a15c4307d757e175b5231b6c152fa1de.jpg,detection_train_1018.jpg
train,img_2040_jpg.rf.baaef257662e2d05572dbca06d15d209.jpg,detection_train_1019.jpg
train,img_2041_jpg.rf.79c282a03a34b9298bb206f7e17a0445.jpg,detection_train_1020.jpg
train,img_2042_jpg.rf.ad5e64b8a8021c25017eb4416013a2c1.jpg,detection_train_1021.jpg
train,img_2043_jpg.rf.836f644dd7468f223db382e281fa8e1d.jpg,detection_train_1022.jpg
train,img_2044_jpg.rf.e530ae13fcb26ae66d9ef18625084c73.jpg,detection_train_1023.jpg
train,img_2045_jpg.rf.06d75ffe14c17ad3a42c413605b1a7ad.jpg,detection_train_1024.jpg
train,img_2047_jpg.rf.3684c409d676cd7acb5919c026fe1b2f.jpg,detection_train_1025.jpg
train,img_2049_jpg.rf.a43c5b81dc562a21805d4986317f8955.jpg,detection_train_1026.jpg
train,img_2052_jpg.rf.097c314bc8e067ca0b5429a638eee5c8.jpg,detection_train_1027.jpg
train,img_2053_jpg.rf.bb40a46c757645f20ee80fd31aa0a8dc.jpg,detection_train_1028.jpg
train,img_2054_jpg.rf.319a71538d47d99d28422f94b4707b1e.jpg,detection_train_1029.jpg
train,img_2056_jpg.rf.bc3f0f98ccd1ac925e6115ede9f1cc80.jpg,detection_train_1030.jpg
train,img_2057_jpg.rf.1ab4c56b50aff60b56910ab3f2093d22.jpg,detection_train_1031.jpg
train,img_2058_jpg.rf.82e4a63c88a41c6bd33360a172904061.jpg,detection_train_1032.jpg
train,img_2060_jpg.rf.aec2be7f04db71a2084eff3147dd86bd.jpg,detection_train_1033.jpg
train,img_2062_jpg.rf.2f037cce1c0a62bc436250d744195877.jpg,detection_train_1034.jpg
train,img_2063_jpg.rf.10026f4659120c11af7b0fa8262b6308.jpg,detection_train_1035.jpg
train,img_2064_jpg.rf.74983cdb8ee1159a59d53705f8966168.jpg,detection_train_1036.jpg
train,img_2065_jpg.rf.8efc4c37b1d08af65deb6a061ae283e6.jpg,detection_train_1037.jpg
train,img_2066_jpg.rf.2bde5bd608ccfcd5e44f5700e687e3ff.jpg,detection_train_1038.jpg
train,img_2068_jpg.rf.550949595369ae55e0bb9c5ec626a00d.jpg,detection_train_1039.jpg
train,img_2069_jpg.rf.7fa93f360c298bc1c5792a3742e69784.jpg,detection_train_1040.jpg
train,img_2071_jpg.rf.165ce5338c771977820c9fa19e67d754.jpg,detection_train_1041.jpg
train,img_2072_jpg.rf.d91d35b2cf24f2f2fd1357cd0ef175ec.jpg,detection_train_1042.jpg
train,img_2073_jpg.rf.ef6ca98bc69c74664d37861448ee4972.jpg,detection_train_1043.jpg
train,img_2074_jpg.rf.e6ccde37c32d6c28a38a9016a1057c0c.jpg,detection_train_1044.jpg
train,img_2075_jpg.rf.b1344fc4d686ca0ee4a75a2637e48bb4.jpg,detection_train_1045.jpg
train,img_2076_jpg.rf.ae9fe6d8577deca347b19bc618e04a5e.jpg,detection_train_1046.jpg
train,img_2077_jpg.rf.b18c9cacaaa4482211ae71cb9fbb9d84.jpg,detection_train_1047.jpg
train,img_2078_jpg.rf.05afdcfc190b66392cc4d946ce47594a.jpg,detection_train_1048.jpg
train,img_2079_jpg.rf.694f55bf392f5be253f44e71f854b5ab.jpg,detection_train_1049.jpg
train,img_2081_jpg.rf.01d8d335be5922b5fd9fad40a82099d3.jpg,detection_train_1050.jpg
train,img_2082_jpg.rf.bb6291259457cc486f024faf503eb393.jpg,detection_train_1051.jpg
train,img_2084_jpg.rf.5f2f017c0da6221b756e17f5243c5659.jpg,detection_train_1052.jpg
train,img_2085_jpg.rf.8c06a7d16f28355bfdc13130bc7467c8.jpg,detection_train_1053.jpg
train,img_2088_jpg.rf.c2aa4c59aefbab894506f215d36174ef.jpg,detection_train_1054.jpg
train,img_2089_jpg.rf.d96d32008ee2b0715f718be9e5e9a4a3.jpg,detection_train_1055.jpg
train,img_2090_jpg.rf.223ac1ef01f3628070906b85b15f34f2.jpg,detection_train_1056.jpg
train,img_2091_jpg.rf.52ac64397c745a2757a8f1f078f23412.jpg,detection_train_1057.jpg
train,img_2092_jpg.rf.7761275106145334dfdc787a0805d3ec.jpg,detection_train_1058.jpg
train,img_2093_jpg.rf.256b0cb48dff63757ac3568890ea467e.jpg,detection_train_1059.jpg
train,img_2094_jpg.rf.5172fc47e104d7009b7fa0a6df0ed882.jpg,detection_train_1060.jpg
train,img_2095_jpg.rf.f3d46bc194ada2eed2a458e98b2d66a9.jpg,detection_train_1061.jpg
train,img_2096_jpg.rf.a9bc5c21a2bbebcaf68836c273146cad.jpg,detection_train_1062.jpg
train,img_2097_jpg.rf.ada58c25a6feea7504491a4f3b1bf191.jpg,detection_train_1063.jpg
train,img_2098_jpg.rf.029b3e76882eda06176d0b9c5519a292.jpg,detection_train_1064.jpg
train,img_2099_jpg.rf.ede363b0740755394c21aa12c2f1a928.jpg,detection_train_1065.jpg
train,img_2100_jpg.rf.7a6bb4442a215c548e70a62a10c9fb4e.jpg,detection_train_1066.jpg
train,img_2101_jpg.rf.deed603e36a17dde7cd56098d29fc992.jpg,detection_train_1067.jpg
train,img_2102_jpg.rf.2de4f60c8444c1bdf4803813f66db0a9.jpg,detection_train_1068.jpg
train,img_2105_jpg.rf.60b64830f61a8b6354b7f98acdc19399.jpg,detection_train_1069.jpg
train,img_2106_jpg.rf.15539bec5d45db8f4635d51331c400c0.jpg,detection_train_1070.jpg
train,img_2107_jpg.rf.5e1488d42de80070eee1fdb752dfbc5a.jpg,detection_train_1071.jpg
train,img_2108_jpg.rf.a9d05e94235b6be3849ffd1bdd67ade5.jpg,detection_train_1072.jpg
train,img_2109_jpg.rf.d50d22f5381abcedc095eba98ab081a7.jpg,detection_train_1073.jpg
train,img_2110_jpg.rf.4124c39a8597c291c04cfd97500affdc.jpg,detection_train_1074.jpg
train,img_2111_jpg.rf.a1927666398640d132b1be6780b598a3.jpg,detection_train_1075.jpg
train,img_2113_jpg.rf.db8e81e913e020eb076f70eadf9a2aa7.jpg,detection_train_1076.jpg
train,img_2114_jpg.rf.7cd289f3c6aa32718d48c1e26dde2aca.jpg,detection_train_1077.jpg
train,img_2115_jpg.rf.306d0c446f3be0771956e4700aa88ae9.jpg,detection_train_1078.jpg
train,img_2116_jpg.rf.9af3b9971a3c75d29ebc5dd1d6e8d1c6.jpg,detection_train_1079.jpg
train,img_2118_jpg.rf.7884c68d1b54ddd9b103df2dff284324.jpg,detection_train_1080.jpg
train,img_2121_jpg.rf.95798ae7ebd89e6afa4b1a174a57fe8e.jpg,detection_train_1081.jpg
train,img_2124_jpg.rf.734138bdba827ee6154fad5e7a08992b.jpg,detection_train_1082.jpg
train,img_2125_jpg.rf.c2025ba05a3ea2673fb4d58ce7782bff.jpg,detection_train_1083.jpg
train,img_2126_jpg.rf.e563693573b07248fdad15a31b59721b.jpg,detection_train_1084.jpg
train,img_2127_jpg.rf.1a1f5bcb200124753aae51f502ef0265.jpg,detection_train_1085.jpg
train,img_2128_jpg.rf.291be1acae33fd00541507f4390a4741.jpg,detection_train_1086.jpg
train,img_2129_jpg.rf.64e6d5c46b9e99c84cdd5d67fd34d921.jpg,detection_train_1087.jpg
train,img_2130_jpg.rf.80e80bb3224b8b915fe73bc59bd05b87.jpg,detection_train_1088.jpg
train,img_2134_jpg.rf.1566cc713b54376a7af4954d34e58314.jpg,detection_train_1089.jpg
train,img_2135_jpg.rf.d3268447285c84f1d6cb141685233267.jpg,detection_train_1090.jpg
train,img_2136_jpg.rf.7fbd22f104fdc47bc2baf6abebbe5a11.jpg,detection_train_1091.jpg
train,img_2137_jpg.rf.1f4f9068ae389257cc5703dc14a44d01.jpg,detection_train_1092.jpg
train,img_2138_jpg.rf.353fdf718cbaaed22c69a381c9082236.jpg,detection_train_1093.jpg
train,img_2139_jpg.rf.888c68ba1b566bf68722dab602346ead.jpg,detection_train_1094.jpg
train,img_2140_jpg.rf.e6dcdf1b9ed6f7a4445d36f120fd8b6c.jpg,detection_train_1095.jpg
train,img_2141_jpg.rf.e770d0dc0cf581aa5a3ef916a1a5a5d9.jpg,detection_train_1096.jpg
train,img_2142_jpg.rf.85042dec19d1232e82af244d3ce8e4b5.jpg,detection_train_1097.jpg
train,img_2143_jpg.rf.12909aa2d5a471f61c1f05ec25a23294.jpg,detection_train_1098.jpg
train,img_2144_jpg.rf.b968c8852b51984bd965481774a393a5.jpg,detection_train_1099.jpg
train,img_2145_jpg.rf.644f9e942974dcbe2058a73464f63697.jpg,detection_train_1100.jpg
train,img_2146_jpg.rf.cad7a27b11663cfb4bd3383192867bb5.jpg,detection_train_1101.jpg
train,img_2147_jpg.rf.8d36249716f7b7f216daeb2a2bc37255.jpg,detection_train_1102.jpg
train,img_2148_jpg.rf.2b0928969fa50b8c8be1620851da6877.jpg,detection_train_1103.jpg
train,img_2150_jpg.rf.36648b69eba4de1063be0af09de32de7.jpg,detection_train_1104.jpg
train,img_2151_jpg.rf.a4a90c6b53bceb90889d70f5c69f204e.jpg,detection_train_1105.jpg
train,img_2153_jpg.rf.6d56fb024968d13f9d02ad3f00e778b4.jpg,detection_train_1106.jpg
train,img_2154_jpg.rf.7c2e24dd04020d1a3a04beae935d6c2a.jpg,detection_train_1107.jpg
train,img_2155_jpg.rf.88c0f1ce36690ddf0490d87e1a2f0e71.jpg,detection_train_1108.jpg
train,img_2158_jpg.rf.92aada93763c73b93d9c7952ffdabb6d.jpg,detection_train_1109.jpg
train,img_2159_jpg.rf.77777bb0e6a0da0215c54c171933fd42.jpg,detection_train_1110.jpg
train,img_2162_jpg.rf.a3676864e8ce4f1acd52638beb6a55a9.jpg,detection_train_1111.jpg
train,img_2164_jpg.rf.31c880eea681b32e4db11a973f2c2e90.jpg,detection_train_1112.jpg
train,img_2165_jpg.rf.50f1a22d29860211693a60d10dd499f8.jpg,detection_train_1113.jpg
train,img_2166_jpg.rf.b5c06219e3197f1f8690c3bb8c5099dc.jpg,detection_train_1114.jpg
train,img_2167_jpg.rf.95b9168015d60c897cd8574b7ed1b79d.jpg,detection_train_1115.jpg
train,img_2168_jpg.rf.b6f904e0a0954d72826ba53be4aad8ea.jpg,detection_train_1116.jpg
train,img_2169_jpg.rf.8bf966d2c68bda0bd2aeb1e025e74282.jpg,detection_train_1117.jpg
train,img_2170_jpg.rf.d04740573dc3a0015d97c8384afd4932.jpg,detection_train_1118.jpg
train,img_2171_jpg.rf.41bcb8c90e0a1bb63c51f9205fa6c30c.jpg,detection_train_1119.jpg
train,img_2174_jpg.rf.6b43c9102f4da99c1be0d666de539bcc.jpg,detection_train_1120.jpg
train,img_2176_jpg.rf.8dad5a195f57163b28f3494887cf8900.jpg,detection_train_1121.jpg
train,img_2178_jpg.rf.abdbcb600b63b52a2bac31303567967f.jpg,detection_train_1122.jpg
train,img_2179_jpg.rf.56c242869dc8ab8bfe159ede03607072.jpg,detection_train_1123.jpg
train,img_2180_jpg.rf.2339741460c98753738107ec6e1e8482.jpg,detection_train_1124.jpg
train,img_2181_jpg.rf.1548537517c888c9e239426f8ff73cdf.jpg,detection_train_1125.jpg
train,img_2183_jpg.rf.4de0f46b1dbcfd350aafda47b925ecc4.jpg,detection_train_1126.jpg
train,img_2184_jpg.rf.71539513a9973afd3cc29d3c46f71e84.jpg,detection_train_1127.jpg
train,img_2185_jpg.rf.ad13dc8534f3eea04f04f67ad07fd7bf.jpg,detection_train_1128.jpg
train,img_2186_jpg.rf.770514dba8b5c2845495e1096373f585.jpg,detection_train_1129.jpg
train,img_2187_jpg.rf.354002a137b3ac7b3d76abbc64f006ce.jpg,detection_train_1130.jpg
train,img_2189_jpg.rf.693ad6bfaf4fe0f35d7b968f2912e0ac.jpg,detection_train_1131.jpg
train,img_2191_jpg.rf.17e0a84e6813dcad724a469d6654eb22.jpg,detection_train_1132.jpg
train,img_2192_jpg.rf.6e1268990db8396b9d694b77e760a0ef.jpg,detection_train_1133.jpg
train,img_2195_jpg.rf.87f9bd63aae4851b9330a1a7bd9bebc6.jpg,detection_train_1134.jpg
train,img_2196_jpg.rf.ba4da1eb075bf9a4e4ebc1d9bcf9eb76.jpg,detection_train_1135.jpg
train,img_2198_jpg.rf.1551a63c223fb5c06ce0d3bcb067f1e7.jpg,detection_train_1136.jpg
train,img_2199_jpg.rf.0dece2ba230de3814697b0dca410ff07.jpg,detection_train_1137.jpg
train,img_2273_jpg.rf.8f095b3da25bff5722dd851b3b5a662f.jpg,detection_train_1138.jpg
train,img_2282_jpg.rf.ba69ce301ae6e08586a1386a27fd8869.jpg,detection_train_1139.jpg
train,img_2305_jpg.rf.8cb7a346409a0008ad1c9e4c0d38dc58.jpg,detection_train_1140.jpg
train,img_2392_jpg.rf.178db8fb2450ff5c356a1b3f581300f2.jpg,detection_train_1141.jpg
train,img_2397_jpg.rf.d92d9f81c8c5b4e7d0d2dc1093ec4560.jpg,detection_train_1142.jpg
train,img_2398_jpg.rf.48ad1535b50305f9e3fb19d6373a6932.jpg,detection_train_1143.jpg
train,img_2399_jpg.rf.181a5bb34e72181d13a30f89dc83f4da.jpg,detection_train_1144.jpg
train,img_2401_jpg.rf.10425bbe95e6c21d8ae23eaa2c6a7e6a.jpg,detection_train_1145.jpg
train,img_2402_jpg.rf.dfba7df606ed48e684e5ccdc40247d81.jpg,detection_train_1146.jpg
train,img_2407_jpg.rf.cabd2e2892221aad04dad4f770cf1559.jpg,detection_train_1147.jpg
train,img_2409_jpg.rf.a80948d15d7339a28079bef2fc2b091f.jpg,detection_train_1148.jpg
train,img_2410_jpg.rf.e17d3919949e9a97ccfe5ca9df51ac91.jpg,detection_train_1149.jpg
train,img_2411_jpg.rf.ee85177238582e0b0ec6839afa4f7247.jpg,detection_train_1150.jpg
train,img_2412_jpg.rf.c72e2674e5a885093b2d3880abb2b09e.jpg,detection_train_1151.jpg
train,img_2413_jpg.rf.e5508ebd13db699da31b569d9eb67a32.jpg,detection_train_1152.jpg
train,img_2415_jpg.rf.2200960a71d101db6923cf90787a24b2.jpg,detection_train_1153.jpg
train,img_2417_jpg.rf.6125e86b1698b9c717efa7f7a9ee3865.jpg,detection_train_1154.jpg
train,img_2421_jpg.rf.6a64f621351fa47d067f5ef73312d89b.jpg,detection_train_1155.jpg
train,img_2422_jpg.rf.c8d1d9b9c030fe0bb4efbcf781eb0031.jpg,detection_train_1156.jpg
train,img_2423_jpg.rf.0239bf15292f3de73edebfaa520a7162.jpg,detection_train_1157.jpg
train,img_2425_jpg.rf.35a91fd01dce841ec85f275795587612.jpg,detection_train_1158.jpg
train,img_2427_jpg.rf.2b11d5bca64e9730f7b2fc5a51da6498.jpg,detection_train_1159.jpg
train,img_2429_jpg.rf.4235ca4959502514a25979e94a746f5c.jpg,detection_train_1160.jpg
train,img_2430_jpg.rf.a05b741e29c4c39325c2bbed8631c132.jpg,detection_train_1161.jpg
train,img_2431_jpg.rf.afce5038678cb60815b8c4bea9f742ff.jpg,detection_train_1162.jpg
train,img_2433_jpg.rf.70c9af2744ddbf3c21875359c781a5b0.jpg,detection_train_1163.jpg
train,img_2434_jpg.rf.6044aadf1d4e2baf61df7a6a74d6efbb.jpg,detection_train_1164.jpg
train,img_2435_jpg.rf.286c40e0c9ab6a78c688b83b7fc1a92a.jpg,detection_train_1165.jpg
train,img_2436_jpg.rf.ee3ff05fd30696453ffd28878fd40359.jpg,detection_train_1166.jpg
train,img_2437_jpg.rf.c90d51366e5a83e2e424e7c137837ac4.jpg,detection_train_1167.jpg
train,img_2438_jpg.rf.2cd77924a2c962a2e59b73719e5a50a5.jpg,detection_train_1168.jpg
train,img_2439_jpg.rf.c3f0101c9557917dd75114bbc0d86407.jpg,detection_train_1169.jpg
train,img_2440_jpg.rf.174b07123d9c2e608b328d07e1c3425e.jpg,detection_train_1170.jpg
train,img_2443_jpg.rf.5771e571ba95fc51683d91e0bd1dbcfe.jpg,detection_train_1171.jpg
train,img_2444_jpg.rf.eaa2eb8c89098b7b034043b205ea9ef7.jpg,detection_train_1172.jpg
train,img_2448_jpg.rf.e4c6dc35cd01bf884d8aa62883fabe84.jpg,detection_train_1173.jpg
train,img_2449_jpg.rf.4681212e03c023228d71cbc44e1779de.jpg,detection_train_1174.jpg
train,img_2450_jpg.rf.b9c83d9e22f3952f32fb7a02ed7c1a2b.jpg,detection_train_1175.jpg
train,img_2451_jpg.rf.9ceb8759fdcd119840f84a36c6ad790f.jpg,detection_train_1176.jpg
train,img_2452_jpg.rf.b2d736a97b58bb7b1edfd7b2f4f6fab4.jpg,detection_train_1177.jpg
train,img_2453_jpg.rf.8197f675a51eed8422cf5fa4cf1fea32.jpg,detection_train_1178.jpg
train,img_2457_jpg.rf.afe0457018f1de1418bce512f1f47c61.jpg,detection_train_1179.jpg
train,img_2458_jpg.rf.69964f84302cccd4ca43d44819b1d302.jpg,detection_train_1180.jpg
train,img_2460_jpg.rf.a2a0226738c4339d1db2edfcc4ce8446.jpg,detection_train_1181.jpg
train,img_2461_jpg.rf.ee109e22b1675a4c7d64bbbcf79c5ad2.jpg,detection_train_1182.jpg
train,img_2462_jpg.rf.7ec577ed20348257207ad9f9c7fe64b7.jpg,detection_train_1183.jpg
train,img_2463_jpg.rf.764d2e14da2a1a95b70900f6b5ee00f7.jpg,detection_train_1184.jpg
train,img_2465_jpg.rf.cf2f55104e52a8371e7b785a8a903ad0.jpg,detection_train_1185.jpg
train,img_2466_jpg.rf.e9ef9a2edb172e50ca0013a73596183a.jpg,detection_train_1186.jpg
train,img_2467_jpg.rf.d839d133e63cd976c906380507fb7a89.jpg,detection_train_1187.jpg
train,img_2468_jpg.rf.857899c5fdb1a7a01d6ae5c52578f4ac.jpg,detection_train_1188.jpg
train,img_2469_jpg.rf.20b3cca82a455a400e9caacba283fb7a.jpg,detection_train_1189.jpg
train,img_2470_jpg.rf.6c6419454a1fa8112a100c60bbef16ef.jpg,detection_train_1190.jpg
train,img_2471_jpg.rf.50f3a2c7fae0c915c72253fa2deb15ed.jpg,detection_train_1191.jpg
train,img_2473_jpg.rf.5ac401ccaa66df9d77b580e494d71053.jpg,detection_train_1192.jpg
train,img_2474_jpg.rf.ac20dc7eb105724e565a37936d21e12d.jpg,detection_train_1193.jpg
train,img_2476_jpg.rf.22c4b5bead9ef82edc1710738e6e30d7.jpg,detection_train_1194.jpg
train,img_2478_jpg.rf.0c272f01cbd67adebb5c3594bea23950.jpg,detection_train_1195.jpg
train,img_2479_jpg.rf.20738ff9ba1db165d795772e06d23a3f.jpg,detection_train_1196.jpg
train,img_2481_jpg.rf.68fc4c3b4a4e20d18027049111a43f0d.jpg,detection_train_1197.jpg
train,img_2482_jpg.rf.8a50a6907ea9d3bc66f295eae57301a7.jpg,detection_train_1198.jpg
train,img_2483_jpg.rf.8cfad35fe758b796881e1eea006000a7.jpg,detection_train_1199.jpg
train,img_2485_jpg.rf.75dddb2d2d2d29d149fcf7cad6d3ced7.jpg,detection_train_1200.jpg
train,img_2486_jpg.rf.075b8f1b311ec054ee11745fb9bd534a.jpg,detection_train_1201.jpg
train,img_2488_jpg.rf.1ece0ecef218f605a3fcc1991cc86f13.jpg,detection_train_1202.jpg
train,img_2489_jpg.rf.a088a0195cfe28a8268d3fd5baefb009.jpg,detection_train_1203.jpg
train,img_2492_jpg.rf.8344f07bfbd115aaf7ba1c47b257b581.jpg,detection_train_1204.jpg
train,img_2493_jpg.rf.9bf91ab2efdb1cf3eee38159686fad8d.jpg,detection_train_1205.jpg
train,img_2495_jpg.rf.4ec18388e1132323c9f103d2c8a0ade5.jpg,detection_train_1206.jpg
train,img_2496_jpg.rf.9f5d2b076a09076c5514635b41c481ef.jpg,detection_train_1207.jpg
train,img_2501_jpg.rf.76947d66c710dc50515514bae7317c6d.jpg,detection_train_1208.jpg
train,img_2502_jpg.rf.49f91ec822f176d8e637dd68f3dae7f8.jpg,detection_train_1209.jpg
train,img_2503_jpg.rf.85f319deab4509b75886f0babaa6ef4d.jpg,detection_train_1210.jpg
train,img_2504_jpg.rf.f887ec2c9790814784466d320538b64a.jpg,detection_train_1211.jpg
train,img_2506_jpg.rf.e55aa8325de372c33ec5646024c6b7a4.jpg,detection_train_1212.jpg
train,img_2507_jpg.rf.6404a6ccd98555c43f36ac539b3a36ee.jpg,detection_train_1213.jpg
train,img_2508_jpg.rf.07d1548e79b402ee2bd31aa7bb5cc42f.jpg,detection_train_1214.jpg
train,img_2512_jpg.rf.936cc35e0949b73adc44887350eaae87.jpg,detection_train_1215.jpg
train,img_2514_jpg.rf.f2736b59e83776703a92051a2eace453.jpg,detection_train_1216.jpg
train,img_2516_jpg.rf.ada7b42bee2f1bafec2c9b43c1805b5f.jpg,detection_train_1217.jpg
train,img_2518_jpg.rf.6884fd3198a7a84aa84ac19581fa0636.jpg,detection_train_1218.jpg
train,img_2519_jpg.rf.50804954fdd486b920420c26e3d51d2d.jpg,detection_train_1219.jpg
train,img_2521_jpg.rf.126a9b63a53087fa80aa9530bf10d7ca.jpg,detection_train_1220.jpg
train,img_2522_jpg.rf.efeeefa4050cde033de4d22d5ef0a16d.jpg,detection_train_1221.jpg
train,img_2523_jpg.rf.ae699841573f2ae6c9dda51b88f42137.jpg,detection_train_1222.jpg
train,img_2524_jpg.rf.137623f055bb64f21cd3159de1ee4fb6.jpg,detection_train_1223.jpg
train,img_2525_jpg.rf.695a6fc513d3c97219197759d5b19dfa.jpg,detection_train_1224.jpg
train,img_2526_jpg.rf.492fb53c9bae926741860964f4e75d42.jpg,detection_train_1225.jpg
train,img_2528_jpg.rf.bc25426262b7993f2cc0280b4b2d73ba.jpg,detection_train_1226.jpg
train,img_2529_jpg.rf.1aef35e6736501ff9711ebcd50b00777.jpg,detection_train_1227.jpg
train,img_2530_jpg.rf.f127e63a4fa070bcb820bf29585229f3.jpg,detection_train_1228.jpg
train,img_2532_jpg.rf.866fe132f4c90755c45d6659c0a7ed13.jpg,detection_train_1229.jpg
train,img_2533_jpg.rf.9fd33e95277deb952b1b1946701630b5.jpg,detection_train_1230.jpg
train,img_2535_jpg.rf.7750705438c14a22a6d2e56da664d57a.jpg,detection_train_1231.jpg
train,img_2536_jpg.rf.ed63fe5efb675bd862fe702f5927e57c.jpg,detection_train_1232.jpg
train,img_2538_jpg.rf.dc9dcd60929a18a6aaf52ab951d8e52c.jpg,detection_train_1233.jpg
train,img_2539_jpg.rf.9a51ab29d9408edb65a826e53c50a8da.jpg,detection_train_1234.jpg
train,img_2542_jpg.rf.2c596e953ac296c38e3638e53df545cd.jpg,detection_train_1235.jpg
train,img_2544_jpg.rf.1b4e25a25389b46eb0df6f2c9574dad3.jpg,detection_train_1236.jpg
train,img_2545_jpg.rf.7437f408eadb961e1fac10ab1efa2ccd.jpg,detection_train_1237.jpg
train,img_2546_jpg.rf.b7211c3d495baabc2fcdf427bc063141.jpg,detection_train_1238.jpg
train,img_2548_jpg.rf.bb4d3e8a87d6ae46f25c4724e3f5e3b7.jpg,detection_train_1239.jpg
train,img_2549_jpg.rf.f73668d38911162c32c297738ef0cee0.jpg,detection_train_1240.jpg
train,img_2550_jpg.rf.6c8e33c6db7cefc9a698bde0bd701f00.jpg,detection_train_1241.jpg
train,img_2551_jpg.rf.67094c921f072181de6790e4c8de1132.jpg,detection_train_1242.jpg
train,img_2552_jpg.rf.38c3e271084310f53fb380eff8a26827.jpg,detection_train_1243.jpg
train,img_2553_jpg.rf.3f3b368721e8ba4c1c0bd1a4fca29a49.jpg,detection_train_1244.jpg
train,img_2554_jpg.rf.3328f0740ef9a8b32b1769b2a218d27d.jpg,detection_train_1245.jpg
train,img_2556_jpg.rf.7f06115a463c556bdd0e59a0029f513e.jpg,detection_train_1246.jpg
train,img_2558_jpg.rf.c27c2b71a96eee8752876316d3754fe8.jpg,detection_train_1247.jpg
train,img_2559_jpg.rf.ebc6fb8262a4360b214cec5984cb0624.jpg,detection_train_1248.jpg
train,img_2561_jpg.rf.a95a8a18bc5cd85b6db0dd97ffa9e195.jpg,detection_train_1249.jpg
train,img_2563_jpg.rf.3c7d5351b2d03977b161dbeb203f9e61.jpg,detection_train_1250.jpg
train,img_2564_jpg.rf.28fb861d033951004334eacd31dcc8f7.jpg,detection_train_1251.jpg
train,img_2566_jpg.rf.e7bbbb0a0db7e89b88514a8749acdab5.jpg,detection_train_1252.jpg
train,img_2569_jpg.rf.628cfd900f1e2827d707598c7e809251.jpg,detection_train_1253.jpg
train,img_2570_jpg.rf.b81ac35f66290eb3bee1af610bc89746.jpg,detection_train_1254.jpg
train,img_2571_jpg.rf.63df41ab106e1404e792bdfd3017315b.jpg,detection_train_1255.jpg
train,img_2572_jpg.rf.9004a8441e2eccc13bae40dd454ed4ef.jpg,detection_train_1256.jpg
train,img_2574_jpg.rf.16cf4d0c080f9f82460f0c703cbe3fad.jpg,detection_train_1257.jpg
train,img_2575_jpg.rf.b12de1800f8f30fd6c72b8d21f5925f2.jpg,detection_train_1258.jpg
train,img_2576_jpg.rf.45067faa13a5d393120d477e95d91ee8.jpg,detection_train_1259.jpg
train,img_2577_jpg.rf.2345badd5a1fee8974e92e627396a0a0.jpg,detection_train_1260.jpg
train,img_2578_jpg.rf.65737f35d00198081284b00624e41d87.jpg,detection_train_1261.jpg
train,img_2579_jpg.rf.b282f56cf4432bfedadd3186f830d725.jpg,detection_train_1262.jpg
train,img_2580_jpg.rf.a8b1b40ce0892e8c15f656c8b4f50756.jpg,detection_train_1263.jpg
train,img_2582_jpg.rf.28b921a9801a68edc55c3ff14404ce65.jpg,detection_train_1264.jpg
train,img_2583_jpg.rf.b4405aafb869b22790406f11feef4b8e.jpg,detection_train_1265.jpg
train,img_2584_jpg.rf.043363d1f492fc397b9ff97723eb15cb.jpg,detection_train_1266.jpg
train,img_2585_jpg.rf.9514f1db5cdbb5a211d3d0b798aeaac8.jpg,detection_train_1267.jpg
train,img_2586_jpg.rf.6fd17992b9ae2694e22326cadaa55736.jpg,detection_train_1268.jpg
train,img_2587_jpg.rf.2c7a2ab407293160f0c2f4dd187adcf2.jpg,detection_train_1269.jpg
train,img_2588_jpg.rf.9c526bb2017fdc26c04fa49940863255.jpg,detection_train_1270.jpg
train,img_2589_jpg.rf.fe12cd01f6dbff048b5fd4fe8b86b1a9.jpg,detection_train_1271.jpg
train,img_2592_jpg.rf.c1c3c71ec673e58bee2701e2b0e6c593.jpg,detection_train_1272.jpg
train,img_2593_jpg.rf.2c22a35a27c4c4a1a361b38496a6c257.jpg,detection_train_1273.jpg
train,img_2595_jpg.rf.5618d6a2654b58ec22170cac933b72bc.jpg,detection_train_1274.jpg
train,img_2596_jpg.rf.52251b669c295b84111f96f32f31f3d8.jpg,detection_train_1275.jpg
train,img_2597_jpg.rf.743d2a4fe941aea4c5dd2c97fef05063.jpg,detection_train_1276.jpg
train,img_2598_jpg.rf.9f0252ce62aabf856820402e84547b0f.jpg,detection_train_1277.jpg
train,img_2600_jpg.rf.67a424f6041d42af5d0d499cd1079dbd.jpg,detection_train_1278.jpg
train,img_2602_jpg.rf.8dc2c29bed63d2a1bbac507de025ebf0.jpg,detection_train_1279.jpg
train,img_2604_jpg.rf.c39cc5d9e94790b679f3af3a7da2c1e9.jpg,detection_train_1280.jpg
train,img_2606_jpg.rf.e7d00ecf8916002f27282ea13f510bc9.jpg,detection_train_1281.jpg
train,img_2607_jpg.rf.51f937f13fcf4ac36d43272cfb17d048.jpg,detection_train_1282.jpg
train,img_2608_jpg.rf.732974446ff0cff16d9a2042d7826d47.jpg,detection_train_1283.jpg
train,img_2609_jpg.rf.bcd988054271a99a457f0f08d9b96577.jpg,detection_train_1284.jpg
train,img_2611_jpg.rf.ff8951d58ce3d1c3846fb71105b3d0b8.jpg,detection_train_1285.jpg
train,img_2612_jpg.rf.a71f17ab422f3297a8e7680c358ab8be.jpg,detection_train_1286.jpg
train,img_2616_jpg.rf.37e7bc6a94a6ff630bccc6bea987bc7f.jpg,detection_train_1287.jpg
train,img_2617_jpg.rf.c2b257dc117d63372c9feb0259129120.jpg,detection_train_1288.jpg
train,img_2620_jpg.rf.532f3237f3e28c3342fabf3b20d141dd.jpg,detection_train_1289.jpg
train,img_2621_jpg.rf.195337707f394572468b58159a61a30d.jpg,detection_train_1290.jpg
train,img_2623_jpg.rf.f1b76de8c8c0a9eb528ad6805a7d1d4d.jpg,detection_train_1291.jpg
train,img_2624_jpg.rf.f359e683ce2c537e97caa453b9e78ed0.jpg,detection_train_1292.jpg
train,img_2625_jpg.rf.c3ca436290cf96adad835abf4357bebc.jpg,detection_train_1293.jpg
train,img_2627_jpg.rf.8bbb856d97e214445c1f8a53d57f06c8.jpg,detection_train_1294.jpg
train,img_2628_jpg.rf.4c6fa865095580185693431501e14967.jpg,detection_train_1295.jpg
train,img_2629_jpg.rf.9ee88d976e9619d84b80adec8e25aaa9.jpg,detection_train_1296.jpg
train,img_2630_jpg.rf.7e22cf7c9fb42a37211dbf9f7e1eabf6.jpg,detection_train_1297.jpg
train,img_2631_jpg.rf.dfe5ab1b3c9241c5f70e3c2849a37fe7.jpg,detection_train_1298.jpg
train,img_2632_jpg.rf.e6135730f108c437b1d15c01a3878b96.jpg,detection_train_1299.jpg
train,img_2633_jpg.rf.f2e51594fc0e4161e02c99ca4dc18142.jpg,detection_train_1300.jpg
train,img_2635_jpg.rf.1872554172880790188e81f023eef46b.jpg,detection_train_1301.jpg
train,img_2636_jpg.rf.4cfd38ad9fef38b0686dc4c8815c7a2e.jpg,detection_train_1302.jpg
train,img_2638_jpg.rf.b550554f8c5f5586880b0bb41cc36a4f.jpg,detection_train_1303.jpg
train,img_2639_jpg.rf.30d5beeaa23d0ae4ae33ede486f502d2.jpg,detection_train_1304.jpg
train,img_2641_jpg.rf.45a71669ef9b181eb8874bb88ad1580a.jpg,detection_train_1305.jpg
train,img_2645_jpg.rf.6bce1a98fb25fdc9449fb46f1271967d.jpg,detection_train_1306.jpg
train,img_2646_jpg.rf.78544b8908b970632b4d3de9e013a61e.jpg,detection_train_1307.jpg
train,img_2652_jpg.rf.99fe69da179a4d6742da915bb1120cc6.jpg,detection_train_1308.jpg
train,img_2658_jpg.rf.43f5a0951e3dc96597f61f11a1f10254.jpg,detection_train_1309.jpg
train,img_2666_jpg.rf.7cee2a8ddbf45c4eb110e520935c37a9.jpg,detection_train_1310.jpg
train,img_2668_jpg.rf.5baaeab60d36ade0ce442903665f1902.jpg,detection_train_1311.jpg
train,img_2752_jpg.rf.64677919f786d439d151b26471817528.jpg,detection_train_1312.jpg
train,img_2992_jpg.rf.bb98c20d7f33cc82cd36dceab0fdb960.jpg,detection_train_1313.jpg
train,img_3013_jpg.rf.6ed434baa92027771f1c1ebe752d4f38.jpg,detection_train_1314.jpg
train,img_3026_jpg.rf.0dbf6ff3c8f9738580f6b5a296dac090.jpg,detection_train_1315.jpg
train,img_3037_jpg.rf.bbae1ce9766e77fc3aa630a48fd153a9.jpg,detection_train_1316.jpg
train,img_3042_jpg.rf.bc826c580880c203fed4a1dea17e639f.jpg,detection_train_1317.jpg
train,img_3047_jpg.rf.d4be8adca9ecfd4798a16c9ac2752c62.jpg,detection_train_1318.jpg
train,img_3048_jpg.rf.2cc837dbdf754bd8986805a931b6719f.jpg,detection_train_1319.jpg
train,img_3051_jpg.rf.fc5a71d03694e56b4d95ebad13235b0e.jpg,detection_train_1320.jpg
train,img_3055_jpg.rf.d42581597b4f7924288856cf74e63fa2.jpg,detection_train_1321.jpg
train,img_3056_jpg.rf.525bb7dd459d670019f3cdc31920751c.jpg,detection_train_1322.jpg
train,img_3058_jpg.rf.963acb7357960f72103885c68e1d56c7.jpg,detection_train_1323.jpg
train,img_3061_jpg.rf.fc21fa222d334aeb07fa083d90a0d3d9.jpg,detection_train_1324.jpg
train,img_3062_jpg.rf.49461a33ac951d5df30459cf9b724c8d.jpg,detection_train_1325.jpg
train,img_3063_jpg.rf.8274230c40d069e24e512866ef2de36e.jpg,detection_train_1326.jpg
train,img_3064_jpg.rf.3066417a331af85a6992f45a6aee1a6e.jpg,detection_train_1327.jpg
train,img_3065_jpg.rf.27a56920f2bcf13ff7ce81c8f092e766.jpg,detection_train_1328.jpg
train,img_3066_jpg.rf.5300f6a71ab4572014869bd99c2f1a96.jpg,detection_train_1329.jpg
train,img_3067_jpg.rf.4d102216bc712fb1fa27eaa62d3f90e5.jpg,detection_train_1330.jpg
train,img_3069_jpg.rf.0aced4023b42d9b7082c262bcedc6669.jpg,detection_train_1331.jpg
train,img_3070_jpg.rf.2303f304be72f78a91b9680a99356d19.jpg,detection_train_1332.jpg
train,img_3071_jpg.rf.d1eb2aa5ff4ddb5e816dfe933e013d30.jpg,detection_train_1333.jpg
train,img_3072_jpg.rf.fba436414872c98ec254ff9360c7170e.jpg,detection_train_1334.jpg
train,img_3074_jpg.rf.7a19f2763dc9ed044c36b0ea8117eead.jpg,detection_train_1335.jpg
train,img_3075_jpg.rf.be82c70fe27e6c609eee7c77993d0e2d.jpg,detection_train_1336.jpg
train,img_3077_jpg.rf.446fbe36c3d4fb4182c83f93641587cc.jpg,detection_train_1337.jpg
train,img_3078_jpg.rf.55a7bab1f140c7cd3ee3c466c6ac020c.jpg,detection_train_1338.jpg
train,img_3080_jpg.rf.71fb09b23b6e40669db24022f4eda88f.jpg,detection_train_1339.jpg
train,img_3082_jpg.rf.87f41b72825db3221a87f77df41c6ffe.jpg,detection_train_1340.jpg
train,img_3083_jpg.rf.1d50ad057c00b33d094895e8558619b5.jpg,detection_train_1341.jpg
train,img_3085_jpg.rf.aebad64d9af92bdf5baea9b2758e08a0.jpg,detection_train_1342.jpg
train,img_3087_jpg.rf.c37884dd1657d37756580166567a9d93.jpg,detection_train_1343.jpg
train,img_3088_jpg.rf.2931877a3e5aa6ad0214a75d2aa52a96.jpg,detection_train_1344.jpg
train,img_3089_jpg.rf.c756120394b980c6ade0f61befc245d4.jpg,detection_train_1345.jpg
train,img_3091_jpg.rf.ba9b590545a31a7169404929dfcaaa46.jpg,detection_train_1346.jpg
train,img_3092_jpg.rf.8e51d8d5fbb519c5ceee06f4d9a26caf.jpg,detection_train_1347.jpg
train,img_3093_jpg.rf.9f6c186c19d35b1f89aa4870fd851487.jpg,detection_train_1348.jpg
train,img_3094_jpg.rf.651717d75729abab8e82fed12b3759c4.jpg,detection_train_1349.jpg
train,img_3096_jpg.rf.d56c44827e18563a0b40f6dc493dc3a9.jpg,detection_train_1350.jpg
train,img_3097_jpg.rf.30af8469b6d19f1b183984f1b7b2de63.jpg,detection_train_1351.jpg
train,img_3098_jpg.rf.b37bc3904bf9e7bc4ba62350308391b7.jpg,detection_train_1352.jpg
train,img_3099_jpg.rf.aa19a4f48aa40985bc8527f7788af9f5.jpg,detection_train_1353.jpg
train,img_3100_jpg.rf.085080da34d6e5ebe678f1d582890b4e.jpg,detection_train_1354.jpg
train,img_3101_jpg.rf.f1fd26131b5655faf693a1928536a68b.jpg,detection_train_1355.jpg
train,img_3102_jpg.rf.fa217df15fb53850d782f5fc8436a34d.jpg,detection_train_1356.jpg
train,img_3103_jpg.rf.d1f8e7264a17dae01145d1306eeda3b7.jpg,detection_train_1357.jpg
train,img_3104_jpg.rf.1df84f16542dc0dfb62a990fff5238bc.jpg,detection_train_1358.jpg
train,img_3105_jpg.rf.a96bf473065cc8b8efe2990f2fa4a967.jpg,detection_train_1359.jpg
train,img_3106_jpg.rf.f061f10d6382eac8054a78673048aa48.jpg,detection_train_1360.jpg
train,img_3108_jpg.rf.f852a48d4b446696d5c60c7b1512d9e3.jpg,detection_train_1361.jpg
train,img_3109_jpg.rf.20307767581f1d6d45e9f5661eba8d60.jpg,detection_train_1362.jpg
train,img_3111_jpg.rf.8a03a8fa6584d8d9bbb9542b52771479.jpg,detection_train_1363.jpg
train,img_3113_jpg.rf.c106357bd88445289fd8fa161e62252c.jpg,detection_train_1364.jpg
train,img_3114_jpg.rf.d5345e4acb2a68a6f636c4ee99fb523b.jpg,detection_train_1365.jpg
train,img_3115_jpg.rf.cecd88fbca341a925833b5c222b5b4e3.jpg,detection_train_1366.jpg
train,img_3116_jpg.rf.bdb7edcbd43831c05d46808041d17b9d.jpg,detection_train_1367.jpg
train,img_3117_jpg.rf.fcb96be14f104a90debc121d5e655c7e.jpg,detection_train_1368.jpg
train,img_3118_jpg.rf.3891f00970b175375867f22d48482c14.jpg,detection_train_1369.jpg
train,img_3119_jpg.rf.1f78e3cb1e67399678b9f7451bd9f42d.jpg,detection_train_1370.jpg
train,img_3120_jpg.rf.d61ce2081d083f9530be607df9f6b186.jpg,detection_train_1371.jpg
train,img_3121_jpg.rf.519395df574b165bfdd1029028edb197.jpg,detection_train_1372.jpg
train,img_3124_jpg.rf.26c41af4c67f65dfc327d1d4b67e30b7.jpg,detection_train_1373.jpg
train,img_3125_jpg.rf.2ed52162c7bd8fae6bb083e0b18c2e9f.jpg,detection_train_1374.jpg
train,img_3126_jpg.rf.819f01343cfd4012b9e1199161a1457f.jpg,detection_train_1375.jpg
train,img_3128_jpg.rf.9ce560cd8a2a259e9cd3c06c45f7c9b2.jpg,detection_train_1376.jpg
train,img_3130_jpg.rf.363e0aa5b1ae870aa0447eae20f48c9b.jpg,detection_train_1377.jpg
train,img_3131_jpg.rf.c3d39741037855b5594fecf4ec8ea5be.jpg,detection_train_1378.jpg
train,img_3132_jpg.rf.9d11257ff4978c0ad2480f1b0db72416.jpg,detection_train_1379.jpg
train,img_3133_jpg.rf.5722d1fbc7c283a85a205b6cf3771d77.jpg,detection_train_1380.jpg
train,img_3134_jpg.rf.3b4ecc465d06d18c52f97963852a6652.jpg,detection_train_1381.jpg
train,img_3137_jpg.rf.12ad31aa82a5f92323a595167d3e206c.jpg,detection_train_1382.jpg
train,img_3139_jpg.rf.d13781b65f86c35ef8dbd59dbdc11d52.jpg,detection_train_1383.jpg
train,img_3141_jpg.rf.1827b1b39847ba6aa67ce914f515e53e.jpg,detection_train_1384.jpg
train,img_3142_jpg.rf.2360311dddddf84f056bc83a90a1124f.jpg,detection_train_1385.jpg
train,img_3143_jpg.rf.135cd4ef10aadc96aef5f13002bbd3ce.jpg,detection_train_1386.jpg
train,img_3145_jpg.rf.4d6c1ca429b08ebd43cd225ab882415c.jpg,detection_train_1387.jpg
train,img_3147_jpg.rf.4dbc833b6add0f7a3e4d4891e0aafbfa.jpg,detection_train_1388.jpg
train,img_3148_jpg.rf.014ef0868da3523ce97f6af84ae058e0.jpg,detection_train_1389.jpg
train,img_3149_jpg.rf.be8fe580522a9c513db98afabf8a036a.jpg,detection_train_1390.jpg
train,img_3150_jpg.rf.d564592af544dba11294f7e72f51808a.jpg,detection_train_1391.jpg
train,img_3151_jpg.rf.e1cb1f36ef7faf6c51307d273062629b.jpg,detection_train_1392.jpg
train,img_3153_jpg.rf.4be3fb76e2f6b4e5883c1abbc1e0d93e.jpg,detection_train_1393.jpg
train,img_3154_jpg.rf.fe7f345a994c4f5a063bd1e188b09574.jpg,detection_train_1394.jpg
train,img_3155_jpg.rf.cc61567c7bf411dcd395c1a0563942d4.jpg,detection_train_1395.jpg
train,img_3157_jpg.rf.fd951cd012bb6d35c86ba41861788571.jpg,detection_train_1396.jpg
train,img_3158_jpg.rf.3953bf83930430a0632b7e568c484b17.jpg,detection_train_1397.jpg
train,img_3162_jpg.rf.f237c3e29a83c3ac5d0bdea90db94c22.jpg,detection_train_1398.jpg
train,img_3163_jpg.rf.511f0198cde771184d4fb73126fed606.jpg,detection_train_1399.jpg
train,img_3164_jpg.rf.fe7d5db59a922891fca2539569c5885b.jpg,detection_train_1400.jpg
train,img_3165_jpg.rf.9e5bf312433abe955d5431f394b1b222.jpg,detection_train_1401.jpg
train,img_3167_jpg.rf.e18c09f70ccbda3ce065a24f8fa38fb5.jpg,detection_train_1402.jpg
train,img_3168_jpg.rf.cac896b7f5156ad43758af2bf1e7c97f.jpg,detection_train_1403.jpg
train,img_3169_jpg.rf.623ea6cd1b668a0eab0b2794cdca4628.jpg,detection_train_1404.jpg
train,img_3170_jpg.rf.7e11f4be031a3df496bce480d1a67610.jpg,detection_train_1405.jpg
train,img_3171_jpg.rf.104fe9b03d62c7f499084038b11f1e6b.jpg,detection_train_1406.jpg
train,img_3172_jpg.rf.707c29816c672c1114509aa663b8e86f.jpg,detection_train_1407.jpg
train,img_3173_jpg.rf.7f4e1656036bf8c87e2539e93ff28ccb.jpg,detection_train_1408.jpg
train,img_3174_jpg.rf.702a16b5f12d41bc9631255895924aee.jpg,detection_train_1409.jpg
train,img_3175_jpg.rf.71413813b039f627f2e6e9cf16d13b41.jpg,detection_train_1410.jpg
train,img_3176_jpg.rf.860a11b2eb4e763ec360301afb54a20c.jpg,detection_train_1411.jpg
train,img_3178_jpg.rf.d06d482b3ab4bef70d287ff5f27e90b0.jpg,detection_train_1412.jpg
train,img_3180_jpg.rf.ea2e97ae2aed1ac6813f8097ab78491a.jpg,detection_train_1413.jpg
train,img_3181_jpg.rf.f21d7233e3d9da4e23386a5d682c7f95.jpg,detection_train_1414.jpg
train,img_3182_jpg.rf.3272a8254e3b28f3a568c1456f7b4241.jpg,detection_train_1415.jpg
train,img_3183_jpg.rf.a912f450626e3b15f1bb9218899a4ade.jpg,detection_train_1416.jpg
train,img_3184_jpg.rf.be42537b6712c801db9700581c3f5e2c.jpg,detection_train_1417.jpg
train,img_3185_jpg.rf.0f1e4dd2515e5231531a4374c660a28f.jpg,detection_train_1418.jpg
train,img_3188_jpg.rf.c2b761c8e09c52069ad3eb5d90a7c227.jpg,detection_train_1419.jpg
train,img_3190_jpg.rf.369d27cb4078f7048330e2a8ee1313d7.jpg,detection_train_1420.jpg
valid,img_0040_jpg.rf.45a077b0221aa39d187ec1376d9e3d1c.jpg,detection_valid_0001.jpg
valid,img_0047_jpg.rf.4f81439911cbb7c0e631c23b13e1f230.jpg,detection_valid_0002.jpg
valid,img_0057_jpg.rf.1c0d4885fb3a30a7d7fec505efcf1744.jpg,detection_valid_0003.jpg
valid,img_0112_jpg.rf.9a8b14c109d9d12e9fd1249a837a591a.jpg,detection_valid_0004.jpg
valid,img_0124_jpg.rf.fa019e66437e3505a168b3d94a8b9ef1.jpg,detection_valid_0005.jpg
valid,img_0125_jpg.rf.483dd08087b9a53573bb36b7ea1c6c73.jpg,detection_valid_0006.jpg
valid,img_0132_jpg.rf.eeef86978543635ec460acc76afb5a1a.jpg,detection_valid_0007.jpg
valid,img_0137_jpg.rf.1f1f84ada8ab8f137b5145e60cbea209.jpg,detection_valid_0008.jpg
valid,img_0141_jpg.rf.1a6e1952ec55ccc4c3c6e38b6b7b24ae.jpg,detection_valid_0009.jpg
valid,img_0145_jpg.rf.85fd05485291671a795bace50f6c8560.jpg,detection_valid_0010.jpg
valid,img_0148_jpg.rf.d930dc0a9425e378b1cea47d0476d9a7.jpg,detection_valid_0011.jpg
valid,img_0152_jpg.rf.4b32585880065e458e0cf2c616ecebfb.jpg,detection_valid_0012.jpg
valid,img_0157_jpg.rf.adf38ca52b55dd8bc79bacb1912121c7.jpg,detection_valid_0013.jpg
valid,img_0159_jpg.rf.40687ee991b68b166836c30e9bc7f164.jpg,detection_valid_0014.jpg
valid,img_0162_jpg.rf.ec21e93624c7811131979821c70bdb8b.jpg,detection_valid_0015.jpg
valid,img_0174_jpg.rf.91334c63a92fc7c8ad89044dc7388c28.jpg,detection_valid_0016.jpg
valid,img_0180_jpg.rf.2e66961b3bb71aa9efb64de2a285da69.jpg,detection_valid_0017.jpg
valid,img_0188_jpg.rf.10dc4169968a473d917b4b6c3c1e28dc.jpg,detection_valid_0018.jpg
valid,img_0190_jpg.rf.8232d408debcd3f0be1e53bc11098804.jpg,detection_valid_0019.jpg
valid,img_0193_jpg.rf.9607b962af81a31b2444d46f03ef03f1.jpg,detection_valid_0020.jpg
valid,img_0197_jpg.rf.f012d1a61bd3d78bb7a20c4fe6363b7c.jpg,detection_valid_0021.jpg
valid,img_0202_jpg.rf.c6e11f86449e436416a20dab3f88f2b4.jpg,detection_valid_0022.jpg
valid,img_0204_jpg.rf.bbf3497d522d7b6514448273dae900a1.jpg,detection_valid_0023.jpg
valid,img_0208_jpg.rf.a697cefbdad46857d8af31e9a70ca3b9.jpg,detection_valid_0024.jpg
valid,img_0277_jpg.rf.65e0ab176f06ab07f318572ca16964dd.jpg,detection_valid_0025.jpg
valid,img_0295_jpg.rf.9dc7593a5b6c525797cf122318620ac8.jpg,detection_valid_0026.jpg
valid,img_0299_jpg.rf.dc84657f3d0516b5bd7e650389342358.jpg,detection_valid_0027.jpg
valid,img_0303_jpg.rf.b48cf73049c8c278f31fdd62acd07590.jpg,detection_valid_0028.jpg
valid,img_0304_jpg.rf.2379682e22d53d6c5233bbbe6656cec4.jpg,detection_valid_0029.jpg
valid,img_0305_jpg.rf.8d74a0bda7a7943c43cabf44c5993d24.jpg,detection_valid_0030.jpg
valid,img_0311_jpg.rf.e8c8bd58ecf5a2176a3de7512dcd6a80.jpg,detection_valid_0031.jpg
valid,img_0316_jpg.rf.5fc0689e8e00f12d8a29a611e4cbf506.jpg,detection_valid_0032.jpg
valid,img_0322_jpg.rf.42effc5336187adbde2a9c8d03879327.jpg,detection_valid_0033.jpg
valid,img_0328_jpg.rf.c93bf3030f2de8f81ff1da9a293bf44c.jpg,detection_valid_0034.jpg
valid,img_0329_jpg.rf.732a78a36c1e61327cd313aa05d0356b.jpg,detection_valid_0035.jpg
valid,img_0332_jpg.rf.b49a55cec5a2c4d5390cd133953a26a5.jpg,detection_valid_0036.jpg
valid,img_0338_jpg.rf.5ba7b35224afcd2f639277c461101ce5.jpg,detection_valid_0037.jpg
valid,img_0339_jpg.rf.ec31745ff7e464ba799b4415de12d2b1.jpg,detection_valid_0038.jpg
valid,img_0341_jpg.rf.692577cf731518cfdd1bcb0761e57d53.jpg,detection_valid_0039.jpg
valid,img_0342_jpg.rf.18d38e0b316eaa76b55dd469fcc40da4.jpg,detection_valid_0040.jpg
valid,img_0363_jpg.rf.8a47a04ca961163acf792d10b8a41b3d.jpg,detection_valid_0041.jpg
valid,img_0364_jpg.rf.d7689f3bfc4f225ce1da42f2aca336de.jpg,detection_valid_0042.jpg
valid,img_0366_jpg.rf.2f462a88516468387f50b3f3285d9c57.jpg,detection_valid_0043.jpg
valid,img_0369_jpg.rf.bcea26f4df2741541dfe2e61684dc9a5.jpg,detection_valid_0044.jpg
valid,img_0372_jpg.rf.6bb400e0ea867406e35feaf591672456.jpg,detection_valid_0045.jpg
valid,img_0374_jpg.rf.a88c6559a742726cadaff958260cabd8.jpg,detection_valid_0046.jpg
valid,img_0376_jpg.rf.b4589a980de3415bee816da888b0aa8a.jpg,detection_valid_0047.jpg
valid,img_0383_jpg.rf.93f37541d5d8eda85457362ddc9076a4.jpg,detection_valid_0048.jpg
valid,img_0392_jpg.rf.077e1c6fc8ca05bc6462a453b6975fc7.jpg,detection_valid_0049.jpg
valid,img_0393_jpg.rf.da8721641a2d32e76edacc3509ed2488.jpg,detection_valid_0050.jpg
valid,img_0407_jpg.rf.dfce73a711decb63ca0f1c06ea931726.jpg,detection_valid_0051.jpg
valid,img_0415_jpg.rf.46e8ef56bd1149b350ead222d00f0165.jpg,detection_valid_0052.jpg
valid,img_0422_jpg.rf.31adebd589d10a1613b1da1424fc0f61.jpg,detection_valid_0053.jpg
valid,img_0428_jpg.rf.63c4d3596a7ff41b6a8f3155364129de.jpg,detection_valid_0054.jpg
valid,img_0433_jpg.rf.57c5f12d612a539bad71cb9d433f71fe.jpg,detection_valid_0055.jpg
valid,img_0434_jpg.rf.3d377093f8cf2d7bee64a8c33c7d808b.jpg,detection_valid_0056.jpg
valid,img_0447_jpg.rf.7be6362ac65f3808eea022805643f7d1.jpg,detection_valid_0057.jpg
valid,img_0453_jpg.rf.bfe39a917e1be5ce9c0de73864f30210.jpg,detection_valid_0058.jpg
valid,img_0462_jpg.rf.83f3d395e37a7c1562e8f231c2f56b74.jpg,detection_valid_0059.jpg
valid,img_0464_jpg.rf.9226829ef77a11c0ba1fa0e83046a463.jpg,detection_valid_0060.jpg
valid,img_0469_jpg.rf.1c8026c0876c33b7a889b7a1a4eda550.jpg,detection_valid_0061.jpg
valid,img_0471_jpg.rf.13d983c5dc2eb2b6560f0b5f5f6c6a33.jpg,detection_valid_0062.jpg
valid,img_0472_jpg.rf.b39e5b154e0cae9b75ce1ef7f435f02d.jpg,detection_valid_0063.jpg
valid,img_0477_jpg.rf.61c560abb14d985135d6cb0047fe557b.jpg,detection_valid_0064.jpg
valid,img_0479_jpg.rf.a462663bfee28515cf735e2181e3c7b4.jpg,detection_valid_0065.jpg
valid,img_0481_jpg.rf.4a2611ddcd2477f5000ae2367724f978.jpg,detection_valid_0066.jpg
valid,img_0488_jpg.rf.5618634305753374dba7b73e1dfeae28.jpg,detection_valid_0067.jpg
valid,img_0492_jpg.rf.38082924ea49b0896f9b3c1ce4a490fc.jpg,detection_valid_0068.jpg
valid,img_0493_jpg.rf.209aebc0b0686e13d366199e56755870.jpg,detection_valid_0069.jpg
valid,img_0499_jpg.rf.fd82f65be5f06bdc19ac773f970a83ef.jpg,detection_valid_0070.jpg
valid,img_0508_jpg.rf.48db3960b4cc989f535083fb05362c76.jpg,detection_valid_0071.jpg
valid,img_0511_jpg.rf.44c452c7abf0e88fa6fa104b8d6d1c45.jpg,detection_valid_0072.jpg
valid,img_0536_jpg.rf.0ae4eda8916e0babd7193f547cde8292.jpg,detection_valid_0073.jpg
valid,img_0537_jpg.rf.9c850fe28ed65324bbf626f4eb3f9932.jpg,detection_valid_0074.jpg
valid,img_0557_jpg.rf.4c853be9c83f7cb99b4b21d563ef3fc5.jpg,detection_valid_0075.jpg
valid,img_0560_jpg.rf.13f43f60f11888d7942711afbd72fd9d.jpg,detection_valid_0076.jpg
valid,img_0576_jpg.rf.0dd50633dd0b73fb118a0d6d5ed70278.jpg,detection_valid_0077.jpg
valid,img_0581_jpg.rf.0b3940aa2536798559aece01cb0d1c16.jpg,detection_valid_0078.jpg
valid,img_0582_jpg.rf.a2d360a93dad2aab8540d9b82c0c48fa.jpg,detection_valid_0079.jpg
valid,img_0584_jpg.rf.fed3089bbe1fa112b86965db69e41948.jpg,detection_valid_0080.jpg
valid,img_0588_jpg.rf.1518c40a37b2305c9d1aa2151e657bae.jpg,detection_valid_0081.jpg
valid,img_0591_jpg.rf.8d9f3d7504dc15be86d6d7794b7f74ec.jpg,detection_valid_0082.jpg
valid,img_0592_jpg.rf.f06570604a3dc788a7d7aac9471a3816.jpg,detection_valid_0083.jpg
valid,img_0596_jpg.rf.4f873faea5e6883136c8a592c60f14d7.jpg,detection_valid_0084.jpg
valid,img_0600_jpg.rf.e113792784d2a8257bc96cf514ceea93.jpg,detection_valid_0085.jpg
valid,img_0605_jpg.rf.c7674b6fce80f739a93d1492cd178d88.jpg,detection_valid_0086.jpg
valid,img_0606_jpg.rf.7e689b88228e5bee5c4acff8d7042e60.jpg,detection_valid_0087.jpg
valid,img_0610_jpg.rf.c5e8dab73df608440edc464c18dac787.jpg,detection_valid_0088.jpg
valid,img_0612_jpg.rf.e78515644fbf7d71616b3c99bdc10650.jpg,detection_valid_0089.jpg
valid,img_0615_jpg.rf.ea03dee8ca50e00045f5d2c8a5e9582c.jpg,detection_valid_0090.jpg
valid,img_0616_jpg.rf.fdaffea44ca78974f835862c33da4c9a.jpg,detection_valid_0091.jpg
valid,img_0632_jpg.rf.27bf7bd36837e8bd34e7a54d7cdd4650.jpg,detection_valid_0092.jpg
valid,img_0637_jpg.rf.488513b020945bed97aa04ee9e6be535.jpg,detection_valid_0093.jpg
valid,img_0638_jpg.rf.52ad49104d37ed3822f380f506cc8359.jpg,detection_valid_0094.jpg
valid,img_0641_jpg.rf.0387240dfec85838082109260bfdf0b6.jpg,detection_valid_0095.jpg
valid,img_0647_jpg.rf.128b91293b82f2f7f959eac3c32597ec.jpg,detection_valid_0096.jpg
valid,img_0651_jpg.rf.091592d33ef79e6d7e3ebde6791db6b8.jpg,detection_valid_0097.jpg
valid,img_0653_jpg.rf.e43a1a6b58fcccc4f32fc4e1cbd3bb69.jpg,detection_valid_0098.jpg
valid,img_0660_jpg.rf.3197c48539423d98026aa4dce2b2460f.jpg,detection_valid_0099.jpg
valid,img_0662_jpg.rf.15f9f41223ce8d21d70ebd7904206231.jpg,detection_valid_0100.jpg
valid,img_0666_jpg.rf.16305769296a1fd919d6eab7b2a30b3b.jpg,detection_valid_0101.jpg
valid,img_0668_jpg.rf.3674e1a02934523926f4a2b0f2957abc.jpg,detection_valid_0102.jpg
valid,img_0674_jpg.rf.6f511fc61c0db141e810f980202b8c69.jpg,detection_valid_0103.jpg
valid,img_0684_jpg.rf.f9090c66a23c4580ccf124646e99423d.jpg,detection_valid_0104.jpg
valid,img_0688_jpg.rf.78c23f804951602d9f536b9a7a68bf79.jpg,detection_valid_0105.jpg
valid,img_0690_jpg.rf.8617db172ca9b75d292d1e7bb6b2c71e.jpg,detection_valid_0106.jpg
valid,img_0691_jpg.rf.325d0f172d285c549435633769be1acc.jpg,detection_valid_0107.jpg
valid,img_0692_jpg.rf.dd6113eb6977785bb546be254018d29e.jpg,detection_valid_0108.jpg
valid,img_0693_jpg.rf.edb69a4c366b9d8389e9446cde61ddca.jpg,detection_valid_0109.jpg
valid,img_0698_jpg.rf.53ada9404c6191eaa5502fac8f0649df.jpg,detection_valid_0110.jpg
valid,img_0701_jpg.rf.cb86dda67180db913d280e1f4665bfef.jpg,detection_valid_0111.jpg
valid,img_0711_jpg.rf.78f058daab26d5d509b06d1008f85b8d.jpg,detection_valid_0112.jpg
valid,img_0720_jpg.rf.93629855ca3afd64851afbe0da703bff.jpg,detection_valid_0113.jpg
valid,img_0726_jpg.rf.259c6896dd966cba7732dc8b7c91b690.jpg,detection_valid_0114.jpg
valid,img_0728_jpg.rf.eeb56cd99a6328e2304441bdf8e6a2fb.jpg,detection_valid_0115.jpg
valid,img_0732_jpg.rf.a6a9a82bb0879c0d19c288a0057027fa.jpg,detection_valid_0116.jpg
valid,img_0739_jpg.rf.8a894519517a70526a4af9bf855f47c1.jpg,detection_valid_0117.jpg
valid,img_0742_jpg.rf.a9be0d0663bbe4a08b62c9a80ad0eb6b.jpg,detection_valid_0118.jpg
valid,img_0749_jpg.rf.559e386a68a4e34bfcfc082491c6c73f.jpg,detection_valid_0119.jpg
valid,img_0750_jpg.rf.490a3adbe76edd1d95cac4e23ce0c433.jpg,detection_valid_0120.jpg
valid,img_0764_jpg.rf.0e4da840fd1b82052d5dcfc055cd0f60.jpg,detection_valid_0121.jpg
valid,img_0767_jpg.rf.a46a283bc3fba559696a325a64a694ae.jpg,detection_valid_0122.jpg
valid,img_0775_jpg.rf.213adffb443dc1c7e654a1280b3ff974.jpg,detection_valid_0123.jpg
valid,img_0776_jpg.rf.a9a66593ce89ed62aeb3a30977ec60fe.jpg,detection_valid_0124.jpg
valid,img_0777_jpg.rf.5fe94fbbc26d09d468b54e7d907beded.jpg,detection_valid_0125.jpg
valid,img_0784_jpg.rf.585e89787695c698732696ea70baa151.jpg,detection_valid_0126.jpg
valid,img_0785_jpg.rf.96351a9335aa77e25356c11ed2699908.jpg,detection_valid_0127.jpg
valid,img_0787_jpg.rf.e059243682a05b5f94760d3ef56e6dd2.jpg,detection_valid_0128.jpg
valid,img_0791_jpg.rf.f39ffe64a79e7e1961fc55abfd22388d.jpg,detection_valid_0129.jpg
valid,img_0794_jpg.rf.cf3e58946e701d91fa113f6cf977ae5d.jpg,detection_valid_0130.jpg
valid,img_0795_jpg.rf.d5197f5a6d9a6d29d824b014b43dc8c0.jpg,detection_valid_0131.jpg
valid,img_0800_jpg.rf.afcd5d438c6571ec028ff53ced837d1b.jpg,detection_valid_0132.jpg
valid,img_0820_jpg.rf.6803f4e1b5d52aed8b14f2490046881d.jpg,detection_valid_0133.jpg
valid,img_0821_jpg.rf.2e92e5a19e1560daafb383fd93e43777.jpg,detection_valid_0134.jpg
valid,img_0826_jpg.rf.f6003ce98c917511674e4ae4e27cf262.jpg,detection_valid_0135.jpg
valid,img_0835_jpg.rf.b32f2ffcda096346f25db1744aff0d1e.jpg,detection_valid_0136.jpg
valid,img_0836_jpg.rf.1daba7451118cf64b8877c1b44d15bfd.jpg,detection_valid_0137.jpg
valid,img_0838_jpg.rf.d6e0ad851fd5d64718ff822535535759.jpg,detection_valid_0138.jpg
valid,img_0857_jpg.rf.2fbc78fc1927a91b10092aa9bde7fc5b.jpg,detection_valid_0139.jpg
valid,img_0866_jpg.rf.7ea0822a2edd0c7df931c6ae74354988.jpg,detection_valid_0140.jpg
valid,img_0868_jpg.rf.4ef2cc470a4d500a2f793b046511c758.jpg,detection_valid_0141.jpg
valid,img_0869_jpg.rf.a450efecba3f66885148086132b3813d.jpg,detection_valid_0142.jpg
valid,img_0870_jpg.rf.c00d4ff412524bbaa33ecc5a430d96aa.jpg,detection_valid_0143.jpg
valid,img_0873_jpg.rf.4b80298025378100a7646772547e99c9.jpg,detection_valid_0144.jpg
valid,img_0874_jpg.rf.810be77e1e55fd521fdb61c1520ce584.jpg,detection_valid_0145.jpg
valid,img_0876_jpg.rf.4a56c957c7b49e87699ba1db0d7b2fae.jpg,detection_valid_0146.jpg
valid,img_0877_jpg.rf.f295b2b5f1ffcf43cbe7fb7848de3f4a.jpg,detection_valid_0147.jpg
valid,img_0878_jpg.rf.5cb77b32e04b487db42b57e8962d6bcb.jpg,detection_valid_0148.jpg
valid,img_0885_jpg.rf.031bf346f48bf48b428f0fbca5b58181.jpg,detection_valid_0149.jpg
valid,img_0886_jpg.rf.4fa37dc611606db136e92faee9fbc039.jpg,detection_valid_0150.jpg
valid,img_0887_jpg.rf.2913cad85d1bd112cdbec5f4960630b1.jpg,detection_valid_0151.jpg
valid,img_0891_jpg.rf.9ad63f8a70639fc24ecd5adbf02d5850.jpg,detection_valid_0152.jpg
valid,img_0892_jpg.rf.c6ece196c9fd134f0b5cbd8a09877daf.jpg,detection_valid_0153.jpg
valid,img_0915_jpg.rf.b23b2c5512c984da357a12ab3bd90882.jpg,detection_valid_0154.jpg
valid,img_0918_jpg.rf.15b5865ebd2dd237d15bbc83048feef1.jpg,detection_valid_0155.jpg
valid,img_0926_jpg.rf.0177a68110da3d2e42acab7631255899.jpg,detection_valid_0156.jpg
valid,img_0930_jpg.rf.4acdfeac0da351fa6ad65fe8f96d1c11.jpg,detection_valid_0157.jpg
valid,img_0934_jpg.rf.7818bf75ae50a1cc903c0c9adbb17ce2.jpg,detection_valid_0158.jpg
valid,img_0947_jpg.rf.a8f5306baff6793fff5a7426e0e790ff.jpg,detection_valid_0159.jpg
valid,img_0957_jpg.rf.69c9daa1c4c9fd8496bfb115df53673b.jpg,detection_valid_0160.jpg
valid,img_0974_jpg.rf.c7b68f2a25b89bce8dfd2206df627243.jpg,detection_valid_0161.jpg
valid,img_0976_jpg.rf.bc17433722b19b3613218a74401dd958.jpg,detection_valid_0162.jpg
valid,img_0977_jpg.rf.540ca5dd001484041448855a6bbf8b5f.jpg,detection_valid_0163.jpg
valid,img_0978_jpg.rf.50071c62bcc8b9a0476e037859556ae5.jpg,detection_valid_0164.jpg
valid,img_0984_jpg.rf.12756f3f22efee65bb74e7f4c8c64a21.jpg,detection_valid_0165.jpg
valid,img_0987_jpg.rf.1fbb846faf59d339a2bf1699947aaf7d.jpg,detection_valid_0166.jpg
valid,img_0992_jpg.rf.dbe8bb6a9d757ea6c97e13c76520c02c.jpg,detection_valid_0167.jpg
valid,img_0998_jpg.rf.6764294661a97c4ac949a68ed4a3b1bf.jpg,detection_valid_0168.jpg
valid,img_1001_jpg.rf.41b6175a657d08464956c00a3254fdf0.jpg,detection_valid_0169.jpg
valid,img_1004_jpg.rf.c13b8e1c9b6e671ccc75275665ef8ae5.jpg,detection_valid_0170.jpg
valid,img_1006_jpg.rf.66e033a0e9d33f8a6d28efa6e73d135d.jpg,detection_valid_0171.jpg
valid,img_1007_jpg.rf.33df27a8f4fe17d8a82e9be158056fd3.jpg,detection_valid_0172.jpg
valid,img_1012_jpg.rf.eb9d29552b2035c1d34b26d0a3cbf4db.jpg,detection_valid_0173.jpg
valid,img_1013_jpg.rf.d9edfb9aa058858297e5a7d82316e012.jpg,detection_valid_0174.jpg
valid,img_1036_jpg.rf.ff3e6aafa53a826854268e4cdae459a5.jpg,detection_valid_0175.jpg
valid,img_1037_jpg.rf.56d2cb86427644a51aa9942c25477510.jpg,detection_valid_0176.jpg
valid,img_1484_jpg.rf.23ac1a45cc210771cf352dff4f7e0477.jpg,detection_valid_0177.jpg
valid,img_1492_jpg.rf.41926b2ad81328d2301585d0f0ca533e.jpg,detection_valid_0178.jpg
valid,img_1501_jpg.rf.b0c9eaed00667af02e7eece1669e7495.jpg,detection_valid_0179.jpg
valid,img_1510_jpg.rf.dbc618b6458b6d7ddd5596c839579fd3.jpg,detection_valid_0180.jpg
valid,img_1514_jpg.rf.557bddfe49ce8f7f03b877c94dddd209.jpg,detection_valid_0181.jpg
valid,img_1515_jpg.rf.6be419516c18f9838734bb6b7baa75a3.jpg,detection_valid_0182.jpg
valid,img_1519_jpg.rf.b6b3fd22b023de83a1d76d3df723e9f4.jpg,detection_valid_0183.jpg
valid,img_1520_jpg.rf.1300ac06b71ee5e83ec5e272d20a0ccd.jpg,detection_valid_0184.jpg
valid,img_1524_jpg.rf.149bd8883bd1cc72858fba7a08b4faf8.jpg,detection_valid_0185.jpg
valid,img_1529_jpg.rf.60b9f00a134515feaaa8bebe4c130c99.jpg,detection_valid_0186.jpg
valid,img_1535_jpg.rf.2972ff71775d7b5cd39195e48f85dbbf.jpg,detection_valid_0187.jpg
valid,img_1539_jpg.rf.d284f4da51a031c819d426fdc20bb409.jpg,detection_valid_0188.jpg
valid,img_1548_jpg.rf.2b76331bf7225117ae773fe966c02e4c.jpg,detection_valid_0189.jpg
valid,img_1552_jpg.rf.fe47a7bf388ee1461684c2a235fa9892.jpg,detection_valid_0190.jpg
valid,img_1560_jpg.rf.ee1b77c0e1a54480219f559c7633400b.jpg,detection_valid_0191.jpg
valid,img_1564_jpg.rf.5a6802cc82a03cc79d832f6fa2bfdc8f.jpg,detection_valid_0192.jpg
valid,img_1570_jpg.rf.77edc820ba08a4fd1f0681a66b34dc58.jpg,detection_valid_0193.jpg
valid,img_1574_jpg.rf.2c112f14c0ec786eb6c03f6476a4e1b2.jpg,detection_valid_0194.jpg
valid,img_1584_jpg.rf.6aee897fce3e16394c38e340bfa4d652.jpg,detection_valid_0195.jpg
valid,img_1589_jpg.rf.e16d6b698a3124c26e62f0b44d412e36.jpg,detection_valid_0196.jpg
valid,img_1592_jpg.rf.8fa591c1cf27cddc45140583ff90ccbd.jpg,detection_valid_0197.jpg
valid,img_1594_jpg.rf.b3011a6b24ac8793d89d6eb73c086bd3.jpg,detection_valid_0198.jpg
valid,img_1596_jpg.rf.a86b27510fb6a059edc1e67ab8d8207d.jpg,detection_valid_0199.jpg
valid,img_1599_jpg.rf.195215c60e7e28c5c41bec11dcf32724.jpg,detection_valid_0200.jpg
valid,img_1603_jpg.rf.7647aa5d20ce0f08206ccd945ec1e118.jpg,detection_valid_0201.jpg
valid,img_1607_jpg.rf.d0b7a6c5127cc4714280cbf8b10f6071.jpg,detection_valid_0202.jpg
valid,img_1612_jpg.rf.20f0f77e9f594f1c26681a0326f16753.jpg,detection_valid_0203.jpg
valid,img_1613_jpg.rf.ecf426699f7053ab6a75b5088540f4ac.jpg,detection_valid_0204.jpg
valid,img_1619_jpg.rf.18a5f5d94279baac5913e71fcd70ff9a.jpg,detection_valid_0205.jpg
valid,img_1623_jpg.rf.e1266476927a43988f2573d8935abd74.jpg,detection_valid_0206.jpg
valid,img_1624_jpg.rf.9e08448d18e41eaef8fa35bb7a4a6e26.jpg,detection_valid_0207.jpg
valid,img_1625_jpg.rf.d9e26f3147c92316efc9fd19e7186056.jpg,detection_valid_0208.jpg
valid,img_1628_jpg.rf.12e5c5e1506812631e33f12d51865139.jpg,detection_valid_0209.jpg
valid,img_1631_jpg.rf.312e95b9e4515836c33c4255a118e259.jpg,detection_valid_0210.jpg
valid,img_1638_jpg.rf.552099a7e9196d77ff0ec4b7899bdd01.jpg,detection_valid_0211.jpg
valid,img_1640_jpg.rf.3c9c2d47504d48f1f83bdec8160db559.jpg,detection_valid_0212.jpg
valid,img_1643_jpg.rf.422c0995d7d9ad2b89c21e36ca868f37.jpg,detection_valid_0213.jpg
valid,img_1644_jpg.rf.9c6b9d3532006061880be58f011209bc.jpg,detection_valid_0214.jpg
valid,img_1649_jpg.rf.1ef3f609fcb9f69dcfae97d2884fd9fa.jpg,detection_valid_0215.jpg
valid,img_1657_jpg.rf.81d44363272a9e83a8f1aca041983a43.jpg,detection_valid_0216.jpg
valid,img_1658_jpg.rf.6039397598fe65fec47daec9b17c1366.jpg,detection_valid_0217.jpg
valid,img_1662_jpg.rf.22d5cf5795994382983219a9ce9c35c7.jpg,detection_valid_0218.jpg
valid,img_1665_jpg.rf.5f493abaa512b58b832a22d2d2a1100b.jpg,detection_valid_0219.jpg
valid,img_1666_jpg.rf.79f9cb3bbe41ad1f36583252913fd0a0.jpg,detection_valid_0220.jpg
valid,img_1686_jpg.rf.8133f8029204ac8e7a95da1ee2a3bd55.jpg,detection_valid_0221.jpg
valid,img_1692_jpg.rf.78a797e03736ac1dc0bee187c6c04be8.jpg,detection_valid_0222.jpg
valid,img_1695_jpg.rf.20516027124c4523bc99b1c73b9afb2f.jpg,detection_valid_0223.jpg
valid,img_1705_jpg.rf.658c1e66b5184cd2916f1c4b64a9dc3c.jpg,detection_valid_0224.jpg
valid,img_1709_jpg.rf.36dc0e4608f1ebe14d3be7b98ef4253b.jpg,detection_valid_0225.jpg
valid,img_1713_jpg.rf.e350fd4000185f5c48f6039470cfa499.jpg,detection_valid_0226.jpg
valid,img_1720_jpg.rf.279937d8dab8320e523454f9711bf4d0.jpg,detection_valid_0227.jpg
valid,img_1722_jpg.rf.19c1ea23ef1d428bff52348c5c2ba319.jpg,detection_valid_0228.jpg
valid,img_1725_jpg.rf.92d3509d4dbe0e19071adaadd557474c.jpg,detection_valid_0229.jpg
valid,img_1745_jpg.rf.065cddbe3df341db9f69d20c9e728888.jpg,detection_valid_0230.jpg
valid,img_1746_jpg.rf.ba9d56cddfa77393f99dea96f984e847.jpg,detection_valid_0231.jpg
valid,img_1747_jpg.rf.ea786e9eb7f0c66b6d1c389119b4ca56.jpg,detection_valid_0232.jpg
valid,img_1750_jpg.rf.838ed22942ba9ff68c12d70fdafb8f78.jpg,detection_valid_0233.jpg
valid,img_1760_jpg.rf.044068b6ec79644b9fa3bdf84a16d8f3.jpg,detection_valid_0234.jpg
valid,img_1762_jpg.rf.5028fb16fd9be21fa13eef9cdb4e1bff.jpg,detection_valid_0235.jpg
valid,img_1764_jpg.rf.f0b87fd20cae9d5c82b5fad734dde350.jpg,detection_valid_0236.jpg
valid,img_1771_jpg.rf.3eea8d28c8a8b8baa51a64dd72dadd5d.jpg,detection_valid_0237.jpg
valid,img_1773_jpg.rf.37ddcf79f6d497245965a3428477e3b7.jpg,detection_valid_0238.jpg
valid,img_1779_jpg.rf.87f4532861e1e49d4fd2f044f441ec6c.jpg,detection_valid_0239.jpg
valid,img_1781_jpg.rf.62a1988e98d6019bfe3de79dee0ba254.jpg,detection_valid_0240.jpg
valid,img_1794_jpg.rf.8ed0f7465ab519f0b68f147ac33ff607.jpg,detection_valid_0241.jpg
valid,img_1797_jpg.rf.994ef95991ba70f5c0023e0ff77a94b0.jpg,detection_valid_0242.jpg
valid,img_1802_jpg.rf.7d7a5d819a9f7f2a728f0f8b2c6930dc.jpg,detection_valid_0243.jpg
valid,img_1807_jpg.rf.b5f59ed8096b3e2959413d611f3b5d13.jpg,detection_valid_0244.jpg
valid,img_1817_jpg.rf.8afa86be52164eafbfea4eaf362cc2a9.jpg,detection_valid_0245.jpg
valid,img_1823_jpg.rf.e2d2258545dbaa560285f9d5c4d8360c.jpg,detection_valid_0246.jpg
valid,img_1826_jpg.rf.2775b2a895f427490caac9e9fd588db3.jpg,detection_valid_0247.jpg
valid,img_1828_jpg.rf.41c77a70fba2abe6e69a1da846079ed8.jpg,detection_valid_0248.jpg
valid,img_1829_jpg.rf.5c05833fe1ac859062fa052f6a597a0a.jpg,detection_valid_0249.jpg
valid,img_1831_jpg.rf.d71909e54af92cd459c91e4df11ba671.jpg,detection_valid_0250.jpg
valid,img_1836_jpg.rf.eac471cc956388316a2e553d68a4cfd9.jpg,detection_valid_0251.jpg
valid,img_1843_jpg.rf.862e71f19b49e744a7176f1ff392fa00.jpg,detection_valid_0252.jpg
valid,img_1854_jpg.rf.b4d3cd3458ce6f2cfb2e86d51a01ab9c.jpg,detection_valid_0253.jpg
valid,img_1856_jpg.rf.4184216cd434dc7e6bb4d9cfe02d9966.jpg,detection_valid_0254.jpg
valid,img_1859_jpg.rf.c616cd7539090eb63b01452c6361d298.jpg,detection_valid_0255.jpg
valid,img_1860_jpg.rf.e154ad5434c462a77dcedb5791115975.jpg,detection_valid_0256.jpg
valid,img_1861_jpg.rf.33bac921e9ed6ef5e35a3a4fb6023053.jpg,detection_valid_0257.jpg
valid,img_1864_jpg.rf.60015d9d902f5a1c8f30ed903487e955.jpg,detection_valid_0258.jpg
valid,img_1871_jpg.rf.14430e462a9b5f064b30e4774f84d889.jpg,detection_valid_0259.jpg
valid,img_1876_jpg.rf.29e67237da6b1e06a5b5fd41198e9a47.jpg,detection_valid_0260.jpg
valid,img_1891_jpg.rf.af9c0dc206d19c137c8c9480b7fa6715.jpg,detection_valid_0261.jpg
valid,img_1900_jpg.rf.e6d94535360622eb79b62975e617c02a.jpg,detection_valid_0262.jpg
valid,img_1903_jpg.rf.169895df71a14f71dc8cd622cf245afc.jpg,detection_valid_0263.jpg
valid,img_1906_jpg.rf.ac501acd1491c97de66fe4e486a86f4c.jpg,detection_valid_0264.jpg
valid,img_1913_jpg.rf.9d69bf32927bbefff59af3ac8f51d428.jpg,detection_valid_0265.jpg
valid,img_1917_jpg.rf.b201b4b451da58648dce3716f42bd994.jpg,detection_valid_0266.jpg
valid,img_1919_jpg.rf.76615e94d42ce29896821126ad4f8ab7.jpg,detection_valid_0267.jpg
valid,img_1920_jpg.rf.b540b2b6f9f06119c7e0f740d9df02ba.jpg,detection_valid_0268.jpg
valid,img_1921_jpg.rf.6ccb78d9f6ef640a78489fe945ed876c.jpg,detection_valid_0269.jpg
valid,img_1933_jpg.rf.3dff730a2c091a831ed549b1e731be87.jpg,detection_valid_0270.jpg
valid,img_1934_jpg.rf.4d75e3c340092fd1dfd4f62b6d894edf.jpg,detection_valid_0271.jpg
valid,img_1945_jpg.rf.1738a6c5236fff84e9e30604990c7b30.jpg,detection_valid_0272.jpg
valid,img_1957_jpg.rf.cd719660287728de65f4d8c4dda32579.jpg,detection_valid_0273.jpg
valid,img_1963_jpg.rf.9beeee9b7eafc0647d56a7b9eee16d4d.jpg,detection_valid_0274.jpg
valid,img_1978_jpg.rf.4fdf5e259d586f3e897244a9be3e32fc.jpg,detection_valid_0275.jpg
valid,img_1992_jpg.rf.290c1990d08a5486530ee6bfabd43f64.jpg,detection_valid_0276.jpg
valid,img_1993_jpg.rf.d1fddaa8c110527bdf8f8905db6bedf7.jpg,detection_valid_0277.jpg
valid,img_1994_jpg.rf.5f71cd52bed34e7331c3358d918d87bf.jpg,detection_valid_0278.jpg
valid,img_2001_jpg.rf.a03d587d683baae16ed17285b5bf502d.jpg,detection_valid_0279.jpg
valid,img_2002_jpg.rf.1ab6ec9b55e66b880118724bcf17ac07.jpg,detection_valid_0280.jpg
valid,img_2005_jpg.rf.7f6ce07133e844d1e2c77a165e8fe450.jpg,detection_valid_0281.jpg
valid,img_2006_jpg.rf.36da314060f9ed9d588a1aca98567aa3.jpg,detection_valid_0282.jpg
valid,img_2009_jpg.rf.c41e244efbbcb9aa6977e0fea27195ef.jpg,detection_valid_0283.jpg
valid,img_2010_jpg.rf.d528a6459b3f182a773812923d9afacb.jpg,detection_valid_0284.jpg
valid,img_2011_jpg.rf.095715d842649d08ced7399d62f0d93f.jpg,detection_valid_0285.jpg
valid,img_2012_jpg.rf.137e0cccf8fc2afcdef80f70221b6a87.jpg,detection_valid_0286.jpg
valid,img_2019_jpg.rf.922deda02bd3f8b0d7c27b5139a67983.jpg,detection_valid_0287.jpg
valid,img_2020_jpg.rf.2ba1deacbb8f18fcfbe116e5234180ca.jpg,detection_valid_0288.jpg
valid,img_2029_jpg.rf.06456ac451d660c40b6fdeedb3bde80a.jpg,detection_valid_0289.jpg
valid,img_2031_jpg.rf.f2c6583f336011836bd8374038490ce0.jpg,detection_valid_0290.jpg
valid,img_2035_jpg.rf.6358549e02cbb62a0238d1fd83c05d3f.jpg,detection_valid_0291.jpg
valid,img_2039_jpg.rf.9758751228598ab19c936dba0e2763e5.jpg,detection_valid_0292.jpg
valid,img_2046_jpg.rf.41f6cf475cfc16316d1d981e961615e2.jpg,detection_valid_0293.jpg
valid,img_2048_jpg.rf.9aea452c8d5a24ecdf1d8d3f6d58f685.jpg,detection_valid_0294.jpg
valid,img_2050_jpg.rf.379e224f38eb02d2cad1415634a37314.jpg,detection_valid_0295.jpg
valid,img_2051_jpg.rf.794f1e0ea0375baaf48733349be4ff1f.jpg,detection_valid_0296.jpg
valid,img_2059_jpg.rf.1e498034810ebeee2d4cdeedd5f210e4.jpg,detection_valid_0297.jpg
valid,img_2061_jpg.rf.9be5cfd2dc7f6fc985f5f5e83ff3bd0b.jpg,detection_valid_0298.jpg
valid,img_2067_jpg.rf.b20be4d2ec133bafec045c36848d408d.jpg,detection_valid_0299.jpg
valid,img_2087_jpg.rf.a88ff0cea27709f9871fcf73c1f29d9e.jpg,detection_valid_0300.jpg
valid,img_2103_jpg.rf.5d7c69c98275e4dedf66b1062b8f0991.jpg,detection_valid_0301.jpg
valid,img_2104_jpg.rf.fd06eda1b5814bb039baa0abd6727351.jpg,detection_valid_0302.jpg
valid,img_2112_jpg.rf.c125fa562c4427fa23dbda571d9685cc.jpg,detection_valid_0303.jpg
valid,img_2117_jpg.rf.7e4259e7438f1f2534ed7953ff7cf361.jpg,detection_valid_0304.jpg
valid,img_2120_jpg.rf.c9b0f39deddb9708ca92304cca2554ef.jpg,detection_valid_0305.jpg
valid,img_2122_jpg.rf.164feb5c10d06445a22db70dc9c31de9.jpg,detection_valid_0306.jpg
valid,img_2156_jpg.rf.d325250954cbf900336580d0c3856e15.jpg,detection_valid_0307.jpg
valid,img_2160_jpg.rf.f40a4bace2d26080db40851dbfdeb86d.jpg,detection_valid_0308.jpg
valid,img_2161_jpg.rf.3dfc42738877de28aed4ea817a138a34.jpg,detection_valid_0309.jpg
valid,img_2163_jpg.rf.3c6fbf80d7471beadfc79d82e2375b02.jpg,detection_valid_0310.jpg
valid,img_2172_jpg.rf.9a695482c68ea1b89961a67c4f0d2019.jpg,detection_valid_0311.jpg
valid,img_2173_jpg.rf.b453538d8d07db311e622181e8828e96.jpg,detection_valid_0312.jpg
valid,img_2182_jpg.rf.c44c471d71e422ed23a077b30d37b88e.jpg,detection_valid_0313.jpg
valid,img_2190_jpg.rf.4ec0bb11b41c7821ea95cd2804acb6d6.jpg,detection_valid_0314.jpg
valid,img_2193_jpg.rf.c94632e970b1ba2092fe781b3dd8214c.jpg,detection_valid_0315.jpg
valid,img_2194_jpg.rf.0429ae1bf3b5ffff9d4e47a9a36d7b34.jpg,detection_valid_0316.jpg
valid,img_2400_jpg.rf.ebb4dc0d51d9f4ee70c5e58da55f7154.jpg,detection_valid_0317.jpg
valid,img_2406_jpg.rf.8c2cf584350e921ad2d8b623f92f4c4c.jpg,detection_valid_0318.jpg
valid,img_2416_jpg.rf.c564c01d932e1d8afffc9501553b1d99.jpg,detection_valid_0319.jpg
valid,img_2418_jpg.rf.9dfcaddd2b45e76a85fe67907c7821c7.jpg,detection_valid_0320.jpg
valid,img_2419_jpg.rf.11030dedad1967b0db359d051cc9e1e2.jpg,detection_valid_0321.jpg
valid,img_2424_jpg.rf.90c786a850d7c6c942bd4576dab5e56b.jpg,detection_valid_0322.jpg
valid,img_2426_jpg.rf.d0365fc17c79fb1eaad79f1f82da9911.jpg,detection_valid_0323.jpg
valid,img_2441_jpg.rf.55fe1cbb3a43710434aae4a6e5bd19a9.jpg,detection_valid_0324.jpg
valid,img_2454_jpg.rf.a90cb1790991650ef409e839fa157402.jpg,detection_valid_0325.jpg
valid,img_2455_jpg.rf.218a080bc77f834ed3c649489ab79822.jpg,detection_valid_0326.jpg
valid,img_2456_jpg.rf.a6699f6a7875e7986e4a782746a66aec.jpg,detection_valid_0327.jpg
valid,img_2459_jpg.rf.9810fa2d29d5fa92e03dca624f39cafd.jpg,detection_valid_0328.jpg
valid,img_2464_jpg.rf.877920815015b12784f27a956ccd277d.jpg,detection_valid_0329.jpg
valid,img_2477_jpg.rf.ca0d01273fd63b2a7e38415579a01f1b.jpg,detection_valid_0330.jpg
valid,img_2480_jpg.rf.3ee15226c0e605cd40b94ae0d1bb1f2f.jpg,detection_valid_0331.jpg
valid,img_2484_jpg.rf.ca8f64bbe7f30717fefd24a0d637f4e8.jpg,detection_valid_0332.jpg
valid,img_2498_jpg.rf.cec248f1077fc6847bf26bbc4b5c0983.jpg,detection_valid_0333.jpg
valid,img_2499_jpg.rf.d10d830bc9272db36746259d24d31a0c.jpg,detection_valid_0334.jpg
valid,img_2505_jpg.rf.df9f362c51588b8cb54e44f093a8341a.jpg,detection_valid_0335.jpg
valid,img_2509_jpg.rf.0c60ab26e5cd13a87ea22e6681b0fc38.jpg,detection_valid_0336.jpg
valid,img_2511_jpg.rf.74cf9377cf2bf04965824d6aece0ee65.jpg,detection_valid_0337.jpg
valid,img_2513_jpg.rf.255ad067a3ad7b83d6ebc12593a15064.jpg,detection_valid_0338.jpg
valid,img_2515_jpg.rf.0d2302a8eb2420c8765fd2b3836139fb.jpg,detection_valid_0339.jpg
valid,img_2517_jpg.rf.e643d2740265d0aee081b803093b3a83.jpg,detection_valid_0340.jpg
valid,img_2520_jpg.rf.769842de2ad10ced09cc3bb676015e19.jpg,detection_valid_0341.jpg
valid,img_2527_jpg.rf.f351b34446efe9dd1cb0a5396127b492.jpg,detection_valid_0342.jpg
valid,img_2531_jpg.rf.180f194b54bb0e51e907887b0145aff6.jpg,detection_valid_0343.jpg
valid,img_2537_jpg.rf.ea2849976de85b3b8b83d1ef9b427ddf.jpg,detection_valid_0344.jpg
valid,img_2540_jpg.rf.d486f6ff1dd9e56a4e5c3dc015f8bf45.jpg,detection_valid_0345.jpg
valid,img_2541_jpg.rf.9bd97b040d35e340ccfc278f98b335f4.jpg,detection_valid_0346.jpg
valid,img_2543_jpg.rf.ec37776df7bb1dd55029fe6e00bcf585.jpg,detection_valid_0347.jpg
valid,img_2547_jpg.rf.2e58ed6531f823aba9b4e29d71be1ac7.jpg,detection_valid_0348.jpg
valid,img_2555_jpg.rf.d1abb4813275cce07a5215f1a3aea338.jpg,detection_valid_0349.jpg
valid,img_2557_jpg.rf.6d16fde784940989084a8c555da024b5.jpg,detection_valid_0350.jpg
valid,img_2560_jpg.rf.d2232a74e992ec25ed37d22c8937112d.jpg,detection_valid_0351.jpg
valid,img_2565_jpg.rf.528a55645f717061db3d2f56b672739a.jpg,detection_valid_0352.jpg
valid,img_2567_jpg.rf.b27f5b7cf207561cdfa00ee9d9458ad9.jpg,detection_valid_0353.jpg
valid,img_2568_jpg.rf.5298df6d40ac0263604c7f1f5cf9d28d.jpg,detection_valid_0354.jpg
valid,img_2573_jpg.rf.260571c1d34b403bc5974b2f4a6f4975.jpg,detection_valid_0355.jpg
valid,img_2591_jpg.rf.e4e2b9ab5bab8064a2748695576b8327.jpg,detection_valid_0356.jpg
valid,img_2594_jpg.rf.64240eab34585f56ead15070348a5db7.jpg,detection_valid_0357.jpg
valid,img_2601_jpg.rf.cbd35aa3b8791602a8a03883126f51b1.jpg,detection_valid_0358.jpg
valid,img_2603_jpg.rf.bbfbee504f0a90748d2f9da0a788c3f7.jpg,detection_valid_0359.jpg
valid,img_2610_jpg.rf.baf16113a85a6b11f074a26b7870ad34.jpg,detection_valid_0360.jpg
valid,img_2613_jpg.rf.584a8376793cf30cb0b37d9734c6ed8a.jpg,detection_valid_0361.jpg
valid,img_2618_jpg.rf.16a5f9db1019c962a94719093a012001.jpg,detection_valid_0362.jpg
valid,img_2619_jpg.rf.4c8aac8fe788bfde17c04eae22f24a22.jpg,detection_valid_0363.jpg
valid,img_2622_jpg.rf.098c5a096b17f484773b9ce85023049c.jpg,detection_valid_0364.jpg
valid,img_2634_jpg.rf.a5dfc02d002996d9c925c4cc04ae7b10.jpg,detection_valid_0365.jpg
valid,img_2637_jpg.rf.7d83b464a54758482a4a5f8072eadc3c.jpg,detection_valid_0366.jpg
valid,img_2982_jpg.rf.69ce5256c8b8848543a3f03ac7692f5f.jpg,detection_valid_0367.jpg
valid,img_3040_jpg.rf.31c1f742546bb9920cbed59d59060cc3.jpg,detection_valid_0368.jpg
valid,img_3044_jpg.rf.23510c88139c8114744005819b7d9cbd.jpg,detection_valid_0369.jpg
valid,img_3049_jpg.rf.e48e445522268196331f2915b0eeb1bc.jpg,detection_valid_0370.jpg
valid,img_3052_jpg.rf.83362e183af5b99c34cac8152f1a4032.jpg,detection_valid_0371.jpg
valid,img_3057_jpg.rf.4491f7c0cf20d7f369dff47e35c41dad.jpg,detection_valid_0372.jpg
valid,img_3059_jpg.rf.03f9a017fc0a15931c4081cc7726652c.jpg,detection_valid_0373.jpg
valid,img_3073_jpg.rf.aa093338f17c1accbd1418ef7652aaf0.jpg,detection_valid_0374.jpg
valid,img_3079_jpg.rf.6891ea8e291c7c3c83e769de6d9a6527.jpg,detection_valid_0375.jpg
valid,img_3081_jpg.rf.cff96645c511d866a081b53ec95641cd.jpg,detection_valid_0376.jpg
valid,img_3107_jpg.rf.2c5c5882b29af5161eff078f92e9348b.jpg,detection_valid_0377.jpg
valid,img_3110_jpg.rf.d714878ca8b998200ee6c59e75fd133d.jpg,detection_valid_0378.jpg
valid,img_3112_jpg.rf.2ca2f2df905968b43d1c8beb8cb08640.jpg,detection_valid_0379.jpg
valid,img_3122_jpg.rf.3d234043f206d1b4c7f35ea9a2d75a82.jpg,detection_valid_0380.jpg
valid,img_3127_jpg.rf.8f8a2ee7c7b12f84520780db814ee5f4.jpg,detection_valid_0381.jpg
valid,img_3129_jpg.rf.d916e12f08a0381f00f2b9af5538cf42.jpg,detection_valid_0382.jpg
valid,img_3136_jpg.rf.2bd0640f7d9c189c277395e4f9e14329.jpg,detection_valid_0383.jpg
valid,img_3138_jpg.rf.4851c087a2b23da1cf226e5ecfe1822a.jpg,detection_valid_0384.jpg
valid,img_3140_jpg.rf.48a113c9a25bc6e1c3ec19a89adf80e0.jpg,detection_valid_0385.jpg
valid,img_3146_jpg.rf.dad2b18e38b02de7c3e5cd0e71a59f19.jpg,detection_valid_0386.jpg
valid,img_3152_jpg.rf.bf68a5fa45bf6e53adb05f9874c26cf7.jpg,detection_valid_0387.jpg
valid,img_3156_jpg.rf.e629aa5d74ff0884f5bd1d2af3ddc692.jpg,detection_valid_0388.jpg
valid,img_3159_jpg.rf.3dbdb7f790c8b49e9b7365ab1a49eec0.jpg,detection_valid_0389.jpg
valid,img_3160_jpg.rf.f7f13994b9f2a27c4aaac99302d717b0.jpg,detection_valid_0390.jpg
valid,img_3161_jpg.rf.d371b667d3fc0828ee5b4f2f77b535c5.jpg,detection_valid_0391.jpg
valid,img_3166_jpg.rf.6b55f39620712a9db51f3c652e11006e.jpg,detection_valid_0392.jpg
valid,img_3177_jpg.rf.afbe4059b72eaea34bbb5a76d44f5511.jpg,detection_valid_0393.jpg
valid,img_3179_jpg.rf.1950d1cbcf325ab07709023d6688fd9a.jpg,detection_valid_0394.jpg
valid,img_3187_jpg.rf.5f435b7c0a0f99da38319d12e164a448.jpg,detection_valid_0395.jpg
valid,img_3189_jpg.rf.377675dc7ab94287300fdddaa2703bdd.jpg,detection_valid_0396.jpg
valid,img_3191_jpg.rf.3a8db81e9754a08841e1947202aecc30.jpg,detection_valid_0397.jpg
