filepath,label,recording_id,frame_index
normal/normal_00001.jpg,normal,additional_vid1,1
normal/normal_00002.jpg,normal,additional_vid1,2
normal/normal_00003.jpg,normal,additional_vid1,3
normal/normal_00004.jpg,normal,additional_vid1,4
normal/normal_00005.jpg,normal,additional_vid1,5
normal/normal_00006.jpg,normal,additional_vid1,6
normal/normal_00007.jpg,normal,additional_vid1,7
normal/normal_00008.jpg,normal,additional_vid1,8
normal/normal_00009.jpg,normal,additional_vid1,9
normal/normal_00010.jpg,normal,additional_vid1,10
normal/normal_00011.jpg,normal,additional_vid1,11
normal/normal_00012.jpg,normal,additional_vid1,12
normal/normal_00013.jpg,normal,additional_vid1,13
normal/normal_00014.jpg,normal,additional_vid1,14
normal/normal_00015.jpg,normal,additional_vid1,15
normal/normal_00016.jpg,normal,additional_vid1,16
normal/normal_00017.jpg,normal,additional_vid1,17
normal/normal_00018.jpg,normal,additional_vid1,18
normal/normal_00019.jpg,normal,additional_vid1,19
normal/normal_00020.jpg,normal,additional_vid1,20
normal/normal_00021.jpg,normal,additional_vid1,21
normal/normal_00022.jpg,normal,additional_vid1,22
normal/normal_00023.jpg,normal,additional_vid1,23
normal/normal_00024.jpg,normal,additional_vid1,24
normal/normal_00025.jpg,normal,additional_vid1,25
normal/normal_00026.jpg,normal,additional_vid1,26
normal/normal_00027.jpg,normal,additional_vid1,27
normal/normal_00028.jpg,normal,additional_vid1,28
normal/normal_00029.jpg,normal,additional_vid1,29
normal/normal_00030.jpg,normal,additional_vid1,30
normal/normal_00031.jpg,normal,additional_vid1,31
normal/normal_00032.jpg,normal,additional_vid1,32
normal/normal_00033.jpg,normal,additional_vid1,33
normal/normal_00034.jpg,normal,additional_vid1,34
normal/normal_00035.jpg,normal,additional_vid1,35
normal/normal_00036.jpg,normal,additional_vid1,36
normal/normal_00037.jpg,normal,additional_vid1,37
normal/normal_00038.jpg,normal,additional_vid1,38
normal/normal_00039.jpg,normal,additional_vid1,39
normal/normal_00040.jpg,normal,additional_vid1,40
normal/normal_00041.jpg,normal,additional_vid1,41
normal/normal_00042.jpg,normal,additional_vid1,42
normal/normal_00043.jpg,normal,additional_vid1,43
normal/normal_00044.jpg,normal,additional_vid1,44
normal/normal_00045.jpg,normal,additional_vid1,45
normal/normal_00046.jpg,normal,additional_vid1,46
normal/normal_00047.jpg,normal,additional_vid1,47
normal/normal_00048.jpg,normal,additional_vid1,48
normal/normal_00049.jpg,normal,additional_vid1,49
normal/normal_00050.jpg,normal,additional_vid1,50
normal/normal_00051.jpg,normal,additional_vid1,51
normal/normal_00052.jpg,normal,additional_vid1,52
normal/normal_00053.jpg,normal,additional_vid1,53
normal/normal_00054.jpg,normal,additional_vid1,54
normal/normal_00055.jpg,normal,additional_vid1,55
normal/normal_00056.jpg,normal,additional_vid1,56
normal/normal_00057.jpg,normal,additional_vid1,57
normal/normal_00058.jpg,normal,additional_vid1,58
normal/normal_00059.jpg,normal,additional_vid1,59
normal/normal_00060.jpg,normal,additional_vid1,60
normal/normal_00061.jpg,normal,additional_vid1,61
normal/normal_00062.jpg,normal,additional_vid1,62
normal/normal_00063.jpg,normal,additional_vid1,63
normal/normal_00064.jpg,normal,additional_vid1,64
normal/normal_00065.jpg,normal,additional_vid1,65
normal/normal_00066.jpg,normal,additional_vid1,66
normal/normal_00067.jpg,normal,additional_vid1,67
normal/normal_00068.jpg,normal,additional_vid1,68
normal/normal_00069.jpg,normal,additional_vid1,69
normal/normal_00070.jpg,normal,additional_vid1,70
normal/normal_00071.jpg,normal,additional_vid1,71
normal/normal_00072.jpg,normal,additional_vid1,72
normal/normal_00073.jpg,normal,additional_vid1,73
normal/normal_00074.jpg,normal,additional_vid1,74
normal/normal_00075.jpg,normal,additional_vid1,75
normal/normal_00076.jpg,normal,additional_vid1,76
normal/normal_00077.jpg,normal,additional_vid1,77
normal/normal_00078.jpg,normal,additional_vid1,78
normal/normal_00079.jpg,normal,additional_vid1,79
normal/normal_00080.jpg,normal,additional_vid1,80
normal/normal_00081.jpg,normal,additional_vid1,81
normal/normal_00082.jpg,normal,additional_vid1,82
normal/normal_00083.jpg,normal,additional_vid1,83
normal/normal_00084.jpg,normal,additional_vid1,84
normal/normal_00085.jpg,normal,additional_vid1,85
normal/normal_00086.jpg,normal,additional_vid1,86
normal/normal_00087.jpg,normal,additional_vid1,87
normal/normal_00088.jpg,normal,additional_vid1,88
normal/normal_00089.jpg,normal,additional_vid1,89
normal/normal_00090.jpg,normal,additional_vid1,90
normal/normal_00091.jpg,normal,additional_vid1,91
normal/normal_00092.jpg,normal,additional_vid1,92
normal/normal_00093.jpg,normal,additional_vid1,93
normal/normal_00094.jpg,normal,additional_vid1,94
normal/normal_00095.jpg,normal,additional_vid1,95
normal/normal_00096.jpg,normal,additional_vid1,96
normal/normal_00097.jpg,normal,additional_vid1,97
normal/normal_00098.jpg,normal,additional_vid1,98
normal/normal_00099.jpg,normal,additional_vid1,99
normal/normal_00100.jpg,normal,additional_vid1,100
normal/normal_00101.jpg,normal,additional_vid1,101
normal/normal_00102.jpg,normal,additional_vid1,102
normal/normal_00103.jpg,normal,additional_vid1,103
normal/normal_00104.jpg,normal,additional_vid1,104
normal/normal_00105.jpg,normal,additional_vid1,105
normal/normal_00106.jpg,normal,additional_vid1,106
normal/normal_00107.jpg,normal,additional_vid1,107
normal/normal_00108.jpg,normal,additional_vid1,108
normal/normal_00109.jpg,normal,additional_vid1,109
normal/normal_00110.jpg,normal,additional_vid1,110
normal/normal_00111.jpg,normal,additional_vid1,111
normal/normal_00112.jpg,normal,additional_vid1,112
normal/normal_00113.jpg,normal,additional_vid1,113
normal/normal_00114.jpg,normal,additional_vid1,114
normal/normal_00115.jpg,normal,additional_vid1,115
normal/normal_00116.jpg,normal,additional_vid1,116
normal/normal_00117.jpg,normal,additional_vid1,117
normal/normal_00118.jpg,normal,additional_vid1,118
normal/normal_00119.jpg,normal,additional_vid1,119
normal/normal_00120.jpg,normal,additional_vid1,120
normal/normal_00121.jpg,normal,additional_vid1,121
normal/normal_00122.jpg,normal,additional_vid1,122
normal/normal_00123.jpg,normal,additional_vid1,123
normal/normal_00124.jpg,normal,additional_vid1,124
normal/normal_00125.jpg,normal,additional_vid1,125
normal/normal_00126.jpg,normal,additional_vid1,126
normal/normal_00127.jpg,normal,additional_vid1,127
normal/normal_00128.jpg,normal,additional_vid1,128
normal/normal_00129.jpg,normal,additional_vid1,129
normal/normal_00130.jpg,normal,additional_vid1,130
normal/normal_00131.jpg,normal,additional_vid1,131
normal/normal_00132.jpg,normal,additional_vid1,132
normal/normal_00133.jpg,normal,additional_vid1,133
normal/normal_00134.jpg,normal,additional_vid1,134
normal/normal_00135.jpg,normal,additional_vid1,135
normal/normal_00136.jpg,normal,additional_vid1,136
normal/normal_00137.jpg,normal,additional_vid1,137
normal/normal_00138.jpg,normal,additional_vid1,138
normal/normal_00139.jpg,normal,additional_vid1,139
normal/normal_00140.jpg,normal,additional_vid1,140
normal/normal_00141.jpg,normal,additional_vid1,141
normal/normal_00142.jpg,normal,additional_vid1,142
normal/normal_00143.jpg,normal,additional_vid1,143
normal/normal_00144.jpg,normal,additional_vid1,144
normal/normal_00145.jpg,normal,additional_vid1,145
normal/normal_00146.jpg,normal,additional_vid1,146
normal/normal_00147.jpg,normal,additional_vid1,147
normal/normal_00148.jpg,normal,additional_vid1,148
normal/normal_00149.jpg,normal,additional_vid1,149
normal/normal_00150.jpg,normal,additional_vid1,150
normal/normal_00151.jpg,normal,additional_vid1,151
normal/normal_00152.jpg,normal,additional_vid1,152
normal/normal_00153.jpg,normal,additional_vid1,153
normal/normal_00154.jpg,normal,additional_vid1,154
normal/normal_00155.jpg,normal,additional_vid1,155
normal/normal_00156.jpg,normal,additional_vid1,156
normal/normal_00157.jpg,normal,additional_vid1,157
normal/normal_00158.jpg,normal,additional_vid1,158
normal/normal_00159.jpg,normal,additional_vid1,159
normal/normal_00160.jpg,normal,additional_vid1,160
normal/normal_00161.jpg,normal,additional_vid1,161
normal/normal_00162.jpg,normal,additional_vid1,162
normal/normal_00163.jpg,normal,additional_vid1,163
normal/normal_00164.jpg,normal,additional_vid1,164
normal/normal_00165.jpg,normal,additional_vid1,165
normal/normal_00166.jpg,normal,additional_vid1,166
normal/normal_00167.jpg,normal,additional_vid1,167
normal/normal_00168.jpg,normal,additional_vid1,168
normal/normal_00169.jpg,normal,additional_vid1,169
normal/normal_00170.jpg,normal,additional_vid1,170
normal/normal_00171.jpg,normal,additional_vid1,171
normal/normal_00172.jpg,normal,additional_vid1,172
normal/normal_00173.jpg,normal,additional_vid1,173
normal/normal_00174.jpg,normal,additional_vid1,174
normal/normal_00175.jpg,normal,additional_vid1,175
normal/normal_00176.jpg,normal,additional_vid1,176
normal/normal_00177.jpg,normal,additional_vid1,177
normal/normal_00178.jpg,normal,additional_vid1,178
normal/normal_00179.jpg,normal,additional_vid1,179
normal/normal_00180.jpg,normal,additional_vid1,180
normal/normal_00181.jpg,normal,additional_vid1,181
normal/normal_00182.jpg,normal,additional_vid1,182
normal/normal_00183.jpg,normal,additional_vid1,183
normal/normal_00184.jpg,normal,additional_vid1,184
normal/normal_00185.jpg,normal,additional_vid1,185
normal/normal_00186.jpg,normal,additional_vid1,186
normal/normal_00187.jpg,normal,additional_vid1,187
normal/normal_00188.jpg,normal,additional_vid1,188
normal/normal_00189.jpg,normal,additional_vid1,189
normal/normal_00190.jpg,normal,additional_vid1,190
normal/normal_00191.jpg,normal,additional_vid1,191
normal/normal_00192.jpg,normal,additional_vid1,192
normal/normal_00193.jpg,normal,additional_vid1,193
normal/normal_00194.jpg,normal,additional_vid1,194
normal/normal_00195.jpg,normal,additional_vid1,195
normal/normal_00196.jpg,normal,additional_vid1,196
normal/normal_00197.jpg,normal,additional_vid1,197
normal/normal_00198.jpg,normal,additional_vid1,198
normal/normal_00199.jpg,normal,additional_vid1,199
normal/normal_00200.jpg,normal,additional_vid1,200
normal/normal_00201.jpg,normal,additional_vid1,201
normal/normal_00202.jpg,normal,additional_vid1,202
normal/normal_00203.jpg,normal,additional_vid1,203
normal/normal_00204.jpg,normal,additional_vid1,204
normal/normal_00205.jpg,normal,additional_vid1,205
normal/normal_00206.jpg,normal,additional_vid1,206
normal/normal_00207.jpg,normal,additional_vid1,207
normal/normal_00208.jpg,normal,additional_vid1,208
normal/normal_00209.jpg,normal,additional_vid1,209
normal/normal_00210.jpg,normal,additional_vid1,210
normal/normal_00211.jpg,normal,additional_vid1,211
normal/normal_00212.jpg,normal,additional_vid1,212
normal/normal_00213.jpg,normal,additional_vid1,213
normal/normal_00214.jpg,normal,additional_vid1,214
normal/normal_00215.jpg,normal,additional_vid1,215
normal/normal_00216.jpg,normal,additional_vid1,216
normal/normal_00217.jpg,normal,additional_vid1,217
normal/normal_00218.jpg,normal,additional_vid1,218
normal/normal_00219.jpg,normal,additional_vid1,219
normal/normal_00220.jpg,normal,additional_vid1,220
normal/normal_00221.jpg,normal,additional_vid1,221
normal/normal_00222.jpg,normal,additional_vid1,222
normal/normal_00223.jpg,normal,additional_vid1,223
normal/normal_00224.jpg,normal,additional_vid1,224
normal/normal_00225.jpg,normal,additional_vid1,225
normal/normal_00226.jpg,normal,additional_vid1,226
normal/normal_00227.jpg,normal,additional_vid1,227
normal/normal_00228.jpg,normal,additional_vid1,228
normal/normal_00229.jpg,normal,additional_vid1,229
normal/normal_00230.jpg,normal,additional_vid1,230
normal/normal_00231.jpg,normal,additional_vid1,231
normal/normal_00232.jpg,normal,additional_vid1,232
normal/normal_00233.jpg,normal,additional_vid1,233
normal/normal_00234.jpg,normal,additional_vid1,234
normal/normal_00235.jpg,normal,additional_vid1,235
normal/normal_00236.jpg,normal,additional_vid1,236
normal/normal_00237.jpg,normal,additional_vid1,237
normal/normal_00238.jpg,normal,additional_vid1,238
normal/normal_00239.jpg,normal,additional_vid1,239
normal/normal_00240.jpg,normal,additional_vid1,240
normal/normal_00241.jpg,normal,additional_vid1,241
normal/normal_00242.jpg,normal,additional_vid1,242
normal/normal_00243.jpg,normal,additional_vid1,243
normal/normal_00244.jpg,normal,additional_vid1,244
normal/normal_00245.jpg,normal,additional_vid1,245
normal/normal_00246.jpg,normal,additional_vid1,246
normal/normal_00247.jpg,normal,additional_vid1,247
normal/normal_00248.jpg,normal,additional_vid1,248
normal/normal_00249.jpg,normal,additional_vid1,249
normal/normal_00250.jpg,normal,additional_vid1,250
normal/normal_00251.jpg,normal,additional_vid1,251
normal/normal_00252.jpg,normal,additional_vid1,252
normal/normal_00253.jpg,normal,additional_vid1,253
normal/normal_00254.jpg,normal,additional_vid1,254
normal/normal_00255.jpg,normal,additional_vid1,255
normal/normal_00256.jpg,normal,additional_vid1,256
normal/normal_00257.jpg,normal,additional_vid1,257
normal/normal_00258.jpg,normal,additional_vid1,258
normal/normal_00259.jpg,normal,additional_vid1,259
normal/normal_00260.jpg,normal,additional_vid1,260
normal/normal_00261.jpg,normal,additional_vid1,261
normal/normal_00262.jpg,normal,additional_vid1,262
normal/normal_00263.jpg,normal,additional_vid1,263
normal/normal_00264.jpg,normal,additional_vid1,264
normal/normal_00265.jpg,normal,additional_vid1,265
normal/normal_00266.jpg,normal,additional_vid1,266
normal/normal_00267.jpg,normal,additional_vid1,267
normal/normal_00268.jpg,normal,additional_vid1,268
normal/normal_00269.jpg,normal,additional_vid1,269
normal/normal_00270.jpg,normal,additional_vid1,270
normal/normal_00271.jpg,normal,additional_vid1,271
normal/normal_00272.jpg,normal,additional_vid1,272
normal/normal_00273.jpg,normal,additional_vid1,273
normal/normal_00274.jpg,normal,additional_vid1,274
normal/normal_00275.jpg,normal,additional_vid1,275
normal/normal_00276.jpg,normal,additional_vid1,276
normal/normal_00277.jpg,normal,additional_vid1,277
normal/normal_00278.jpg,normal,additional_vid1,278
normal/normal_00279.jpg,normal,additional_vid1,279
normal/normal_00280.jpg,normal,additional_vid1,280
normal/normal_00281.jpg,normal,additional_vid1,281
normal/normal_00282.jpg,normal,additional_vid1,282
normal/normal_00283.jpg,normal,additional_vid1,283
normal/normal_00284.jpg,normal,additional_vid1,284
normal/normal_00285.jpg,normal,additional_vid1,285
normal/normal_00286.jpg,normal,additional_vid1,286
normal/normal_00287.jpg,normal,additional_vid1,287
normal/normal_00288.jpg,normal,additional_vid1,288
normal/normal_00289.jpg,normal,additional_vid1,289
normal/normal_00290.jpg,normal,additional_vid1,290
normal/normal_00291.jpg,normal,additional_vid1,291
normal/normal_00292.jpg,normal,additional_vid1,292
normal/normal_00293.jpg,normal,additional_vid1,293
normal/normal_00294.jpg,normal,additional_vid1,294
normal/normal_00295.jpg,normal,additional_vid1,295
normal/normal_00296.jpg,normal,additional_vid1,296
normal/normal_00297.jpg,normal,additional_vid1,297
normal/normal_00298.jpg,normal,additional_vid1,298
normal/normal_00299.jpg,normal,additional_vid1,299
normal/normal_00300.jpg,normal,additional_vid1,300
normal/normal_00301.jpg,normal,additional_vid1,301
normal/normal_00302.jpg,normal,additional_vid1,302
normal/normal_00303.jpg,normal,additional_vid1,303
normal/normal_00304.jpg,normal,additional_vid1,304
normal/normal_00305.jpg,normal,additional_vid1,305
normal/normal_00306.jpg,normal,additional_vid1,306
normal/normal_00307.jpg,normal,additional_vid1,307
normal/normal_00308.jpg,normal,additional_vid1,308
normal/normal_00309.jpg,normal,additional_vid1,309
normal/normal_00310.jpg,normal,additional_vid1,310
normal/normal_00311.jpg,normal,additional_vid1,311
normal/normal_00312.jpg,normal,additional_vid1,312
normal/normal_00313.jpg,normal,additional_vid1,313
normal/normal_00314.jpg,normal,additional_vid1,314
normal/normal_00315.jpg,normal,additional_vid1,315
normal/normal_00316.jpg,normal,additional_vid1,316
normal/normal_00317.jpg,normal,additional_vid10,1
normal/normal_00318.jpg,normal,additional_vid2,1
normal/normal_00319.jpg,normal,additional_vid2,2
normal/normal_00320.jpg,normal,additional_vid2,3
normal/normal_00321.jpg,normal,additional_vid2,4
normal/normal_00322.jpg,normal,additional_vid2,5
normal/normal_00323.jpg,normal,additional_vid2,6
normal/normal_00324.jpg,normal,additional_vid2,7
normal/normal_00325.jpg,normal,additional_vid2,8
normal/normal_00326.jpg,normal,additional_vid2,9
normal/normal_00327.jpg,normal,additional_vid2,10
normal/normal_00328.jpg,normal,additional_vid2,11
normal/normal_00329.jpg,normal,additional_vid2,12
normal/normal_00330.jpg,normal,additional_vid2,13
normal/normal_00331.jpg,normal,additional_vid2,14
normal/normal_00332.jpg,normal,additional_vid2,15
normal/normal_00333.jpg,normal,additional_vid2,16
normal/normal_00334.jpg,normal,additional_vid2,17
normal/normal_00335.jpg,normal,additional_vid2,18
normal/normal_00336.jpg,normal,additional_vid2,19
normal/normal_00337.jpg,normal,additional_vid2,20
normal/normal_00338.jpg,normal,additional_vid2,21
normal/normal_00339.jpg,normal,additional_vid2,22
normal/normal_00340.jpg,normal,additional_vid2,23
normal/normal_00341.jpg,normal,additional_vid2,24
normal/normal_00342.jpg,normal,additional_vid2,25
normal/normal_00343.jpg,normal,additional_vid2,26
normal/normal_00344.jpg,normal,additional_vid2,27
normal/normal_00345.jpg,normal,additional_vid2,28
normal/normal_00346.jpg,normal,additional_vid2,29
normal/normal_00347.jpg,normal,additional_vid2,30
normal/normal_00348.jpg,normal,additional_vid2,31
normal/normal_00349.jpg,normal,additional_vid2,32
normal/normal_00350.jpg,normal,additional_vid2,33
normal/normal_00351.jpg,normal,additional_vid2,34
normal/normal_00352.jpg,normal,additional_vid2,35
normal/normal_00353.jpg,normal,additional_vid2,36
normal/normal_00354.jpg,normal,additional_vid2,37
normal/normal_00355.jpg,normal,additional_vid2,38
normal/normal_00356.jpg,normal,additional_vid2,39
normal/normal_00357.jpg,normal,additional_vid2,40
normal/normal_00358.jpg,normal,additional_vid2,41
normal/normal_00359.jpg,normal,additional_vid2,42
normal/normal_00360.jpg,normal,additional_vid2,43
normal/normal_00361.jpg,normal,additional_vid2,44
normal/normal_00362.jpg,normal,additional_vid2,45
normal/normal_00363.jpg,normal,additional_vid2,46
normal/normal_00364.jpg,normal,additional_vid2,47
normal/normal_00365.jpg,normal,additional_vid2,48
normal/normal_00366.jpg,normal,additional_vid2,49
normal/normal_00367.jpg,normal,additional_vid2,50
normal/normal_00368.jpg,normal,additional_vid2,51
normal/normal_00369.jpg,normal,additional_vid2,52
normal/normal_00370.jpg,normal,additional_vid2,53
normal/normal_00371.jpg,normal,additional_vid2,54
normal/normal_00372.jpg,normal,additional_vid2,55
normal/normal_00373.jpg,normal,additional_vid2,56
normal/normal_00374.jpg,normal,additional_vid2,57
normal/normal_00375.jpg,normal,additional_vid2,58
normal/normal_00376.jpg,normal,additional_vid2,59
normal/normal_00377.jpg,normal,additional_vid2,60
normal/normal_00378.jpg,normal,additional_vid2,61
normal/normal_00379.jpg,normal,additional_vid2,62
normal/normal_00380.jpg,normal,additional_vid2,63
normal/normal_00381.jpg,normal,additional_vid2,64
normal/normal_00382.jpg,normal,additional_vid2,65
normal/normal_00383.jpg,normal,additional_vid2,66
normal/normal_00384.jpg,normal,additional_vid2,67
normal/normal_00385.jpg,normal,additional_vid2,68
normal/normal_00386.jpg,normal,additional_vid2,69
normal/normal_00387.jpg,normal,additional_vid2,70
normal/normal_00388.jpg,normal,additional_vid2,71
normal/normal_00389.jpg,normal,additional_vid2,72
normal/normal_00390.jpg,normal,additional_vid2,73
normal/normal_00391.jpg,normal,additional_vid2,74
normal/normal_00392.jpg,normal,additional_vid2,75
normal/normal_00393.jpg,normal,additional_vid2,76
normal/normal_00394.jpg,normal,additional_vid2,77
normal/normal_00395.jpg,normal,additional_vid2,78
normal/normal_00396.jpg,normal,additional_vid2,79
normal/normal_00397.jpg,normal,additional_vid2,80
normal/normal_00398.jpg,normal,additional_vid2,81
normal/normal_00399.jpg,normal,additional_vid2,82
normal/normal_00400.jpg,normal,additional_vid2,83
normal/normal_00401.jpg,normal,additional_vid2,84
normal/normal_00402.jpg,normal,additional_vid2,85
normal/normal_00403.jpg,normal,additional_vid2,86
normal/normal_00404.jpg,normal,additional_vid2,87
normal/normal_00405.jpg,normal,additional_vid2,88
normal/normal_00406.jpg,normal,additional_vid2,89
normal/normal_00407.jpg,normal,additional_vid2,90
normal/normal_00408.jpg,normal,additional_vid2,91
normal/normal_00409.jpg,normal,additional_vid2,92
normal/normal_00410.jpg,normal,additional_vid2,93
normal/normal_00411.jpg,normal,additional_vid2,94
normal/normal_00412.jpg,normal,additional_vid2,95
normal/normal_00413.jpg,normal,additional_vid2,96
normal/normal_00414.jpg,normal,additional_vid2,97
normal/normal_00415.jpg,normal,additional_vid2,98
normal/normal_00416.jpg,normal,additional_vid2,99
normal/normal_00417.jpg,normal,additional_vid2,100
normal/normal_00418.jpg,normal,additional_vid2,101
normal/normal_00419.jpg,normal,additional_vid2,102
normal/normal_00420.jpg,normal,additional_vid2,103
normal/normal_00421.jpg,normal,additional_vid2,104
normal/normal_00422.jpg,normal,additional_vid2,105
normal/normal_00423.jpg,normal,additional_vid2,106
normal/normal_00424.jpg,normal,additional_vid2,107
normal/normal_00425.jpg,normal,additional_vid2,108
normal/normal_00426.jpg,normal,additional_vid2,109
normal/normal_00427.jpg,normal,additional_vid2,110
normal/normal_00428.jpg,normal,additional_vid2,111
normal/normal_00429.jpg,normal,additional_vid2,112
normal/normal_00430.jpg,normal,additional_vid2,113
normal/normal_00431.jpg,normal,additional_vid2,114
normal/normal_00432.jpg,normal,additional_vid2,115
normal/normal_00433.jpg,normal,additional_vid2,116
normal/normal_00434.jpg,normal,additional_vid2,117
normal/normal_00435.jpg,normal,additional_vid2,118
normal/normal_00436.jpg,normal,additional_vid2,119
normal/normal_00437.jpg,normal,additional_vid2,120
normal/normal_00438.jpg,normal,additional_vid2,121
normal/normal_00439.jpg,normal,additional_vid2,122
normal/normal_00440.jpg,normal,additional_vid2,123
normal/normal_00441.jpg,normal,additional_vid2,124
normal/normal_00442.jpg,normal,additional_vid2,125
normal/normal_00443.jpg,normal,additional_vid2,126
normal/normal_00444.jpg,normal,additional_vid2,127
normal/normal_00445.jpg,normal,additional_vid2,128
normal/normal_00446.jpg,normal,additional_vid2,129
normal/normal_00447.jpg,normal,additional_vid2,130
normal/normal_00448.jpg,normal,additional_vid2,131
normal/normal_00449.jpg,normal,additional_vid2,132
normal/normal_00450.jpg,normal,additional_vid2,133
normal/normal_00451.jpg,normal,additional_vid2,134
normal/normal_00452.jpg,normal,additional_vid2,135
normal/normal_00453.jpg,normal,additional_vid2,136
normal/normal_00454.jpg,normal,additional_vid2,137
normal/normal_00455.jpg,normal,additional_vid2,138
normal/normal_00456.jpg,normal,additional_vid2,139
normal/normal_00457.jpg,normal,additional_vid2,140
normal/normal_00458.jpg,normal,additional_vid2,141
normal/normal_00459.jpg,normal,additional_vid2,142
normal/normal_00460.jpg,normal,additional_vid2,143
normal/normal_00461.jpg,normal,additional_vid2,144
normal/normal_00462.jpg,normal,additional_vid2,145
normal/normal_00463.jpg,normal,additional_vid2,146
normal/normal_00464.jpg,normal,additional_vid2,147
normal/normal_00465.jpg,normal,additional_vid2,148
normal/normal_00466.jpg,normal,additional_vid2,149
normal/normal_00467.jpg,normal,additional_vid2,150
normal/normal_00468.jpg,normal,additional_vid2,151
normal/normal_00469.jpg,normal,additional_vid2,152
normal/normal_00470.jpg,normal,additional_vid2,153
normal/normal_00471.jpg,normal,additional_vid2,154
normal/normal_00472.jpg,normal,additional_vid2,155
normal/normal_00473.jpg,normal,additional_vid2,156
normal/normal_00474.jpg,normal,additional_vid2,157
normal/normal_00475.jpg,normal,additional_vid2,158
normal/normal_00476.jpg,normal,additional_vid2,159
normal/normal_00477.jpg,normal,additional_vid2,160
normal/normal_00478.jpg,normal,additional_vid2,161
normal/normal_00479.jpg,normal,additional_vid2,162
normal/normal_00480.jpg,normal,additional_vid2,163
normal/normal_00481.jpg,normal,additional_vid2,164
normal/normal_00482.jpg,normal,additional_vid2,165
normal/normal_00483.jpg,normal,additional_vid2,166
normal/normal_00484.jpg,normal,additional_vid2,167
normal/normal_00485.jpg,normal,additional_vid2,168
normal/normal_00486.jpg,normal,additional_vid2,169
normal/normal_00487.jpg,normal,additional_vid2,170
normal/normal_00488.jpg,normal,additional_vid2,171
normal/normal_00489.jpg,normal,additional_vid2,172
normal/normal_00490.jpg,normal,additional_vid2,173
normal/normal_00491.jpg,normal,additional_vid2,174
normal/normal_00492.jpg,normal,additional_vid2,175
normal/normal_00493.jpg,normal,additional_vid2,176
normal/normal_00494.jpg,normal,additional_vid2,177
normal/normal_00495.jpg,normal,additional_vid2,178
normal/normal_00496.jpg,normal,additional_vid2,179
normal/normal_00497.jpg,normal,additional_vid2,180
normal/normal_00498.jpg,normal,additional_vid2,181
normal/normal_00499.jpg,normal,additional_vid2,182
normal/normal_00500.jpg,normal,additional_vid2,183
normal/normal_00501.jpg,normal,additional_vid2,184
normal/normal_00502.jpg,normal,additional_vid2,185
normal/normal_00503.jpg,normal,additional_vid2,186
normal/normal_00504.jpg,normal,additional_vid2,187
normal/normal_00505.jpg,normal,additional_vid2,188
normal/normal_00506.jpg,normal,additional_vid2,189
normal/normal_00507.jpg,normal,additional_vid2,190
normal/normal_00508.jpg,normal,additional_vid2,191
normal/normal_00509.jpg,normal,additional_vid2,192
normal/normal_00510.jpg,normal,additional_vid2,193
normal/normal_00511.jpg,normal,additional_vid2,194
normal/normal_00512.jpg,normal,additional_vid2,195
normal/normal_00513.jpg,normal,additional_vid2,196
normal/normal_00514.jpg,normal,additional_vid2,197
normal/normal_00515.jpg,normal,additional_vid2,198
normal/normal_00516.jpg,normal,additional_vid2,199
normal/normal_00517.jpg,normal,additional_vid2,200
normal/normal_00518.jpg,normal,additional_vid2,201
normal/normal_00519.jpg,normal,additional_vid2,202
normal/normal_00520.jpg,normal,additional_vid2,203
normal/normal_00521.jpg,normal,additional_vid2,204
normal/normal_00522.jpg,normal,additional_vid2,205
normal/normal_00523.jpg,normal,additional_vid2,206
normal/normal_00524.jpg,normal,additional_vid2,207
normal/normal_00525.jpg,normal,additional_vid2,208
normal/normal_00526.jpg,normal,additional_vid2,209
normal/normal_00527.jpg,normal,additional_vid2,210
normal/normal_00528.jpg,normal,additional_vid2,211
normal/normal_00529.jpg,normal,additional_vid2,212
normal/normal_00530.jpg,normal,additional_vid2,213
normal/normal_00531.jpg,normal,additional_vid2,214
normal/normal_00532.jpg,normal,additional_vid2,215
normal/normal_00533.jpg,normal,additional_vid2,216
normal/normal_00534.jpg,normal,additional_vid2,217
normal/normal_00535.jpg,normal,additional_vid2,218
normal/normal_00536.jpg,normal,additional_vid2,219
normal/normal_00537.jpg,normal,additional_vid2,220
normal/normal_00538.jpg,normal,additional_vid2,221
normal/normal_00539.jpg,normal,additional_vid2,222
normal/normal_00540.jpg,normal,additional_vid2,223
normal/normal_00541.jpg,normal,additional_vid2,224
normal/normal_00542.jpg,normal,additional_vid2,225
normal/normal_00543.jpg,normal,additional_vid2,226
normal/normal_00544.jpg,normal,additional_vid2,227
normal/normal_00545.jpg,normal,additional_vid2,228
normal/normal_00546.jpg,normal,additional_vid2,229
normal/normal_00547.jpg,normal,additional_vid2,230
normal/normal_00548.jpg,normal,additional_vid2,231
normal/normal_00549.jpg,normal,additional_vid2,232
normal/normal_00550.jpg,normal,additional_vid2,233
normal/normal_00551.jpg,normal,additional_vid2,234
normal/normal_00552.jpg,normal,additional_vid2,235
normal/normal_00553.jpg,normal,additional_vid2,236
normal/normal_00554.jpg,normal,additional_vid2,237
normal/normal_00555.jpg,normal,additional_vid2,238
normal/normal_00556.jpg,normal,additional_vid2,239
normal/normal_00557.jpg,normal,additional_vid2,240
normal/normal_00558.jpg,normal,additional_vid2,241
normal/normal_00559.jpg,normal,additional_vid2,242
normal/normal_00560.jpg,normal,additional_vid2,243
normal/normal_00561.jpg,normal,additional_vid2,244
normal/normal_00562.jpg,normal,additional_vid2,245
normal/normal_00563.jpg,normal,additional_vid2,246
normal/normal_00564.jpg,normal,additional_vid2,247
normal/normal_00565.jpg,normal,additional_vid2,248
normal/normal_00566.jpg,normal,additional_vid2,249
normal/normal_00567.jpg,normal,additional_vid2,250
normal/normal_00568.jpg,normal,additional_vid2,251
normal/normal_00569.jpg,normal,additional_vid2,252
normal/normal_00570.jpg,normal,additional_vid2,253
normal/normal_00571.jpg,normal,additional_vid2,254
normal/normal_00572.jpg,normal,additional_vid2,255
normal/normal_00573.jpg,normal,additional_vid2,256
normal/normal_00574.jpg,normal,additional_vid2,257
normal/normal_00575.jpg,normal,additional_vid2,258
normal/normal_00576.jpg,normal,additional_vid2,259
normal/normal_00577.jpg,normal,additional_vid2,260
normal/normal_00578.jpg,normal,additional_vid2,261
normal/normal_00579.jpg,normal,additional_vid2,262
normal/normal_00580.jpg,normal,additional_vid2,263
normal/normal_00581.jpg,normal,additional_vid2,264
normal/normal_00582.jpg,normal,additional_vid2,265
normal/normal_00583.jpg,normal,additional_vid2,266
normal/normal_00584.jpg,normal,additional_vid2,267
normal/normal_00585.jpg,normal,additional_vid2,268
normal/normal_00586.jpg,normal,additional_vid2,269
normal/normal_00587.jpg,normal,additional_vid2,270
normal/normal_00588.jpg,normal,additional_vid2,271
normal/normal_00589.jpg,normal,additional_vid2,272
normal/normal_00590.jpg,normal,additional_vid2,273
normal/normal_00591.jpg,normal,additional_vid2,274
normal/normal_00592.jpg,normal,additional_vid2,275
normal/normal_00593.jpg,normal,additional_vid2,276
normal/normal_00594.jpg,normal,additional_vid2,277
normal/normal_00595.jpg,normal,additional_vid2,278
normal/normal_00596.jpg,normal,additional_vid2,279
normal/normal_00597.jpg,normal,additional_vid2,280
normal/normal_00598.jpg,normal,additional_vid2,281
normal/normal_00599.jpg,normal,additional_vid2,282
normal/normal_00600.jpg,normal,additional_vid2,283
normal/normal_00601.jpg,normal,additional_vid2,284
normal/normal_00602.jpg,normal,additional_vid2,285
normal/normal_00603.jpg,normal,additional_vid2,286
normal/normal_00604.jpg,normal,additional_vid2,287
normal/normal_00605.jpg,normal,additional_vid2,288
normal/normal_00606.jpg,normal,additional_vid2,289
normal/normal_00607.jpg,normal,additional_vid2,290
normal/normal_00608.jpg,normal,additional_vid2,291
normal/normal_00609.jpg,normal,additional_vid2,292
normal/normal_00610.jpg,normal,additional_vid2,293
normal/normal_00611.jpg,normal,additional_vid2,294
normal/normal_00612.jpg,normal,additional_vid2,295
normal/normal_00613.jpg,normal,additional_vid2,296
normal/normal_00614.jpg,normal,additional_vid2,297
normal/normal_00615.jpg,normal,additional_vid2,298
normal/normal_00616.jpg,normal,additional_vid2,299
normal/normal_00617.jpg,normal,additional_vid2,300
normal/normal_00618.jpg,normal,additional_vid2,301
normal/normal_00619.jpg,normal,additional_vid2,302
normal/normal_00620.jpg,normal,additional_vid2,303
normal/normal_00621.jpg,normal,additional_vid2,304
normal/normal_00622.jpg,normal,additional_vid2,305
normal/normal_00623.jpg,normal,additional_vid2,306
normal/normal_00624.jpg,normal,additional_vid2,307
normal/normal_00625.jpg,normal,additional_vid2,308
normal/normal_00626.jpg,normal,additional_vid2,309
normal/normal_00627.jpg,normal,additional_vid2,310
normal/normal_00628.jpg,normal,additional_vid2,311
normal/normal_00629.jpg,normal,additional_vid2,312
normal/normal_00630.jpg,normal,additional_vid2,313
normal/normal_00631.jpg,normal,additional_vid2,314
normal/normal_00632.jpg,normal,additional_vid2,315
normal/normal_00633.jpg,normal,additional_vid2,316
normal/normal_00634.jpg,normal,additional_vid2,317
normal/normal_00635.jpg,normal,additional_vid2,318
normal/normal_00636.jpg,normal,additional_vid2,319
normal/normal_00637.jpg,normal,additional_vid2,320
normal/normal_00638.jpg,normal,additional_vid2,321
normal/normal_00639.jpg,normal,additional_vid2,322
normal/normal_00640.jpg,normal,additional_vid2,323
normal/normal_00641.jpg,normal,additional_vid2,324
normal/normal_00642.jpg,normal,additional_vid2,325
normal/normal_00643.jpg,normal,additional_vid2,326
normal/normal_00644.jpg,normal,additional_vid2,327
normal/normal_00645.jpg,normal,additional_vid2,328
normal/normal_00646.jpg,normal,additional_vid2,329
normal/normal_00647.jpg,normal,additional_vid2,330
normal/normal_00648.jpg,normal,additional_vid2,331
normal/normal_00649.jpg,normal,additional_vid2,332
normal/normal_00650.jpg,normal,additional_vid2,333
normal/normal_00651.jpg,normal,additional_vid2,334
normal/normal_00652.jpg,normal,additional_vid2,335
normal/normal_00653.jpg,normal,additional_vid2,336
normal/normal_00654.jpg,normal,additional_vid2,337
normal/normal_00655.jpg,normal,additional_vid2,338
normal/normal_00656.jpg,normal,additional_vid2,339
normal/normal_00657.jpg,normal,additional_vid2,340
normal/normal_00658.jpg,normal,additional_vid2,341
normal/normal_00659.jpg,normal,additional_vid2,342
normal/normal_00660.jpg,normal,additional_vid2,343
normal/normal_00661.jpg,normal,additional_vid2,344
normal/normal_00662.jpg,normal,additional_vid2,345
normal/normal_00663.jpg,normal,additional_vid2,346
normal/normal_00664.jpg,normal,additional_vid2,347
normal/normal_00665.jpg,normal,additional_vid2,348
normal/normal_00666.jpg,normal,additional_vid2,349
normal/normal_00667.jpg,normal,additional_vid2,350
normal/normal_00668.jpg,normal,additional_vid2,351
normal/normal_00669.jpg,normal,additional_vid2,352
normal/normal_00670.jpg,normal,additional_vid2,353
normal/normal_00671.jpg,normal,additional_vid2,354
normal/normal_00672.jpg,normal,additional_vid2,355
normal/normal_00673.jpg,normal,additional_vid2,356
normal/normal_00674.jpg,normal,additional_vid2,357
normal/normal_00675.jpg,normal,additional_vid2,358
normal/normal_00676.jpg,normal,additional_vid2,359
normal/normal_00677.jpg,normal,additional_vid2,360
normal/normal_00678.jpg,normal,additional_vid2,361
normal/normal_00679.jpg,normal,additional_vid2,362
normal/normal_00680.jpg,normal,additional_vid2,363
normal/normal_00681.jpg,normal,additional_vid2,364
normal/normal_00682.jpg,normal,additional_vid2,365
normal/normal_00683.jpg,normal,additional_vid2,366
normal/normal_00684.jpg,normal,additional_vid2,367
normal/normal_00685.jpg,normal,additional_vid2,368
normal/normal_00686.jpg,normal,additional_vid2,369
normal/normal_00687.jpg,normal,additional_vid2,370
normal/normal_00688.jpg,normal,additional_vid2,371
normal/normal_00689.jpg,normal,additional_vid2,372
normal/normal_00690.jpg,normal,additional_vid2,373
normal/normal_00691.jpg,normal,additional_vid2,374
normal/normal_00692.jpg,normal,additional_vid2,375
normal/normal_00693.jpg,normal,additional_vid2,376
normal/normal_00694.jpg,normal,additional_vid2,377
normal/normal_00695.jpg,normal,additional_vid2,378
normal/normal_00696.jpg,normal,additional_vid2,379
normal/normal_00697.jpg,normal,additional_vid2,380
normal/normal_00698.jpg,normal,additional_vid2,381
normal/normal_00699.jpg,normal,additional_vid2,382
normal/normal_00700.jpg,normal,additional_vid2,383
normal/normal_00701.jpg,normal,additional_vid2,384
normal/normal_00702.jpg,normal,additional_vid2,385
normal/normal_00703.jpg,normal,additional_vid2,386
normal/normal_00704.jpg,normal,additional_vid2,387
normal/normal_00705.jpg,normal,additional_vid2,388
normal/normal_00706.jpg,normal,additional_vid2,389
normal/normal_00707.jpg,normal,additional_vid2,390
normal/normal_00708.jpg,normal,additional_vid2,391
normal/normal_00709.jpg,normal,additional_vid2,392
normal/normal_00710.jpg,normal,additional_vid2,393
normal/normal_00711.jpg,normal,additional_vid2,394
normal/normal_00712.jpg,normal,additional_vid2,395
normal/normal_00713.jpg,normal,additional_vid2,396
normal/normal_00714.jpg,normal,additional_vid2,397
normal/normal_00715.jpg,normal,additional_vid2,398
normal/normal_00716.jpg,normal,additional_vid2,399
normal/normal_00717.jpg,normal,additional_vid2,400
normal/normal_00718.jpg,normal,additional_vid2,401
normal/normal_00719.jpg,normal,additional_vid2,402
normal/normal_00720.jpg,normal,additional_vid2,403
normal/normal_00721.jpg,normal,additional_vid2,404
normal/normal_00722.jpg,normal,additional_vid2,405
normal/normal_00723.jpg,normal,additional_vid2,406
normal/normal_00724.jpg,normal,additional_vid2,407
normal/normal_00725.jpg,normal,additional_vid2,408
normal/normal_00726.jpg,normal,additional_vid2,409
normal/normal_00727.jpg,normal,additional_vid2,410
normal/normal_00728.jpg,normal,additional_vid2,411
normal/normal_00729.jpg,normal,additional_vid2,412
normal/normal_00730.jpg,normal,additional_vid2,413
normal/normal_00731.jpg,normal,additional_vid2,414
normal/normal_00732.jpg,normal,additional_vid2,415
normal/normal_00733.jpg,normal,additional_vid2,416
normal/normal_00734.jpg,normal,additional_vid2,417
normal/normal_00735.jpg,normal,additional_vid2,418
normal/normal_00736.jpg,normal,additional_vid2,419
normal/normal_00737.jpg,normal,additional_vid2,420
normal/normal_00738.jpg,normal,additional_vid2,421
normal/normal_00739.jpg,normal,additional_vid2,422
normal/normal_00740.jpg,normal,additional_vid2,423
normal/normal_00741.jpg,normal,additional_vid2,424
normal/normal_00742.jpg,normal,additional_vid2,425
normal/normal_00743.jpg,normal,additional_vid2,426
normal/normal_00744.jpg,normal,additional_vid2,427
normal/normal_00745.jpg,normal,additional_vid2,428
normal/normal_00746.jpg,normal,additional_vid2,429
normal/normal_00747.jpg,normal,additional_vid2,430
normal/normal_00748.jpg,normal,additional_vid2,431
normal/normal_00749.jpg,normal,additional_vid3,1
normal/normal_00750.jpg,normal,additional_vid3,2
normal/normal_00751.jpg,normal,additional_vid3,3
normal/normal_00752.jpg,normal,additional_vid3,4
normal/normal_00753.jpg,normal,additional_vid3,5
normal/normal_00754.jpg,normal,additional_vid3,6
normal/normal_00755.jpg,normal,additional_vid3,7
normal/normal_00756.jpg,normal,additional_vid3,8
normal/normal_00757.jpg,normal,additional_vid3,9
normal/normal_00758.jpg,normal,additional_vid3,10
normal/normal_00759.jpg,normal,additional_vid3,11
normal/normal_00760.jpg,normal,additional_vid3,12
normal/normal_00761.jpg,normal,additional_vid3,13
normal/normal_00762.jpg,normal,additional_vid3,14
normal/normal_00763.jpg,normal,additional_vid3,15
normal/normal_00764.jpg,normal,additional_vid3,16
normal/normal_00765.jpg,normal,additional_vid3,17
normal/normal_00766.jpg,normal,additional_vid3,18
normal/normal_00767.jpg,normal,additional_vid3,19
normal/normal_00768.jpg,normal,additional_vid3,20
normal/normal_00769.jpg,normal,additional_vid3,21
normal/normal_00770.jpg,normal,additional_vid3,22
normal/normal_00771.jpg,normal,additional_vid3,23
normal/normal_00772.jpg,normal,additional_vid3,24
normal/normal_00773.jpg,normal,additional_vid3,25
normal/normal_00774.jpg,normal,additional_vid3,26
normal/normal_00775.jpg,normal,additional_vid3,27
normal/normal_00776.jpg,normal,additional_vid3,28
normal/normal_00777.jpg,normal,additional_vid3,29
normal/normal_00778.jpg,normal,additional_vid3,30
normal/normal_00779.jpg,normal,additional_vid3,31
normal/normal_00780.jpg,normal,additional_vid3,32
normal/normal_00781.jpg,normal,additional_vid3,33
normal/normal_00782.jpg,normal,additional_vid3,34
normal/normal_00783.jpg,normal,additional_vid3,35
normal/normal_00784.jpg,normal,additional_vid3,36
normal/normal_00785.jpg,normal,additional_vid3,37
normal/normal_00786.jpg,normal,additional_vid3,38
normal/normal_00787.jpg,normal,additional_vid3,39
normal/normal_00788.jpg,normal,additional_vid3,40
normal/normal_00789.jpg,normal,additional_vid3,41
normal/normal_00790.jpg,normal,additional_vid3,42
normal/normal_00791.jpg,normal,additional_vid3,43
normal/normal_00792.jpg,normal,additional_vid3,44
normal/normal_00793.jpg,normal,additional_vid3,45
normal/normal_00794.jpg,normal,additional_vid3,46
normal/normal_00795.jpg,normal,additional_vid3,47
normal/normal_00796.jpg,normal,additional_vid3,48
normal/normal_00797.jpg,normal,additional_vid3,49
normal/normal_00798.jpg,normal,additional_vid3,50
normal/normal_00799.jpg,normal,additional_vid3,51
normal/normal_00800.jpg,normal,additional_vid3,52
normal/normal_00801.jpg,normal,additional_vid3,53
normal/normal_00802.jpg,normal,additional_vid3,54
normal/normal_00803.jpg,normal,additional_vid3,55
normal/normal_00804.jpg,normal,additional_vid3,56
normal/normal_00805.jpg,normal,additional_vid3,57
normal/normal_00806.jpg,normal,additional_vid3,58
normal/normal_00807.jpg,normal,additional_vid3,59
normal/normal_00808.jpg,normal,additional_vid3,60
normal/normal_00809.jpg,normal,additional_vid3,61
normal/normal_00810.jpg,normal,additional_vid3,62
normal/normal_00811.jpg,normal,additional_vid3,63
normal/normal_00812.jpg,normal,additional_vid3,64
normal/normal_00813.jpg,normal,additional_vid3,65
normal/normal_00814.jpg,normal,additional_vid3,66
normal/normal_00815.jpg,normal,additional_vid3,67
normal/normal_00816.jpg,normal,additional_vid3,68
normal/normal_00817.jpg,normal,additional_vid3,69
normal/normal_00818.jpg,normal,additional_vid3,70
normal/normal_00819.jpg,normal,additional_vid3,71
normal/normal_00820.jpg,normal,additional_vid3,72
normal/normal_00821.jpg,normal,additional_vid3,73
normal/normal_00822.jpg,normal,additional_vid3,74
normal/normal_00823.jpg,normal,additional_vid3,75
normal/normal_00824.jpg,normal,additional_vid3,76
normal/normal_00825.jpg,normal,additional_vid3,77
normal/normal_00826.jpg,normal,additional_vid3,78
normal/normal_00827.jpg,normal,additional_vid3,79
normal/normal_00828.jpg,normal,additional_vid3,80
normal/normal_00829.jpg,normal,additional_vid3,81
normal/normal_00830.jpg,normal,additional_vid3,82
normal/normal_00831.jpg,normal,additional_vid3,83
normal/normal_00832.jpg,normal,additional_vid3,84
normal/normal_00833.jpg,normal,additional_vid3,85
normal/normal_00834.jpg,normal,additional_vid3,86
normal/normal_00835.jpg,normal,additional_vid3,87
normal/normal_00836.jpg,normal,additional_vid3,88
normal/normal_00837.jpg,normal,additional_vid3,89
normal/normal_00838.jpg,normal,additional_vid3,90
normal/normal_00839.jpg,normal,additional_vid3,91
normal/normal_00840.jpg,normal,additional_vid3,92
normal/normal_00841.jpg,normal,additional_vid3,93
normal/normal_00842.jpg,normal,additional_vid3,94
normal/normal_00843.jpg,normal,additional_vid3,95
normal/normal_00844.jpg,normal,additional_vid3,96
normal/normal_00845.jpg,normal,additional_vid3,97
normal/normal_00846.jpg,normal,additional_vid3,98
normal/normal_00847.jpg,normal,additional_vid3,99
normal/normal_00848.jpg,normal,additional_vid3,100
normal/normal_00849.jpg,normal,additional_vid3,101
normal/normal_00850.jpg,normal,additional_vid3,102
normal/normal_00851.jpg,normal,additional_vid3,103
normal/normal_00852.jpg,normal,additional_vid3,104
normal/normal_00853.jpg,normal,additional_vid3,105
normal/normal_00854.jpg,normal,additional_vid3,106
normal/normal_00855.jpg,normal,additional_vid3,107
normal/normal_00856.jpg,normal,additional_vid3,108
normal/normal_00857.jpg,normal,additional_vid3,109
normal/normal_00858.jpg,normal,additional_vid3,110
normal/normal_00859.jpg,normal,additional_vid3,111
normal/normal_00860.jpg,normal,additional_vid3,112
normal/normal_00861.jpg,normal,additional_vid3,113
normal/normal_00862.jpg,normal,additional_vid3,114
normal/normal_00863.jpg,normal,additional_vid3,115
normal/normal_00864.jpg,normal,additional_vid3,116
normal/normal_00865.jpg,normal,additional_vid3,117
normal/normal_00866.jpg,normal,additional_vid3,118
normal/normal_00867.jpg,normal,additional_vid3,119
normal/normal_00868.jpg,normal,additional_vid3,120
normal/normal_00869.jpg,normal,additional_vid3,121
normal/normal_00870.jpg,normal,additional_vid3,122
normal/normal_00871.jpg,normal,additional_vid3,123
normal/normal_00872.jpg,normal,additional_vid3,124
normal/normal_00873.jpg,normal,additional_vid3,125
normal/normal_00874.jpg,normal,additional_vid3,126
normal/normal_00875.jpg,normal,additional_vid3,127
normal/normal_00876.jpg,normal,additional_vid3,128
normal/normal_00877.jpg,normal,additional_vid3,129
normal/normal_00878.jpg,normal,additional_vid3,130
normal/normal_00879.jpg,normal,additional_vid3,131
normal/normal_00880.jpg,normal,additional_vid3,132
normal/normal_00881.jpg,normal,additional_vid3,133
normal/normal_00882.jpg,normal,additional_vid3,134
normal/normal_00883.jpg,normal,additional_vid3,135
normal/normal_00884.jpg,normal,additional_vid3,136
normal/normal_00885.jpg,normal,additional_vid3,137
normal/normal_00886.jpg,normal,additional_vid3,138
normal/normal_00887.jpg,normal,additional_vid3,139
normal/normal_00888.jpg,normal,additional_vid3,140
normal/normal_00889.jpg,normal,additional_vid3,141
normal/normal_00890.jpg,normal,additional_vid3,142
normal/normal_00891.jpg,normal,additional_vid3,143
normal/normal_00892.jpg,normal,additional_vid3,144
normal/normal_00893.jpg,normal,additional_vid3,145
normal/normal_00894.jpg,normal,additional_vid3,146
normal/normal_00895.jpg,normal,additional_vid3,147
normal/normal_00896.jpg,normal,additional_vid3,148
normal/normal_00897.jpg,normal,additional_vid3,149
normal/normal_00898.jpg,normal,additional_vid3,150
normal/normal_00899.jpg,normal,additional_vid3,151
normal/normal_00900.jpg,normal,additional_vid3,152
normal/normal_00901.jpg,normal,additional_vid3,153
normal/normal_00902.jpg,normal,additional_vid3,154
normal/normal_00903.jpg,normal,additional_vid3,155
normal/normal_00904.jpg,normal,additional_vid3,156
normal/normal_00905.jpg,normal,additional_vid3,157
normal/normal_00906.jpg,normal,additional_vid3,158
normal/normal_00907.jpg,normal,additional_vid3,159
normal/normal_00908.jpg,normal,additional_vid3,160
normal/normal_00909.jpg,normal,additional_vid3,161
normal/normal_00910.jpg,normal,additional_vid3,162
normal/normal_00911.jpg,normal,additional_vid3,163
normal/normal_00912.jpg,normal,additional_vid3,164
normal/normal_00913.jpg,normal,additional_vid3,165
normal/normal_00914.jpg,normal,additional_vid3,166
normal/normal_00915.jpg,normal,additional_vid3,167
normal/normal_00916.jpg,normal,additional_vid3,168
normal/normal_00917.jpg,normal,additional_vid3,169
normal/normal_00918.jpg,normal,additional_vid3,170
normal/normal_00919.jpg,normal,additional_vid3,171
normal/normal_00920.jpg,normal,additional_vid3,172
normal/normal_00921.jpg,normal,additional_vid3,173
normal/normal_00922.jpg,normal,additional_vid3,174
normal/normal_00923.jpg,normal,additional_vid3,175
normal/normal_00924.jpg,normal,additional_vid3,176
normal/normal_00925.jpg,normal,additional_vid3,177
normal/normal_00926.jpg,normal,additional_vid3,178
normal/normal_00927.jpg,normal,additional_vid3,179
normal/normal_00928.jpg,normal,additional_vid3,180
normal/normal_00929.jpg,normal,additional_vid3,181
normal/normal_00930.jpg,normal,additional_vid3,182
normal/normal_00931.jpg,normal,additional_vid3,183
normal/normal_00932.jpg,normal,additional_vid3,184
normal/normal_00933.jpg,normal,additional_vid3,185
normal/normal_00934.jpg,normal,additional_vid3,186
normal/normal_00935.jpg,normal,additional_vid3,187
normal/normal_00936.jpg,normal,additional_vid3,188
normal/normal_00937.jpg,normal,additional_vid3,189
normal/normal_00938.jpg,normal,additional_vid3,190
normal/normal_00939.jpg,normal,additional_vid3,191
normal/normal_00940.jpg,normal,additional_vid3,192
normal/normal_00941.jpg,normal,additional_vid3,193
normal/normal_00942.jpg,normal,additional_vid3,194
normal/normal_00943.jpg,normal,additional_vid3,195
normal/normal_00944.jpg,normal,additional_vid3,196
normal/normal_00945.jpg,normal,additional_vid3,197
normal/normal_00946.jpg,normal,additional_vid3,198
normal/normal_00947.jpg,normal,additional_vid3,199
normal/normal_00948.jpg,normal,additional_vid3,200
normal/normal_00949.jpg,normal,additional_vid3,201
normal/normal_00950.jpg,normal,additional_vid3,202
normal/normal_00951.jpg,normal,additional_vid3,203
normal/normal_00952.jpg,normal,additional_vid3,204
normal/normal_00953.jpg,normal,additional_vid3,205
normal/normal_00954.jpg,normal,additional_vid3,206
normal/normal_00955.jpg,normal,additional_vid3,207
normal/normal_00956.jpg,normal,additional_vid3,208
normal/normal_00957.jpg,normal,additional_vid3,209
normal/normal_00958.jpg,normal,additional_vid3,210
normal/normal_00959.jpg,normal,additional_vid3,211
normal/normal_00960.jpg,normal,additional_vid3,212
normal/normal_00961.jpg,normal,additional_vid3,213
normal/normal_00962.jpg,normal,additional_vid3,214
normal/normal_00963.jpg,normal,additional_vid3,215
normal/normal_00964.jpg,normal,additional_vid3,216
normal/normal_00965.jpg,normal,additional_vid3,217
normal/normal_00966.jpg,normal,additional_vid3,218
normal/normal_00967.jpg,normal,additional_vid3,219
normal/normal_00968.jpg,normal,additional_vid3,220
normal/normal_00969.jpg,normal,additional_vid3,221
normal/normal_00970.jpg,normal,additional_vid3,222
normal/normal_00971.jpg,normal,additional_vid3,223
normal/normal_00972.jpg,normal,additional_vid3,224
normal/normal_00973.jpg,normal,additional_vid3,225
normal/normal_00974.jpg,normal,additional_vid3,226
normal/normal_00975.jpg,normal,additional_vid3,227
normal/normal_00976.jpg,normal,additional_vid3,228
normal/normal_00977.jpg,normal,additional_vid3,229
normal/normal_00978.jpg,normal,additional_vid3,230
normal/normal_00979.jpg,normal,additional_vid3,231
normal/normal_00980.jpg,normal,additional_vid3,232
normal/normal_00981.jpg,normal,additional_vid3,233
normal/normal_00982.jpg,normal,additional_vid3,234
normal/normal_00983.jpg,normal,additional_vid3,235
normal/normal_00984.jpg,normal,additional_vid3,236
normal/normal_00985.jpg,normal,additional_vid3,237
normal/normal_00986.jpg,normal,additional_vid3,238
normal/normal_00987.jpg,normal,additional_vid3,239
normal/normal_00988.jpg,normal,additional_vid3,240
normal/normal_00989.jpg,normal,additional_vid3,241
normal/normal_00990.jpg,normal,additional_vid3,242
normal/normal_00991.jpg,normal,additional_vid3,243
normal/normal_00992.jpg,normal,additional_vid3,244
normal/normal_00993.jpg,normal,additional_vid3,245
normal/normal_00994.jpg,normal,additional_vid3,246
normal/normal_00995.jpg,normal,additional_vid3,247
normal/normal_00996.jpg,normal,additional_vid3,248
normal/normal_00997.jpg,normal,additional_vid3,249
normal/normal_00998.jpg,normal,additional_vid3,250
normal/normal_00999.jpg,normal,additional_vid3,251
normal/normal_01000.jpg,normal,additional_vid3,252
normal/normal_01001.jpg,normal,additional_vid3,253
normal/normal_01002.jpg,normal,additional_vid3,254
normal/normal_01003.jpg,normal,additional_vid3,255
normal/normal_01004.jpg,normal,additional_vid3,256
normal/normal_01005.jpg,normal,additional_vid3,257
normal/normal_01006.jpg,normal,additional_vid3,258
normal/normal_01007.jpg,normal,additional_vid3,259
normal/normal_01008.jpg,normal,additional_vid3,260
normal/normal_01009.jpg,normal,additional_vid3,261
normal/normal_01010.jpg,normal,additional_vid3,262
normal/normal_01011.jpg,normal,additional_vid3,263
normal/normal_01012.jpg,normal,additional_vid3,264
normal/normal_01013.jpg,normal,additional_vid3,265
normal/normal_01014.jpg,normal,additional_vid3,266
normal/normal_01015.jpg,normal,additional_vid3,267
normal/normal_01016.jpg,normal,additional_vid3,268
normal/normal_01017.jpg,normal,additional_vid3,269
normal/normal_01018.jpg,normal,additional_vid3,270
normal/normal_01019.jpg,normal,additional_vid3,271
normal/normal_01020.jpg,normal,additional_vid3,272
normal/normal_01021.jpg,normal,additional_vid3,273
normal/normal_01022.jpg,normal,additional_vid3,274
normal/normal_01023.jpg,normal,additional_vid3,275
normal/normal_01024.jpg,normal,additional_vid3,276
normal/normal_01025.jpg,normal,additional_vid3,277
normal/normal_01026.jpg,normal,additional_vid3,278
normal/normal_01027.jpg,normal,additional_vid3,279
normal/normal_01028.jpg,normal,additional_vid3,280
normal/normal_01029.jpg,normal,additional_vid3,281
normal/normal_01030.jpg,normal,additional_vid3,282
normal/normal_01031.jpg,normal,additional_vid3,283
normal/normal_01032.jpg,normal,additional_vid3,284
normal/normal_01033.jpg,normal,additional_vid3,285
normal/normal_01034.jpg,normal,additional_vid3,286
normal/normal_01035.jpg,normal,additional_vid3,287
normal/normal_01036.jpg,normal,additional_vid3,288
normal/normal_01037.jpg,normal,additional_vid3,289
normal/normal_01038.jpg,normal,additional_vid3,290
normal/normal_01039.jpg,normal,additional_vid3,291
normal/normal_01040.jpg,normal,additional_vid3,292
normal/normal_01041.jpg,normal,additional_vid3,293
normal/normal_01042.jpg,normal,additional_vid3,294
normal/normal_01043.jpg,normal,additional_vid3,295
normal/normal_01044.jpg,normal,additional_vid3,296
normal/normal_01045.jpg,normal,additional_vid3,297
normal/normal_01046.jpg,normal,additional_vid3,298
normal/normal_01047.jpg,normal,additional_vid3,299
normal/normal_01048.jpg,normal,additional_vid3,300
normal/normal_01049.jpg,normal,additional_vid3,301
normal/normal_01050.jpg,normal,additional_vid3,302
normal/normal_01051.jpg,normal,additional_vid3,303
normal/normal_01052.jpg,normal,additional_vid3,304
normal/normal_01053.jpg,normal,additional_vid3,305
normal/normal_01054.jpg,normal,additional_vid3,306
normal/normal_01055.jpg,normal,additional_vid3,307
normal/normal_01056.jpg,normal,additional_vid3,308
normal/normal_01057.jpg,normal,additional_vid3,309
normal/normal_01058.jpg,normal,additional_vid3,310
normal/normal_01059.jpg,normal,additional_vid3,311
normal/normal_01060.jpg,normal,additional_vid3,312
normal/normal_01061.jpg,normal,additional_vid3,313
normal/normal_01062.jpg,normal,additional_vid3,314
normal/normal_01063.jpg,normal,additional_vid3,315
normal/normal_01064.jpg,normal,additional_vid3,316
normal/normal_01065.jpg,normal,additional_vid3,317
normal/normal_01066.jpg,normal,additional_vid3,318
normal/normal_01067.jpg,normal,additional_vid3,319
normal/normal_01068.jpg,normal,additional_vid3,320
normal/normal_01069.jpg,normal,additional_vid3,321
normal/normal_01070.jpg,normal,additional_vid3,322
normal/normal_01071.jpg,normal,additional_vid3,323
normal/normal_01072.jpg,normal,additional_vid3,324
normal/normal_01073.jpg,normal,additional_vid3,325
normal/normal_01074.jpg,normal,additional_vid3,326
normal/normal_01075.jpg,normal,additional_vid3,327
normal/normal_01076.jpg,normal,additional_vid3,328
normal/normal_01077.jpg,normal,additional_vid3,329
normal/normal_01078.jpg,normal,additional_vid3,330
normal/normal_01079.jpg,normal,additional_vid3,331
normal/normal_01080.jpg,normal,additional_vid3,332
normal/normal_01081.jpg,normal,additional_vid3,333
normal/normal_01082.jpg,normal,additional_vid3,334
normal/normal_01083.jpg,normal,additional_vid3,335
normal/normal_01084.jpg,normal,additional_vid3,336
normal/normal_01085.jpg,normal,additional_vid3,337
normal/normal_01086.jpg,normal,additional_vid3,338
normal/normal_01087.jpg,normal,additional_vid3,339
normal/normal_01088.jpg,normal,additional_vid3,340
normal/normal_01089.jpg,normal,additional_vid3,341
normal/normal_01090.jpg,normal,additional_vid3,342
normal/normal_01091.jpg,normal,additional_vid3,343
normal/normal_01092.jpg,normal,additional_vid3,344
normal/normal_01093.jpg,normal,additional_vid3,345
normal/normal_01094.jpg,normal,additional_vid3,346
normal/normal_01095.jpg,normal,additional_vid3,347
normal/normal_01096.jpg,normal,additional_vid3,348
normal/normal_01097.jpg,normal,additional_vid3,349
normal/normal_01098.jpg,normal,additional_vid3,350
normal/normal_01099.jpg,normal,additional_vid3,351
normal/normal_01100.jpg,normal,additional_vid3,352
normal/normal_01101.jpg,normal,additional_vid3,353
normal/normal_01102.jpg,normal,additional_vid3,354
normal/normal_01103.jpg,normal,additional_vid3,355
normal/normal_01104.jpg,normal,additional_vid3,356
normal/normal_01105.jpg,normal,additional_vid3,357
normal/normal_01106.jpg,normal,additional_vid3,358
normal/normal_01107.jpg,normal,additional_vid3,359
normal/normal_01108.jpg,normal,additional_vid3,360
normal/normal_01109.jpg,normal,additional_vid3,361
normal/normal_01110.jpg,normal,additional_vid3,362
normal/normal_01111.jpg,normal,additional_vid3,363
normal/normal_01112.jpg,normal,additional_vid3,364
normal/normal_01113.jpg,normal,additional_vid3,365
normal/normal_01114.jpg,normal,additional_vid3,366
normal/normal_01115.jpg,normal,additional_vid3,367
normal/normal_01116.jpg,normal,additional_vid3,368
normal/normal_01117.jpg,normal,additional_vid3,369
normal/normal_01118.jpg,normal,additional_vid3,370
normal/normal_01119.jpg,normal,additional_vid3,371
normal/normal_01120.jpg,normal,additional_vid3,372
normal/normal_01121.jpg,normal,additional_vid3,373
normal/normal_01122.jpg,normal,additional_vid3,374
normal/normal_01123.jpg,normal,additional_vid3,375
normal/normal_01124.jpg,normal,additional_vid3,376
normal/normal_01125.jpg,normal,additional_vid3,377
normal/normal_01126.jpg,normal,additional_vid3,378
normal/normal_01127.jpg,normal,additional_vid3,379
normal/normal_01128.jpg,normal,additional_vid3,380
normal/normal_01129.jpg,normal,additional_vid3,381
normal/normal_01130.jpg,normal,additional_vid3,382
normal/normal_01131.jpg,normal,additional_vid3,383
normal/normal_01132.jpg,normal,additional_vid3,384
normal/normal_01133.jpg,normal,additional_vid3,385
normal/normal_01134.jpg,normal,additional_vid3,386
normal/normal_01135.jpg,normal,additional_vid3,387
normal/normal_01136.jpg,normal,additional_vid3,388
normal/normal_01137.jpg,normal,additional_vid3,389
normal/normal_01138.jpg,normal,additional_vid3,390
normal/normal_01139.jpg,normal,additional_vid3,391
normal/normal_01140.jpg,normal,additional_vid3,392
normal/normal_01141.jpg,normal,additional_vid3,393
normal/normal_01142.jpg,normal,additional_vid3,394
normal/normal_01143.jpg,normal,additional_vid3,395
normal/normal_01144.jpg,normal,additional_vid3,396
normal/normal_01145.jpg,normal,additional_vid3,397
normal/normal_01146.jpg,normal,additional_vid3,398
normal/normal_01147.jpg,normal,additional_vid3,399
normal/normal_01148.jpg,normal,additional_vid3,400
normal/normal_01149.jpg,normal,additional_vid3,401
normal/normal_01150.jpg,normal,additional_vid3,402
normal/normal_01151.jpg,normal,additional_vid3,403
normal/normal_01152.jpg,normal,additional_vid3,404
normal/normal_01153.jpg,normal,additional_vid3,405
normal/normal_01154.jpg,normal,additional_vid3,406
normal/normal_01155.jpg,normal,additional_vid3,407
normal/normal_01156.jpg,normal,additional_vid3,408
normal/normal_01157.jpg,normal,additional_vid3,409
normal/normal_01158.jpg,normal,additional_vid3,410
normal/normal_01159.jpg,normal,additional_vid3,411
normal/normal_01160.jpg,normal,additional_vid3,412
normal/normal_01161.jpg,normal,additional_vid3,413
normal/normal_01162.jpg,normal,additional_vid3,414
normal/normal_01163.jpg,normal,additional_vid3,415
normal/normal_01164.jpg,normal,additional_vid3,416
normal/normal_01165.jpg,normal,additional_vid3,417
normal/normal_01166.jpg,normal,additional_vid3,418
normal/normal_01167.jpg,normal,additional_vid3,419
normal/normal_01168.jpg,normal,additional_vid3,420
normal/normal_01169.jpg,normal,additional_vid3,421
normal/normal_01170.jpg,normal,additional_vid3,422
normal/normal_01171.jpg,normal,additional_vid3,423
normal/normal_01172.jpg,normal,additional_vid3,424
normal/normal_01173.jpg,normal,additional_vid3,425
normal/normal_01174.jpg,normal,additional_vid3,426
normal/normal_01175.jpg,normal,additional_vid3,427
normal/normal_01176.jpg,normal,additional_vid3,428
normal/normal_01177.jpg,normal,additional_vid3,429
normal/normal_01178.jpg,normal,additional_vid3,430
normal/normal_01179.jpg,normal,additional_vid3,431
normal/normal_01180.jpg,normal,additional_vid3,432
normal/normal_01181.jpg,normal,additional_vid3,433
normal/normal_01182.jpg,normal,additional_vid3,434
normal/normal_01183.jpg,normal,additional_vid3,435
normal/normal_01184.jpg,normal,additional_vid3,436
normal/normal_01185.jpg,normal,additional_vid3,437
normal/normal_01186.jpg,normal,additional_vid3,438
normal/normal_01187.jpg,normal,additional_vid3,439
normal/normal_01188.jpg,normal,additional_vid3,440
normal/normal_01189.jpg,normal,additional_vid3,441
normal/normal_01190.jpg,normal,additional_vid3,442
normal/normal_01191.jpg,normal,additional_vid3,443
normal/normal_01192.jpg,normal,additional_vid3,444
normal/normal_01193.jpg,normal,additional_vid3,445
normal/normal_01194.jpg,normal,additional_vid3,446
normal/normal_01195.jpg,normal,additional_vid3,447
normal/normal_01196.jpg,normal,additional_vid3,448
normal/normal_01197.jpg,normal,additional_vid3,449
normal/normal_01198.jpg,normal,additional_vid3,450
normal/normal_01199.jpg,normal,additional_vid3,451
normal/normal_01200.jpg,normal,additional_vid3,452
normal/normal_01201.jpg,normal,additional_vid3,453
normal/normal_01202.jpg,normal,additional_vid3,454
normal/normal_01203.jpg,normal,additional_vid3,455
normal/normal_01204.jpg,normal,additional_vid3,456
normal/normal_01205.jpg,normal,additional_vid3,457
normal/normal_01206.jpg,normal,additional_vid3,458
normal/normal_01207.jpg,normal,additional_vid3,459
normal/normal_01208.jpg,normal,additional_vid3,460
normal/normal_01209.jpg,normal,additional_vid3,461
normal/normal_01210.jpg,normal,additional_vid3,462
normal/normal_01211.jpg,normal,additional_vid3,463
normal/normal_01212.jpg,normal,additional_vid3,464
normal/normal_01213.jpg,normal,additional_vid3,465
normal/normal_01214.jpg,normal,additional_vid4,1
normal/normal_01215.jpg,normal,additional_vid4,2
normal/normal_01216.jpg,normal,additional_vid4,3
normal/normal_01217.jpg,normal,additional_vid4,4
normal/normal_01218.jpg,normal,additional_vid4,5
normal/normal_01219.jpg,normal,additional_vid4,6
normal/normal_01220.jpg,normal,additional_vid4,7
normal/normal_01221.jpg,normal,additional_vid4,8
normal/normal_01222.jpg,normal,additional_vid4,9
normal/normal_01223.jpg,normal,additional_vid4,10
normal/normal_01224.jpg,normal,additional_vid4,11
normal/normal_01225.jpg,normal,additional_vid4,12
normal/normal_01226.jpg,normal,additional_vid4,13
normal/normal_01227.jpg,normal,additional_vid4,14
normal/normal_01228.jpg,normal,additional_vid4,15
normal/normal_01229.jpg,normal,additional_vid4,16
normal/normal_01230.jpg,normal,additional_vid4,17
normal/normal_01231.jpg,normal,additional_vid4,18
normal/normal_01232.jpg,normal,additional_vid4,19
normal/normal_01233.jpg,normal,additional_vid4,20
normal/normal_01234.jpg,normal,additional_vid4,21
normal/normal_01235.jpg,normal,additional_vid4,22
normal/normal_01236.jpg,normal,additional_vid4,23
normal/normal_01237.jpg,normal,additional_vid4,24
normal/normal_01238.jpg,normal,additional_vid4,25
normal/normal_01239.jpg,normal,additional_vid4,26
normal/normal_01240.jpg,normal,additional_vid4,27
normal/normal_01241.jpg,normal,additional_vid4,28
normal/normal_01242.jpg,normal,additional_vid4,29
normal/normal_01243.jpg,normal,additional_vid4,30
normal/normal_01244.jpg,normal,additional_vid4,31
normal/normal_01245.jpg,normal,additional_vid4,32
normal/normal_01246.jpg,normal,additional_vid4,33
normal/normal_01247.jpg,normal,additional_vid4,34
normal/normal_01248.jpg,normal,additional_vid4,35
normal/normal_01249.jpg,normal,additional_vid4,36
normal/normal_01250.jpg,normal,additional_vid4,37
normal/normal_01251.jpg,normal,additional_vid4,38
normal/normal_01252.jpg,normal,additional_vid4,39
normal/normal_01253.jpg,normal,additional_vid4,40
normal/normal_01254.jpg,normal,additional_vid4,41
normal/normal_01255.jpg,normal,additional_vid4,42
normal/normal_01256.jpg,normal,additional_vid4,43
normal/normal_01257.jpg,normal,additional_vid4,44
normal/normal_01258.jpg,normal,additional_vid4,45
normal/normal_01259.jpg,normal,additional_vid4,46
normal/normal_01260.jpg,normal,additional_vid4,47
normal/normal_01261.jpg,normal,additional_vid4,48
normal/normal_01262.jpg,normal,additional_vid4,49
normal/normal_01263.jpg,normal,additional_vid4,50
normal/normal_01264.jpg,normal,additional_vid4,51
normal/normal_01265.jpg,normal,additional_vid4,52
normal/normal_01266.jpg,normal,additional_vid4,53
normal/normal_01267.jpg,normal,additional_vid4,54
normal/normal_01268.jpg,normal,additional_vid4,55
normal/normal_01269.jpg,normal,additional_vid4,56
normal/normal_01270.jpg,normal,additional_vid4,57
normal/normal_01271.jpg,normal,additional_vid4,58
normal/normal_01272.jpg,normal,additional_vid4,59
normal/normal_01273.jpg,normal,additional_vid4,60
normal/normal_01274.jpg,normal,additional_vid4,61
normal/normal_01275.jpg,normal,additional_vid4,62
normal/normal_01276.jpg,normal,additional_vid4,63
normal/normal_01277.jpg,normal,additional_vid4,64
normal/normal_01278.jpg,normal,additional_vid4,65
normal/normal_01279.jpg,normal,additional_vid4,66
normal/normal_01280.jpg,normal,additional_vid4,67
normal/normal_01281.jpg,normal,additional_vid4,68
normal/normal_01282.jpg,normal,additional_vid4,69
normal/normal_01283.jpg,normal,additional_vid4,70
normal/normal_01284.jpg,normal,additional_vid4,71
normal/normal_01285.jpg,normal,additional_vid4,72
normal/normal_01286.jpg,normal,additional_vid4,73
normal/normal_01287.jpg,normal,additional_vid4,74
normal/normal_01288.jpg,normal,additional_vid4,75
normal/normal_01289.jpg,normal,additional_vid4,76
normal/normal_01290.jpg,normal,additional_vid4,77
normal/normal_01291.jpg,normal,additional_vid4,78
normal/normal_01292.jpg,normal,additional_vid4,79
normal/normal_01293.jpg,normal,additional_vid4,80
normal/normal_01294.jpg,normal,additional_vid4,81
normal/normal_01295.jpg,normal,additional_vid4,82
normal/normal_01296.jpg,normal,additional_vid4,83
normal/normal_01297.jpg,normal,additional_vid4,84
normal/normal_01298.jpg,normal,additional_vid4,85
normal/normal_01299.jpg,normal,additional_vid4,86
normal/normal_01300.jpg,normal,additional_vid4,87
normal/normal_01301.jpg,normal,additional_vid4,88
normal/normal_01302.jpg,normal,additional_vid4,89
normal/normal_01303.jpg,normal,additional_vid4,90
normal/normal_01304.jpg,normal,additional_vid4,91
normal/normal_01305.jpg,normal,additional_vid4,92
normal/normal_01306.jpg,normal,additional_vid4,93
normal/normal_01307.jpg,normal,additional_vid4,94
normal/normal_01308.jpg,normal,additional_vid4,95
normal/normal_01309.jpg,normal,additional_vid4,96
normal/normal_01310.jpg,normal,additional_vid4,97
normal/normal_01311.jpg,normal,additional_vid4,98
normal/normal_01312.jpg,normal,additional_vid4,99
normal/normal_01313.jpg,normal,additional_vid4,100
normal/normal_01314.jpg,normal,additional_vid4,101
normal/normal_01315.jpg,normal,additional_vid4,102
normal/normal_01316.jpg,normal,additional_vid4,103
normal/normal_01317.jpg,normal,additional_vid4,104
normal/normal_01318.jpg,normal,additional_vid4,105
normal/normal_01319.jpg,normal,additional_vid4,106
normal/normal_01320.jpg,normal,additional_vid4,107
normal/normal_01321.jpg,normal,additional_vid4,108
normal/normal_01322.jpg,normal,additional_vid4,109
normal/normal_01323.jpg,normal,additional_vid4,110
normal/normal_01324.jpg,normal,additional_vid4,111
normal/normal_01325.jpg,normal,additional_vid4,112
normal/normal_01326.jpg,normal,additional_vid4,113
normal/normal_01327.jpg,normal,additional_vid4,114
normal/normal_01328.jpg,normal,additional_vid4,115
normal/normal_01329.jpg,normal,additional_vid4,116
normal/normal_01330.jpg,normal,additional_vid4,117
normal/normal_01331.jpg,normal,additional_vid4,118
normal/normal_01332.jpg,normal,additional_vid4,119
normal/normal_01333.jpg,normal,additional_vid4,120
normal/normal_01334.jpg,normal,additional_vid4,121
normal/normal_01335.jpg,normal,additional_vid4,122
normal/normal_01336.jpg,normal,additional_vid4,123
normal/normal_01337.jpg,normal,additional_vid4,124
normal/normal_01338.jpg,normal,additional_vid4,125
normal/normal_01339.jpg,normal,additional_vid4,126
normal/normal_01340.jpg,normal,additional_vid4,127
normal/normal_01341.jpg,normal,additional_vid4,128
normal/normal_01342.jpg,normal,additional_vid4,129
normal/normal_01343.jpg,normal,additional_vid4,130
normal/normal_01344.jpg,normal,additional_vid4,131
normal/normal_01345.jpg,normal,additional_vid4,132
normal/normal_01346.jpg,normal,additional_vid4,133
normal/normal_01347.jpg,normal,additional_vid4,134
normal/normal_01348.jpg,normal,additional_vid4,135
normal/normal_01349.jpg,normal,additional_vid4,136
normal/normal_01350.jpg,normal,additional_vid4,137
normal/normal_01351.jpg,normal,additional_vid4,138
normal/normal_01352.jpg,normal,additional_vid4,139
normal/normal_01353.jpg,normal,additional_vid4,140
normal/normal_01354.jpg,normal,additional_vid4,141
normal/normal_01355.jpg,normal,additional_vid4,142
normal/normal_01356.jpg,normal,additional_vid4,143
normal/normal_01357.jpg,normal,additional_vid4,144
normal/normal_01358.jpg,normal,additional_vid4,145
normal/normal_01359.jpg,normal,additional_vid4,146
normal/normal_01360.jpg,normal,additional_vid4,147
normal/normal_01361.jpg,normal,additional_vid4,148
normal/normal_01362.jpg,normal,additional_vid4,149
normal/normal_01363.jpg,normal,additional_vid4,150
normal/normal_01364.jpg,normal,additional_vid4,151
normal/normal_01365.jpg,normal,additional_vid4,152
normal/normal_01366.jpg,normal,additional_vid4,153
normal/normal_01367.jpg,normal,additional_vid4,154
normal/normal_01368.jpg,normal,additional_vid4,155
normal/normal_01369.jpg,normal,additional_vid4,156
normal/normal_01370.jpg,normal,additional_vid4,157
normal/normal_01371.jpg,normal,additional_vid4,158
normal/normal_01372.jpg,normal,additional_vid4,159
normal/normal_01373.jpg,normal,additional_vid4,160
normal/normal_01374.jpg,normal,additional_vid4,161
normal/normal_01375.jpg,normal,additional_vid4,162
normal/normal_01376.jpg,normal,additional_vid4,163
normal/normal_01377.jpg,normal,additional_vid4,164
normal/normal_01378.jpg,normal,additional_vid4,165
normal/normal_01379.jpg,normal,additional_vid4,166
normal/normal_01380.jpg,normal,additional_vid4,167
normal/normal_01381.jpg,normal,additional_vid4,168
normal/normal_01382.jpg,normal,additional_vid4,169
normal/normal_01383.jpg,normal,additional_vid4,170
normal/normal_01384.jpg,normal,additional_vid4,171
normal/normal_01385.jpg,normal,additional_vid4,172
normal/normal_01386.jpg,normal,additional_vid4,173
normal/normal_01387.jpg,normal,additional_vid4,174
normal/normal_01388.jpg,normal,additional_vid4,175
normal/normal_01389.jpg,normal,additional_vid4,176
normal/normal_01390.jpg,normal,additional_vid4,177
normal/normal_01391.jpg,normal,additional_vid4,178
normal/normal_01392.jpg,normal,additional_vid4,179
normal/normal_01393.jpg,normal,additional_vid4,180
normal/normal_01394.jpg,normal,additional_vid4,181
normal/normal_01395.jpg,normal,additional_vid4,182
normal/normal_01396.jpg,normal,additional_vid4,183
normal/normal_01397.jpg,normal,additional_vid4,184
normal/normal_01398.jpg,normal,additional_vid5,1
normal/normal_01399.jpg,normal,additional_vid5,2
normal/normal_01400.jpg,normal,additional_vid5,3
normal/normal_01401.jpg,normal,additional_vid5,4
normal/normal_01402.jpg,normal,additional_vid5,5
normal/normal_01403.jpg,normal,additional_vid5,6
normal/normal_01404.jpg,normal,additional_vid5,7
normal/normal_01405.jpg,normal,additional_vid5,8
normal/normal_01406.jpg,normal,additional_vid5,9
normal/normal_01407.jpg,normal,additional_vid5,10
normal/normal_01408.jpg,normal,additional_vid5,11
normal/normal_01409.jpg,normal,additional_vid5,12
normal/normal_01410.jpg,normal,additional_vid5,13
normal/normal_01411.jpg,normal,additional_vid5,14
normal/normal_01412.jpg,normal,additional_vid5,15
normal/normal_01413.jpg,normal,additional_vid5,16
normal/normal_01414.jpg,normal,additional_vid5,17
normal/normal_01415.jpg,normal,additional_vid5,18
normal/normal_01416.jpg,normal,additional_vid5,19
normal/normal_01417.jpg,normal,additional_vid5,20
normal/normal_01418.jpg,normal,additional_vid5,21
normal/normal_01419.jpg,normal,additional_vid5,22
normal/normal_01420.jpg,normal,additional_vid5,23
normal/normal_01421.jpg,normal,additional_vid5,24
normal/normal_01422.jpg,normal,additional_vid5,25
normal/normal_01423.jpg,normal,additional_vid5,26
normal/normal_01424.jpg,normal,additional_vid5,27
normal/normal_01425.jpg,normal,additional_vid5,28
normal/normal_01426.jpg,normal,additional_vid5,29
normal/normal_01427.jpg,normal,additional_vid5,30
normal/normal_01428.jpg,normal,additional_vid5,31
normal/normal_01429.jpg,normal,additional_vid5,32
normal/normal_01430.jpg,normal,additional_vid5,33
normal/normal_01431.jpg,normal,additional_vid5,34
normal/normal_01432.jpg,normal,additional_vid5,35
normal/normal_01433.jpg,normal,additional_vid5,36
normal/normal_01434.jpg,normal,additional_vid5,37
normal/normal_01435.jpg,normal,additional_vid5,38
normal/normal_01436.jpg,normal,additional_vid5,39
normal/normal_01437.jpg,normal,additional_vid5,40
normal/normal_01438.jpg,normal,additional_vid5,41
normal/normal_01439.jpg,normal,additional_vid5,42
normal/normal_01440.jpg,normal,additional_vid5,43
normal/normal_01441.jpg,normal,additional_vid5,44
normal/normal_01442.jpg,normal,additional_vid5,45
normal/normal_01443.jpg,normal,additional_vid5,46
normal/normal_01444.jpg,normal,additional_vid5,47
normal/normal_01445.jpg,normal,additional_vid5,48
normal/normal_01446.jpg,normal,additional_vid5,49
normal/normal_01447.jpg,normal,additional_vid5,50
normal/normal_01448.jpg,normal,additional_vid5,51
normal/normal_01449.jpg,normal,additional_vid5,52
normal/normal_01450.jpg,normal,additional_vid5,53
normal/normal_01451.jpg,normal,additional_vid5,54
normal/normal_01452.jpg,normal,additional_vid5,55
normal/normal_01453.jpg,normal,additional_vid5,56
normal/normal_01454.jpg,normal,additional_vid5,57
normal/normal_01455.jpg,normal,additional_vid5,58
normal/normal_01456.jpg,normal,additional_vid5,59
normal/normal_01457.jpg,normal,additional_vid5,60
normal/normal_01458.jpg,normal,additional_vid5,61
normal/normal_01459.jpg,normal,additional_vid5,62
normal/normal_01460.jpg,normal,additional_vid5,63
normal/normal_01461.jpg,normal,additional_vid5,64
normal/normal_01462.jpg,normal,additional_vid5,65
normal/normal_01463.jpg,normal,additional_vid5,66
normal/normal_01464.jpg,normal,additional_vid5,67
normal/normal_01465.jpg,normal,additional_vid5,68
normal/normal_01466.jpg,normal,additional_vid5,69
normal/normal_01467.jpg,normal,additional_vid5,70
normal/normal_01468.jpg,normal,additional_vid5,71
normal/normal_01469.jpg,normal,additional_vid5,72
normal/normal_01470.jpg,normal,additional_vid5,73
normal/normal_01471.jpg,normal,additional_vid5,74
normal/normal_01472.jpg,normal,additional_vid5,75
normal/normal_01473.jpg,normal,additional_vid5,76
normal/normal_01474.jpg,normal,additional_vid5,77
normal/normal_01475.jpg,normal,additional_vid5,78
normal/normal_01476.jpg,normal,additional_vid5,79
normal/normal_01477.jpg,normal,additional_vid5,80
normal/normal_01478.jpg,normal,additional_vid5,81
normal/normal_01479.jpg,normal,additional_vid5,82
normal/normal_01480.jpg,normal,additional_vid5,83
normal/normal_01481.jpg,normal,additional_vid5,84
normal/normal_01482.jpg,normal,additional_vid5,85
normal/normal_01483.jpg,normal,additional_vid5,86
normal/normal_01484.jpg,normal,additional_vid5,87
normal/normal_01485.jpg,normal,additional_vid5,88
normal/normal_01486.jpg,normal,additional_vid5,89
normal/normal_01487.jpg,normal,additional_vid5,90
normal/normal_01488.jpg,normal,additional_vid5,91
normal/normal_01489.jpg,normal,additional_vid5,92
normal/normal_01490.jpg,normal,additional_vid5,93
normal/normal_01491.jpg,normal,additional_vid5,94
normal/normal_01492.jpg,normal,additional_vid5,95
normal/normal_01493.jpg,normal,additional_vid5,96
normal/normal_01494.jpg,normal,additional_vid5,97
normal/normal_01495.jpg,normal,additional_vid5,98
normal/normal_01496.jpg,normal,additional_vid5,99
normal/normal_01497.jpg,normal,additional_vid5,100
normal/normal_01498.jpg,normal,additional_vid5,101
normal/normal_01499.jpg,normal,additional_vid5,102
normal/normal_01500.jpg,normal,additional_vid5,103
normal/normal_01501.jpg,normal,additional_vid5,104
normal/normal_01502.jpg,normal,additional_vid5,105
normal/normal_01503.jpg,normal,additional_vid5,106
normal/normal_01504.jpg,normal,additional_vid5,107
normal/normal_01505.jpg,normal,additional_vid5,108
normal/normal_01506.jpg,normal,additional_vid5,109
normal/normal_01507.jpg,normal,additional_vid5,110
normal/normal_01508.jpg,normal,additional_vid5,111
normal/normal_01509.jpg,normal,additional_vid5,112
normal/normal_01510.jpg,normal,additional_vid5,113
normal/normal_01511.jpg,normal,additional_vid5,114
normal/normal_01512.jpg,normal,additional_vid5,115
normal/normal_01513.jpg,normal,additional_vid5,116
normal/normal_01514.jpg,normal,additional_vid5,117
normal/normal_01515.jpg,normal,additional_vid5,118
normal/normal_01516.jpg,normal,additional_vid5,119
normal/normal_01517.jpg,normal,additional_vid5,120
normal/normal_01518.jpg,normal,additional_vid5,121
normal/normal_01519.jpg,normal,additional_vid5,122
normal/normal_01520.jpg,normal,additional_vid5,123
normal/normal_01521.jpg,normal,additional_vid5,124
normal/normal_01522.jpg,normal,additional_vid5,125
normal/normal_01523.jpg,normal,additional_vid5,126
normal/normal_01524.jpg,normal,additional_vid5,127
normal/normal_01525.jpg,normal,additional_vid5,128
normal/normal_01526.jpg,normal,additional_vid5,129
normal/normal_01527.jpg,normal,additional_vid5,130
normal/normal_01528.jpg,normal,additional_vid5,131
normal/normal_01529.jpg,normal,additional_vid5,132
normal/normal_01530.jpg,normal,additional_vid5,133
normal/normal_01531.jpg,normal,additional_vid5,134
normal/normal_01532.jpg,normal,additional_vid5,135
normal/normal_01533.jpg,normal,additional_vid5,136
normal/normal_01534.jpg,normal,additional_vid5,137
normal/normal_01535.jpg,normal,additional_vid5,138
normal/normal_01536.jpg,normal,additional_vid5,139
normal/normal_01537.jpg,normal,additional_vid5,140
normal/normal_01538.jpg,normal,additional_vid5,141
normal/normal_01539.jpg,normal,additional_vid5,142
normal/normal_01540.jpg,normal,additional_vid5,143
normal/normal_01541.jpg,normal,additional_vid5,144
normal/normal_01542.jpg,normal,additional_vid5,145
normal/normal_01543.jpg,normal,additional_vid5,146
normal/normal_01544.jpg,normal,additional_vid5,147
normal/normal_01545.jpg,normal,additional_vid5,148
normal/normal_01546.jpg,normal,additional_vid5,149
normal/normal_01547.jpg,normal,additional_vid5,150
normal/normal_01548.jpg,normal,additional_vid5,151
normal/normal_01549.jpg,normal,additional_vid5,152
normal/normal_01550.jpg,normal,additional_vid5,153
normal/normal_01551.jpg,normal,additional_vid5,154
normal/normal_01552.jpg,normal,additional_vid5,155
normal/normal_01553.jpg,normal,additional_vid5,156
normal/normal_01554.jpg,normal,additional_vid5,157
normal/normal_01555.jpg,normal,additional_vid5,158
normal/normal_01556.jpg,normal,additional_vid5,159
normal/normal_01557.jpg,normal,additional_vid5,160
normal/normal_01558.jpg,normal,additional_vid5,161
normal/normal_01559.jpg,normal,additional_vid5,162
normal/normal_01560.jpg,normal,additional_vid5,163
normal/normal_01561.jpg,normal,additional_vid5,164
normal/normal_01562.jpg,normal,additional_vid5,165
normal/normal_01563.jpg,normal,additional_vid5,166
normal/normal_01564.jpg,normal,additional_vid5,167
normal/normal_01565.jpg,normal,additional_vid5,168
normal/normal_01566.jpg,normal,additional_vid5,169
normal/normal_01567.jpg,normal,additional_vid5,170
normal/normal_01568.jpg,normal,additional_vid5,171
normal/normal_01569.jpg,normal,additional_vid5,172
normal/normal_01570.jpg,normal,additional_vid5,173
normal/normal_01571.jpg,normal,additional_vid5,174
normal/normal_01572.jpg,normal,additional_vid5,175
normal/normal_01573.jpg,normal,additional_vid5,176
normal/normal_01574.jpg,normal,additional_vid5,177
normal/normal_01575.jpg,normal,additional_vid5,178
normal/normal_01576.jpg,normal,additional_vid5,179
normal/normal_01577.jpg,normal,additional_vid5,180
normal/normal_01578.jpg,normal,additional_vid5,181
normal/normal_01579.jpg,normal,additional_vid5,182
normal/normal_01580.jpg,normal,additional_vid5,183
normal/normal_01581.jpg,normal,additional_vid5,184
normal/normal_01582.jpg,normal,additional_vid5,185
normal/normal_01583.jpg,normal,additional_vid5,186
normal/normal_01584.jpg,normal,additional_vid5,187
normal/normal_01585.jpg,normal,additional_vid5,188
normal/normal_01586.jpg,normal,additional_vid5,189
normal/normal_01587.jpg,normal,additional_vid5,190
normal/normal_01588.jpg,normal,additional_vid5,191
normal/normal_01589.jpg,normal,additional_vid5,192
normal/normal_01590.jpg,normal,additional_vid5,193
normal/normal_01591.jpg,normal,additional_vid5,194
normal/normal_01592.jpg,normal,additional_vid5,195
normal/normal_01593.jpg,normal,additional_vid5,196
normal/normal_01594.jpg,normal,additional_vid5,197
normal/normal_01595.jpg,normal,additional_vid5,198
normal/normal_01596.jpg,normal,additional_vid5,199
normal/normal_01597.jpg,normal,additional_vid5,200
normal/normal_01598.jpg,normal,additional_vid5,201
normal/normal_01599.jpg,normal,additional_vid5,202
normal/normal_01600.jpg,normal,additional_vid5,203
normal/normal_01601.jpg,normal,additional_vid5,204
normal/normal_01602.jpg,normal,additional_vid5,205
normal/normal_01603.jpg,normal,additional_vid5,206
normal/normal_01604.jpg,normal,additional_vid6,1
normal/normal_01605.jpg,normal,additional_vid6,2
normal/normal_01606.jpg,normal,additional_vid6,3
normal/normal_01607.jpg,normal,additional_vid6,4
normal/normal_01608.jpg,normal,additional_vid6,5
normal/normal_01609.jpg,normal,additional_vid6,6
normal/normal_01610.jpg,normal,additional_vid6,7
normal/normal_01611.jpg,normal,additional_vid6,8
normal/normal_01612.jpg,normal,additional_vid6,9
normal/normal_01613.jpg,normal,additional_vid6,10
normal/normal_01614.jpg,normal,additional_vid6,11
normal/normal_01615.jpg,normal,additional_vid6,12
normal/normal_01616.jpg,normal,additional_vid6,13
normal/normal_01617.jpg,normal,additional_vid6,14
normal/normal_01618.jpg,normal,additional_vid6,15
normal/normal_01619.jpg,normal,additional_vid6,16
normal/normal_01620.jpg,normal,additional_vid6,17
normal/normal_01621.jpg,normal,additional_vid6,18
normal/normal_01622.jpg,normal,additional_vid6,19
normal/normal_01623.jpg,normal,additional_vid6,20
normal/normal_01624.jpg,normal,additional_vid6,21
normal/normal_01625.jpg,normal,additional_vid6,22
normal/normal_01626.jpg,normal,additional_vid6,23
normal/normal_01627.jpg,normal,additional_vid6,24
normal/normal_01628.jpg,normal,additional_vid6,25
normal/normal_01629.jpg,normal,additional_vid6,26
normal/normal_01630.jpg,normal,additional_vid6,27
normal/normal_01631.jpg,normal,additional_vid6,28
normal/normal_01632.jpg,normal,additional_vid6,29
normal/normal_01633.jpg,normal,additional_vid6,30
normal/normal_01634.jpg,normal,additional_vid6,31
normal/normal_01635.jpg,normal,additional_vid6,32
normal/normal_01636.jpg,normal,additional_vid6,33
normal/normal_01637.jpg,normal,additional_vid6,34
normal/normal_01638.jpg,normal,additional_vid6,35
normal/normal_01639.jpg,normal,additional_vid6,36
normal/normal_01640.jpg,normal,additional_vid6,37
normal/normal_01641.jpg,normal,additional_vid6,38
normal/normal_01642.jpg,normal,additional_vid6,39
normal/normal_01643.jpg,normal,additional_vid6,40
normal/normal_01644.jpg,normal,additional_vid6,41
normal/normal_01645.jpg,normal,additional_vid6,42
normal/normal_01646.jpg,normal,additional_vid6,43
normal/normal_01647.jpg,normal,additional_vid6,44
normal/normal_01648.jpg,normal,additional_vid6,45
normal/normal_01649.jpg,normal,additional_vid6,46
normal/normal_01650.jpg,normal,additional_vid6,47
normal/normal_01651.jpg,normal,additional_vid6,48
normal/normal_01652.jpg,normal,additional_vid6,49
normal/normal_01653.jpg,normal,additional_vid6,50
normal/normal_01654.jpg,normal,additional_vid6,51
normal/normal_01655.jpg,normal,additional_vid6,52
normal/normal_01656.jpg,normal,additional_vid6,53
normal/normal_01657.jpg,normal,additional_vid6,54
normal/normal_01658.jpg,normal,additional_vid6,55
normal/normal_01659.jpg,normal,additional_vid6,56
normal/normal_01660.jpg,normal,additional_vid6,57
normal/normal_01661.jpg,normal,additional_vid6,58
normal/normal_01662.jpg,normal,additional_vid6,59
normal/normal_01663.jpg,normal,additional_vid6,60
normal/normal_01664.jpg,normal,additional_vid6,61
normal/normal_01665.jpg,normal,additional_vid6,62
normal/normal_01666.jpg,normal,additional_vid6,63
normal/normal_01667.jpg,normal,additional_vid6,64
normal/normal_01668.jpg,normal,additional_vid6,65
normal/normal_01669.jpg,normal,additional_vid6,66
normal/normal_01670.jpg,normal,additional_vid6,67
normal/normal_01671.jpg,normal,additional_vid6,68
normal/normal_01672.jpg,normal,additional_vid6,69
normal/normal_01673.jpg,normal,additional_vid6,70
normal/normal_01674.jpg,normal,additional_vid6,71
normal/normal_01675.jpg,normal,additional_vid6,72
normal/normal_01676.jpg,normal,additional_vid6,73
normal/normal_01677.jpg,normal,additional_vid6,74
normal/normal_01678.jpg,normal,additional_vid6,75
normal/normal_01679.jpg,normal,additional_vid6,76
normal/normal_01680.jpg,normal,additional_vid6,77
normal/normal_01681.jpg,normal,additional_vid6,78
normal/normal_01682.jpg,normal,additional_vid6,79
normal/normal_01683.jpg,normal,additional_vid6,80
normal/normal_01684.jpg,normal,additional_vid6,81
normal/normal_01685.jpg,normal,additional_vid6,82
normal/normal_01686.jpg,normal,additional_vid6,83
normal/normal_01687.jpg,normal,additional_vid6,84
normal/normal_01688.jpg,normal,additional_vid6,85
normal/normal_01689.jpg,normal,additional_vid6,86
normal/normal_01690.jpg,normal,additional_vid6,87
normal/normal_01691.jpg,normal,additional_vid6,88
normal/normal_01692.jpg,normal,additional_vid6,89
normal/normal_01693.jpg,normal,additional_vid6,90
normal/normal_01694.jpg,normal,additional_vid6,91
normal/normal_01695.jpg,normal,additional_vid6,92
normal/normal_01696.jpg,normal,additional_vid6,93
normal/normal_01697.jpg,normal,additional_vid6,94
normal/normal_01698.jpg,normal,additional_vid6,95
normal/normal_01699.jpg,normal,additional_vid6,96
normal/normal_01700.jpg,normal,additional_vid6,97
normal/normal_01701.jpg,normal,additional_vid6,98
normal/normal_01702.jpg,normal,additional_vid6,99
normal/normal_01703.jpg,normal,additional_vid6,100
normal/normal_01704.jpg,normal,additional_vid6,101
normal/normal_01705.jpg,normal,additional_vid6,102
normal/normal_01706.jpg,normal,additional_vid6,103
normal/normal_01707.jpg,normal,additional_vid6,104
normal/normal_01708.jpg,normal,additional_vid6,105
normal/normal_01709.jpg,normal,additional_vid6,106
normal/normal_01710.jpg,normal,additional_vid6,107
normal/normal_01711.jpg,normal,additional_vid6,108
normal/normal_01712.jpg,normal,additional_vid6,109
normal/normal_01713.jpg,normal,additional_vid6,110
normal/normal_01714.jpg,normal,additional_vid6,111
normal/normal_01715.jpg,normal,additional_vid6,112
normal/normal_01716.jpg,normal,additional_vid6,113
normal/normal_01717.jpg,normal,additional_vid6,114
normal/normal_01718.jpg,normal,additional_vid6,115
normal/normal_01719.jpg,normal,additional_vid6,116
normal/normal_01720.jpg,normal,additional_vid6,117
normal/normal_01721.jpg,normal,additional_vid6,118
normal/normal_01722.jpg,normal,additional_vid6,119
normal/normal_01723.jpg,normal,additional_vid6,120
normal/normal_01724.jpg,normal,additional_vid6,121
normal/normal_01725.jpg,normal,additional_vid6,122
normal/normal_01726.jpg,normal,additional_vid6,123
normal/normal_01727.jpg,normal,additional_vid6,124
normal/normal_01728.jpg,normal,additional_vid6,125
normal/normal_01729.jpg,normal,additional_vid6,126
normal/normal_01730.jpg,normal,additional_vid6,127
normal/normal_01731.jpg,normal,additional_vid6,128
normal/normal_01732.jpg,normal,additional_vid6,129
normal/normal_01733.jpg,normal,additional_vid6,130
normal/normal_01734.jpg,normal,additional_vid6,131
normal/normal_01735.jpg,normal,additional_vid6,132
normal/normal_01736.jpg,normal,additional_vid6,133
normal/normal_01737.jpg,normal,additional_vid6,134
normal/normal_01738.jpg,normal,additional_vid6,135
normal/normal_01739.jpg,normal,additional_vid6,136
normal/normal_01740.jpg,normal,additional_vid6,137
normal/normal_01741.jpg,normal,additional_vid6,138
normal/normal_01742.jpg,normal,additional_vid6,139
normal/normal_01743.jpg,normal,additional_vid6,140
normal/normal_01744.jpg,normal,additional_vid6,141
normal/normal_01745.jpg,normal,additional_vid6,142
normal/normal_01746.jpg,normal,additional_vid6,143
normal/normal_01747.jpg,normal,additional_vid6,144
normal/normal_01748.jpg,normal,additional_vid6,145
normal/normal_01749.jpg,normal,additional_vid6,146
normal/normal_01750.jpg,normal,additional_vid6,147
normal/normal_01751.jpg,normal,additional_vid6,148
normal/normal_01752.jpg,normal,additional_vid6,149
normal/normal_01753.jpg,normal,additional_vid6,150
normal/normal_01754.jpg,normal,additional_vid6,151
normal/normal_01755.jpg,normal,additional_vid6,152
normal/normal_01756.jpg,normal,additional_vid6,153
normal/normal_01757.jpg,normal,additional_vid6,154
normal/normal_01758.jpg,normal,additional_vid6,155
normal/normal_01759.jpg,normal,additional_vid6,156
normal/normal_01760.jpg,normal,additional_vid6,157
normal/normal_01761.jpg,normal,additional_vid6,158
normal/normal_01762.jpg,normal,additional_vid6,159
normal/normal_01763.jpg,normal,additional_vid6,160
normal/normal_01764.jpg,normal,additional_vid6,161
normal/normal_01765.jpg,normal,additional_vid6,162
normal/normal_01766.jpg,normal,additional_vid6,163
normal/normal_01767.jpg,normal,additional_vid6,164
normal/normal_01768.jpg,normal,additional_vid6,165
normal/normal_01769.jpg,normal,additional_vid6,166
normal/normal_01770.jpg,normal,additional_vid6,167
normal/normal_01771.jpg,normal,additional_vid6,168
normal/normal_01772.jpg,normal,additional_vid6,169
normal/normal_01773.jpg,normal,additional_vid6,170
normal/normal_01774.jpg,normal,additional_vid6,171
normal/normal_01775.jpg,normal,additional_vid6,172
normal/normal_01776.jpg,normal,additional_vid6,173
normal/normal_01777.jpg,normal,additional_vid6,174
normal/normal_01778.jpg,normal,additional_vid6,175
normal/normal_01779.jpg,normal,additional_vid6,176
normal/normal_01780.jpg,normal,additional_vid6,177
normal/normal_01781.jpg,normal,additional_vid6,178
normal/normal_01782.jpg,normal,additional_vid6,179
normal/normal_01783.jpg,normal,additional_vid6,180
normal/normal_01784.jpg,normal,additional_vid6,181
normal/normal_01785.jpg,normal,additional_vid6,182
normal/normal_01786.jpg,normal,additional_vid6,183
normal/normal_01787.jpg,normal,additional_vid6,184
normal/normal_01788.jpg,normal,additional_vid6,185
normal/normal_01789.jpg,normal,additional_vid6,186
normal/normal_01790.jpg,normal,additional_vid6,187
normal/normal_01791.jpg,normal,additional_vid6,188
normal/normal_01792.jpg,normal,additional_vid6,189
normal/normal_01793.jpg,normal,additional_vid6,190
normal/normal_01794.jpg,normal,additional_vid6,191
normal/normal_01795.jpg,normal,additional_vid6,192
normal/normal_01796.jpg,normal,additional_vid6,193
normal/normal_01797.jpg,normal,additional_vid6,194
normal/normal_01798.jpg,normal,additional_vid6,195
normal/normal_01799.jpg,normal,additional_vid6,196
normal/normal_01800.jpg,normal,additional_vid6,197
normal/normal_01801.jpg,normal,additional_vid6,198
normal/normal_01802.jpg,normal,additional_vid6,199
normal/normal_01803.jpg,normal,additional_vid6,200
normal/normal_01804.jpg,normal,additional_vid6,201
normal/normal_01805.jpg,normal,additional_vid6,202
normal/normal_01806.jpg,normal,additional_vid6,203
normal/normal_01807.jpg,normal,additional_vid6,204
normal/normal_01808.jpg,normal,additional_vid6,205
normal/normal_01809.jpg,normal,additional_vid6,206
normal/normal_01810.jpg,normal,additional_vid6,207
normal/normal_01811.jpg,normal,additional_vid6,208
normal/normal_01812.jpg,normal,additional_vid6,209
normal/normal_01813.jpg,normal,additional_vid6,210
normal/normal_01814.jpg,normal,additional_vid6,211
normal/normal_01815.jpg,normal,additional_vid6,212
normal/normal_01816.jpg,normal,additional_vid6,213
normal/normal_01817.jpg,normal,additional_vid6,214
normal/normal_01818.jpg,normal,additional_vid6,215
normal/normal_01819.jpg,normal,additional_vid6,216
normal/normal_01820.jpg,normal,additional_vid6,217
normal/normal_01821.jpg,normal,additional_vid6,218
normal/normal_01822.jpg,normal,additional_vid6,219
normal/normal_01823.jpg,normal,additional_vid6,220
normal/normal_01824.jpg,normal,additional_vid6,221
normal/normal_01825.jpg,normal,additional_vid6,222
normal/normal_01826.jpg,normal,additional_vid6,223
normal/normal_01827.jpg,normal,additional_vid6,224
normal/normal_01828.jpg,normal,additional_vid6,225
normal/normal_01829.jpg,normal,additional_vid6,226
normal/normal_01830.jpg,normal,additional_vid6,227
normal/normal_01831.jpg,normal,additional_vid6,228
normal/normal_01832.jpg,normal,additional_vid6,229
normal/normal_01833.jpg,normal,additional_vid6,230
normal/normal_01834.jpg,normal,additional_vid6,231
normal/normal_01835.jpg,normal,additional_vid6,232
normal/normal_01836.jpg,normal,additional_vid6,233
normal/normal_01837.jpg,normal,additional_vid6,234
normal/normal_01838.jpg,normal,additional_vid6,235
normal/normal_01839.jpg,normal,additional_vid6,236
normal/normal_01840.jpg,normal,additional_vid6,237
normal/normal_01841.jpg,normal,additional_vid6,238
normal/normal_01842.jpg,normal,additional_vid6,239
normal/normal_01843.jpg,normal,additional_vid6,240
normal/normal_01844.jpg,normal,additional_vid6,241
normal/normal_01845.jpg,normal,additional_vid6,242
normal/normal_01846.jpg,normal,additional_vid6,243
normal/normal_01847.jpg,normal,additional_vid6,244
normal/normal_01848.jpg,normal,additional_vid6,245
normal/normal_01849.jpg,normal,additional_vid6,246
normal/normal_01850.jpg,normal,additional_vid6,247
normal/normal_01851.jpg,normal,additional_vid6,248
normal/normal_01852.jpg,normal,additional_vid6,249
normal/normal_01853.jpg,normal,additional_vid6,250
normal/normal_01854.jpg,normal,additional_vid6,251
normal/normal_01855.jpg,normal,additional_vid6,252
normal/normal_01856.jpg,normal,additional_vid6,253
normal/normal_01857.jpg,normal,additional_vid6,254
normal/normal_01858.jpg,normal,additional_vid6,255
normal/normal_01859.jpg,normal,additional_vid6,256
normal/normal_01860.jpg,normal,additional_vid6,257
normal/normal_01861.jpg,normal,additional_vid6,258
normal/normal_01862.jpg,normal,additional_vid6,259
normal/normal_01863.jpg,normal,additional_vid6,260
normal/normal_01864.jpg,normal,additional_vid6,261
normal/normal_01865.jpg,normal,additional_vid6,262
normal/normal_01866.jpg,normal,additional_vid6,263
normal/normal_01867.jpg,normal,additional_vid6,264
normal/normal_01868.jpg,normal,additional_vid6,265
normal/normal_01869.jpg,normal,additional_vid6,266
normal/normal_01870.jpg,normal,additional_vid6,267
normal/normal_01871.jpg,normal,additional_vid6,268
normal/normal_01872.jpg,normal,additional_vid6,269
normal/normal_01873.jpg,normal,additional_vid6,270
normal/normal_01874.jpg,normal,additional_vid6,271
normal/normal_01875.jpg,normal,additional_vid6,272
normal/normal_01876.jpg,normal,additional_vid6,273
normal/normal_01877.jpg,normal,additional_vid6,274
normal/normal_01878.jpg,normal,additional_vid6,275
normal/normal_01879.jpg,normal,additional_vid6,276
normal/normal_01880.jpg,normal,additional_vid6,277
normal/normal_01881.jpg,normal,additional_vid6,278
normal/normal_01882.jpg,normal,additional_vid6,279
normal/normal_01883.jpg,normal,additional_vid6,280
normal/normal_01884.jpg,normal,additional_vid6,281
normal/normal_01885.jpg,normal,additional_vid6,282
normal/normal_01886.jpg,normal,additional_vid6,283
normal/normal_01887.jpg,normal,additional_vid6,284
normal/normal_01888.jpg,normal,additional_vid6,285
normal/normal_01889.jpg,normal,additional_vid6,286
normal/normal_01890.jpg,normal,additional_vid6,287
normal/normal_01891.jpg,normal,additional_vid6,288
normal/normal_01892.jpg,normal,additional_vid6,289
normal/normal_01893.jpg,normal,additional_vid6,290
normal/normal_01894.jpg,normal,additional_vid6,291
normal/normal_01895.jpg,normal,additional_vid6,292
normal/normal_01896.jpg,normal,additional_vid6,293
normal/normal_01897.jpg,normal,additional_vid6,294
normal/normal_01898.jpg,normal,additional_vid6,295
normal/normal_01899.jpg,normal,additional_vid6,296
normal/normal_01900.jpg,normal,additional_vid6,297
normal/normal_01901.jpg,normal,additional_vid6,298
normal/normal_01902.jpg,normal,additional_vid6,299
normal/normal_01903.jpg,normal,additional_vid6,300
normal/normal_01904.jpg,normal,additional_vid6,301
normal/normal_01905.jpg,normal,additional_vid6,302
normal/normal_01906.jpg,normal,additional_vid6,303
normal/normal_01907.jpg,normal,additional_vid6,304
normal/normal_01908.jpg,normal,additional_vid6,305
normal/normal_01909.jpg,normal,additional_vid6,306
normal/normal_01910.jpg,normal,additional_vid6,307
normal/normal_01911.jpg,normal,additional_vid6,308
normal/normal_01912.jpg,normal,additional_vid6,309
normal/normal_01913.jpg,normal,additional_vid6,310
normal/normal_01914.jpg,normal,additional_vid6,311
normal/normal_01915.jpg,normal,additional_vid6,312
normal/normal_01916.jpg,normal,additional_vid6,313
normal/normal_01917.jpg,normal,additional_vid6,314
normal/normal_01918.jpg,normal,additional_vid6,315
normal/normal_01919.jpg,normal,additional_vid6,316
normal/normal_01920.jpg,normal,additional_vid6,317
normal/normal_01921.jpg,normal,additional_vid6,318
normal/normal_01922.jpg,normal,additional_vid6,319
normal/normal_01923.jpg,normal,additional_vid6,320
normal/normal_01924.jpg,normal,additional_vid6,321
normal/normal_01925.jpg,normal,additional_vid6,322
normal/normal_01926.jpg,normal,additional_vid6,323
normal/normal_01927.jpg,normal,additional_vid6,324
normal/normal_01928.jpg,normal,additional_vid6,325
normal/normal_01929.jpg,normal,additional_vid6,326
normal/normal_01930.jpg,normal,additional_vid6,327
normal/normal_01931.jpg,normal,additional_vid6,328
normal/normal_01932.jpg,normal,additional_vid6,329
normal/normal_01933.jpg,normal,additional_vid6,330
normal/normal_01934.jpg,normal,additional_vid6,331
normal/normal_01935.jpg,normal,additional_vid6,332
normal/normal_01936.jpg,normal,additional_vid6,333
normal/normal_01937.jpg,normal,additional_vid6,334
normal/normal_01938.jpg,normal,additional_vid6,335
normal/normal_01939.jpg,normal,additional_vid6,336
normal/normal_01940.jpg,normal,additional_vid6,337
normal/normal_01941.jpg,normal,additional_vid6,338
normal/normal_01942.jpg,normal,additional_vid6,339
normal/normal_01943.jpg,normal,additional_vid6,340
normal/normal_01944.jpg,normal,additional_vid6,341
normal/normal_01945.jpg,normal,additional_vid6,342
normal/normal_01946.jpg,normal,additional_vid6,343
normal/normal_01947.jpg,normal,additional_vid6,344
normal/normal_01948.jpg,normal,additional_vid6,345
normal/normal_01949.jpg,normal,additional_vid6,346
normal/normal_01950.jpg,normal,additional_vid6,347
normal/normal_01951.jpg,normal,additional_vid6,348
normal/normal_01952.jpg,normal,additional_vid6,349
normal/normal_01953.jpg,normal,additional_vid6,350
normal/normal_01954.jpg,normal,additional_vid6,351
normal/normal_01955.jpg,normal,additional_vid6,352
normal/normal_01956.jpg,normal,additional_vid6,353
normal/normal_01957.jpg,normal,additional_vid6,354
normal/normal_01958.jpg,normal,additional_vid6,355
normal/normal_01959.jpg,normal,additional_vid6,356
normal/normal_01960.jpg,normal,additional_vid6,357
normal/normal_01961.jpg,normal,additional_vid6,358
normal/normal_01962.jpg,normal,additional_vid6,359
normal/normal_01963.jpg,normal,additional_vid6,360
normal/normal_01964.jpg,normal,additional_vid6,361
normal/normal_01965.jpg,normal,additional_vid6,362
normal/normal_01966.jpg,normal,additional_vid6,363
normal/normal_01967.jpg,normal,additional_vid6,364
normal/normal_01968.jpg,normal,additional_vid6,365
normal/normal_01969.jpg,normal,additional_vid6,366
normal/normal_01970.jpg,normal,additional_vid6,367
normal/normal_01971.jpg,normal,additional_vid6,368
normal/normal_01972.jpg,normal,additional_vid6,369
normal/normal_01973.jpg,normal,additional_vid6,370
normal/normal_01974.jpg,normal,additional_vid6,371
normal/normal_01975.jpg,normal,additional_vid6,372
normal/normal_01976.jpg,normal,additional_vid6,373
normal/normal_01977.jpg,normal,additional_vid6,374
normal/normal_01978.jpg,normal,additional_vid6,375
normal/normal_01979.jpg,normal,additional_vid6,376
normal/normal_01980.jpg,normal,additional_vid6,377
normal/normal_01981.jpg,normal,additional_vid6,378
normal/normal_01982.jpg,normal,additional_vid6,379
normal/normal_01983.jpg,normal,additional_vid6,380
normal/normal_01984.jpg,normal,additional_vid6,381
normal/normal_01985.jpg,normal,additional_vid6,382
normal/normal_01986.jpg,normal,additional_vid6,383
normal/normal_01987.jpg,normal,additional_vid6,384
normal/normal_01988.jpg,normal,additional_vid6,385
normal/normal_01989.jpg,normal,additional_vid6,386
normal/normal_01990.jpg,normal,additional_vid6,387
normal/normal_01991.jpg,normal,additional_vid6,388
normal/normal_01992.jpg,normal,additional_vid6,389
normal/normal_01993.jpg,normal,additional_vid6,390
normal/normal_01994.jpg,normal,additional_vid6,391
normal/normal_01995.jpg,normal,additional_vid6,392
normal/normal_01996.jpg,normal,additional_vid6,393
normal/normal_01997.jpg,normal,additional_vid6,394
normal/normal_01998.jpg,normal,additional_vid6,395
normal/normal_01999.jpg,normal,additional_vid6,396
normal/normal_02000.jpg,normal,additional_vid6,397
normal/normal_02001.jpg,normal,additional_vid6,398
normal/normal_02002.jpg,normal,additional_vid6,399
normal/normal_02003.jpg,normal,additional_vid6,400
normal/normal_02004.jpg,normal,additional_vid6,401
normal/normal_02005.jpg,normal,additional_vid6,402
normal/normal_02006.jpg,normal,additional_vid6,403
normal/normal_02007.jpg,normal,additional_vid6,404
normal/normal_02008.jpg,normal,additional_vid6,405
normal/normal_02009.jpg,normal,additional_vid6,406
normal/normal_02010.jpg,normal,additional_vid6,407
normal/normal_02011.jpg,normal,additional_vid6,408
normal/normal_02012.jpg,normal,additional_vid6,409
normal/normal_02013.jpg,normal,additional_vid6,410
normal/normal_02014.jpg,normal,additional_vid6,411
normal/normal_02015.jpg,normal,additional_vid6,412
normal/normal_02016.jpg,normal,additional_vid6,413
normal/normal_02017.jpg,normal,additional_vid6,414
normal/normal_02018.jpg,normal,additional_vid6,415
normal/normal_02019.jpg,normal,additional_vid6,416
normal/normal_02020.jpg,normal,additional_vid6,417
normal/normal_02021.jpg,normal,additional_vid6,418
normal/normal_02022.jpg,normal,additional_vid6,419
normal/normal_02023.jpg,normal,additional_vid6,420
normal/normal_02024.jpg,normal,additional_vid6,421
normal/normal_02025.jpg,normal,additional_vid6,422
normal/normal_02026.jpg,normal,additional_vid6,423
normal/normal_02027.jpg,normal,additional_vid6,424
normal/normal_02028.jpg,normal,additional_vid6,425
normal/normal_02029.jpg,normal,additional_vid6,426
normal/normal_02030.jpg,normal,additional_vid6,427
normal/normal_02031.jpg,normal,additional_vid6,428
normal/normal_02032.jpg,normal,additional_vid6,429
normal/normal_02033.jpg,normal,additional_vid6,430
normal/normal_02034.jpg,normal,additional_vid6,431
normal/normal_02035.jpg,normal,additional_vid6,432
normal/normal_02036.jpg,normal,additional_vid6,433
normal/normal_02037.jpg,normal,additional_vid6,434
normal/normal_02038.jpg,normal,additional_vid6,435
normal/normal_02039.jpg,normal,additional_vid6,436
normal/normal_02040.jpg,normal,additional_vid6,437
normal/normal_02041.jpg,normal,additional_vid6,438
normal/normal_02042.jpg,normal,additional_vid6,439
normal/normal_02043.jpg,normal,additional_vid6,440
normal/normal_02044.jpg,normal,additional_vid6,441
normal/normal_02045.jpg,normal,additional_vid6,442
normal/normal_02046.jpg,normal,additional_vid6,443
normal/normal_02047.jpg,normal,additional_vid6,444
normal/normal_02048.jpg,normal,additional_vid6,445
normal/normal_02049.jpg,normal,additional_vid6,446
normal/normal_02050.jpg,normal,additional_vid6,447
normal/normal_02051.jpg,normal,additional_vid6,448
normal/normal_02052.jpg,normal,additional_vid6,449
normal/normal_02053.jpg,normal,additional_vid6,450
normal/normal_02054.jpg,normal,additional_vid6,451
normal/normal_02055.jpg,normal,additional_vid6,452
normal/normal_02056.jpg,normal,additional_vid6,453
normal/normal_02057.jpg,normal,additional_vid6,454
normal/normal_02058.jpg,normal,additional_vid6,455
normal/normal_02059.jpg,normal,additional_vid6,456
normal/normal_02060.jpg,normal,additional_vid6,457
normal/normal_02061.jpg,normal,additional_vid6,458
normal/normal_02062.jpg,normal,additional_vid6,459
normal/normal_02063.jpg,normal,additional_vid6,460
normal/normal_02064.jpg,normal,additional_vid6,461
normal/normal_02065.jpg,normal,additional_vid6,462
normal/normal_02066.jpg,normal,additional_vid6,463
normal/normal_02067.jpg,normal,additional_vid6,464
normal/normal_02068.jpg,normal,additional_vid6,465
normal/normal_02069.jpg,normal,additional_vid6,466
normal/normal_02070.jpg,normal,additional_vid6,467
normal/normal_02071.jpg,normal,additional_vid6,468
normal/normal_02072.jpg,normal,additional_vid6,469
normal/normal_02073.jpg,normal,additional_vid6,470
normal/normal_02074.jpg,normal,additional_vid6,471
normal/normal_02075.jpg,normal,additional_vid6,472
normal/normal_02076.jpg,normal,additional_vid6,473
normal/normal_02077.jpg,normal,additional_vid6,474
normal/normal_02078.jpg,normal,additional_vid6,475
normal/normal_02079.jpg,normal,additional_vid6,476
normal/normal_02080.jpg,normal,additional_vid6,477
normal/normal_02081.jpg,normal,additional_vid6,478
normal/normal_02082.jpg,normal,additional_vid6,479
normal/normal_02083.jpg,normal,additional_vid6,480
normal/normal_02084.jpg,normal,additional_vid6,481
normal/normal_02085.jpg,normal,additional_vid6,482
normal/normal_02086.jpg,normal,additional_vid6,483
normal/normal_02087.jpg,normal,additional_vid6,484
normal/normal_02088.jpg,normal,additional_vid6,485
normal/normal_02089.jpg,normal,additional_vid6,486
normal/normal_02090.jpg,normal,additional_vid6,487
normal/normal_02091.jpg,normal,additional_vid6,488
normal/normal_02092.jpg,normal,additional_vid6,489
normal/normal_02093.jpg,normal,additional_vid6,490
normal/normal_02094.jpg,normal,additional_vid6,491
normal/normal_02095.jpg,normal,additional_vid6,492
normal/normal_02096.jpg,normal,additional_vid6,493
normal/normal_02097.jpg,normal,additional_vid6,494
normal/normal_02098.jpg,normal,additional_vid6,495
normal/normal_02099.jpg,normal,additional_vid6,496
normal/normal_02100.jpg,normal,additional_vid6,497
normal/normal_02101.jpg,normal,additional_vid6,498
normal/normal_02102.jpg,normal,additional_vid6,499
normal/normal_02103.jpg,normal,additional_vid6,500
normal/normal_02104.jpg,normal,additional_vid6,501
normal/normal_02105.jpg,normal,additional_vid6,502
normal/normal_02106.jpg,normal,additional_vid6,503
normal/normal_02107.jpg,normal,additional_vid6,504
normal/normal_02108.jpg,normal,additional_vid6,505
normal/normal_02109.jpg,normal,additional_vid6,506
normal/normal_02110.jpg,normal,additional_vid6,507
normal/normal_02111.jpg,normal,additional_vid6,508
normal/normal_02112.jpg,normal,additional_vid6,509
normal/normal_02113.jpg,normal,additional_vid7,1
normal/normal_02114.jpg,normal,additional_vid7,2
normal/normal_02115.jpg,normal,additional_vid7,3
normal/normal_02116.jpg,normal,additional_vid7,4
normal/normal_02117.jpg,normal,additional_vid7,5
normal/normal_02118.jpg,normal,additional_vid7,6
normal/normal_02119.jpg,normal,additional_vid7,7
normal/normal_02120.jpg,normal,additional_vid7,8
normal/normal_02121.jpg,normal,additional_vid7,9
normal/normal_02122.jpg,normal,additional_vid7,10
normal/normal_02123.jpg,normal,additional_vid7,11
normal/normal_02124.jpg,normal,additional_vid7,12
normal/normal_02125.jpg,normal,additional_vid7,13
normal/normal_02126.jpg,normal,additional_vid7,14
normal/normal_02127.jpg,normal,additional_vid7,15
normal/normal_02128.jpg,normal,additional_vid7,16
normal/normal_02129.jpg,normal,additional_vid7,17
normal/normal_02130.jpg,normal,additional_vid7,18
normal/normal_02131.jpg,normal,additional_vid7,19
normal/normal_02132.jpg,normal,additional_vid7,20
normal/normal_02133.jpg,normal,additional_vid7,21
normal/normal_02134.jpg,normal,additional_vid7,22
normal/normal_02135.jpg,normal,additional_vid7,23
normal/normal_02136.jpg,normal,additional_vid7,24
normal/normal_02137.jpg,normal,additional_vid7,25
normal/normal_02138.jpg,normal,additional_vid7,26
normal/normal_02139.jpg,normal,additional_vid7,27
normal/normal_02140.jpg,normal,additional_vid7,28
normal/normal_02141.jpg,normal,additional_vid7,29
normal/normal_02142.jpg,normal,additional_vid7,30
normal/normal_02143.jpg,normal,additional_vid7,31
normal/normal_02144.jpg,normal,additional_vid7,32
normal/normal_02145.jpg,normal,additional_vid7,33
normal/normal_02146.jpg,normal,additional_vid7,34
normal/normal_02147.jpg,normal,additional_vid7,35
normal/normal_02148.jpg,normal,additional_vid7,36
normal/normal_02149.jpg,normal,additional_vid7,37
normal/normal_02150.jpg,normal,additional_vid7,38
normal/normal_02151.jpg,normal,additional_vid7,39
normal/normal_02152.jpg,normal,additional_vid7,40
normal/normal_02153.jpg,normal,additional_vid7,41
normal/normal_02154.jpg,normal,additional_vid7,42
normal/normal_02155.jpg,normal,additional_vid7,43
normal/normal_02156.jpg,normal,additional_vid7,44
normal/normal_02157.jpg,normal,additional_vid7,45
normal/normal_02158.jpg,normal,additional_vid7,46
normal/normal_02159.jpg,normal,additional_vid7,47
normal/normal_02160.jpg,normal,additional_vid7,48
normal/normal_02161.jpg,normal,additional_vid7,49
normal/normal_02162.jpg,normal,additional_vid7,50
normal/normal_02163.jpg,normal,additional_vid7,51
normal/normal_02164.jpg,normal,additional_vid7,52
normal/normal_02165.jpg,normal,additional_vid7,53
normal/normal_02166.jpg,normal,additional_vid7,54
normal/normal_02167.jpg,normal,additional_vid7,55
normal/normal_02168.jpg,normal,additional_vid7,56
normal/normal_02169.jpg,normal,additional_vid7,57
normal/normal_02170.jpg,normal,additional_vid7,58
normal/normal_02171.jpg,normal,additional_vid7,59
normal/normal_02172.jpg,normal,additional_vid7,60
normal/normal_02173.jpg,normal,additional_vid7,61
normal/normal_02174.jpg,normal,additional_vid7,62
normal/normal_02175.jpg,normal,additional_vid7,63
normal/normal_02176.jpg,normal,additional_vid7,64
normal/normal_02177.jpg,normal,additional_vid7,65
normal/normal_02178.jpg,normal,additional_vid7,66
normal/normal_02179.jpg,normal,additional_vid7,67
normal/normal_02180.jpg,normal,additional_vid7,68
normal/normal_02181.jpg,normal,additional_vid7,69
normal/normal_02182.jpg,normal,additional_vid7,70
normal/normal_02183.jpg,normal,additional_vid7,71
normal/normal_02184.jpg,normal,additional_vid7,72
normal/normal_02185.jpg,normal,additional_vid7,73
normal/normal_02186.jpg,normal,additional_vid7,74
normal/normal_02187.jpg,normal,additional_vid7,75
normal/normal_02188.jpg,normal,additional_vid7,76
normal/normal_02189.jpg,normal,additional_vid7,77
normal/normal_02190.jpg,normal,additional_vid7,78
normal/normal_02191.jpg,normal,additional_vid7,79
normal/normal_02192.jpg,normal,additional_vid7,80
normal/normal_02193.jpg,normal,additional_vid7,81
normal/normal_02194.jpg,normal,additional_vid7,82
normal/normal_02195.jpg,normal,additional_vid7,83
normal/normal_02196.jpg,normal,additional_vid7,84
normal/normal_02197.jpg,normal,additional_vid7,85
normal/normal_02198.jpg,normal,additional_vid7,86
normal/normal_02199.jpg,normal,additional_vid7,87
normal/normal_02200.jpg,normal,additional_vid7,88
normal/normal_02201.jpg,normal,additional_vid7,89
normal/normal_02202.jpg,normal,additional_vid7,90
normal/normal_02203.jpg,normal,additional_vid7,91
normal/normal_02204.jpg,normal,additional_vid7,92
normal/normal_02205.jpg,normal,additional_vid7,93
normal/normal_02206.jpg,normal,additional_vid7,94
normal/normal_02207.jpg,normal,additional_vid7,95
normal/normal_02208.jpg,normal,additional_vid7,96
normal/normal_02209.jpg,normal,additional_vid7,97
normal/normal_02210.jpg,normal,additional_vid7,98
normal/normal_02211.jpg,normal,additional_vid7,99
normal/normal_02212.jpg,normal,additional_vid7,100
normal/normal_02213.jpg,normal,additional_vid7,101
normal/normal_02214.jpg,normal,additional_vid7,102
normal/normal_02215.jpg,normal,additional_vid7,103
normal/normal_02216.jpg,normal,additional_vid7,104
normal/normal_02217.jpg,normal,additional_vid7,105
normal/normal_02218.jpg,normal,additional_vid7,106
normal/normal_02219.jpg,normal,additional_vid7,107
normal/normal_02220.jpg,normal,additional_vid7,108
normal/normal_02221.jpg,normal,additional_vid7,109
normal/normal_02222.jpg,normal,additional_vid7,110
normal/normal_02223.jpg,normal,additional_vid7,111
normal/normal_02224.jpg,normal,additional_vid7,112
normal/normal_02225.jpg,normal,additional_vid7,113
normal/normal_02226.jpg,normal,additional_vid7,114
normal/normal_02227.jpg,normal,additional_vid7,115
normal/normal_02228.jpg,normal,additional_vid7,116
normal/normal_02229.jpg,normal,additional_vid7,117
normal/normal_02230.jpg,normal,additional_vid7,118
normal/normal_02231.jpg,normal,additional_vid7,119
normal/normal_02232.jpg,normal,additional_vid7,120
normal/normal_02233.jpg,normal,additional_vid7,121
normal/normal_02234.jpg,normal,additional_vid7,122
normal/normal_02235.jpg,normal,additional_vid7,123
normal/normal_02236.jpg,normal,additional_vid7,124
normal/normal_02237.jpg,normal,additional_vid7,125
normal/normal_02238.jpg,normal,additional_vid7,126
normal/normal_02239.jpg,normal,additional_vid7,127
normal/normal_02240.jpg,normal,additional_vid7,128
normal/normal_02241.jpg,normal,additional_vid7,129
normal/normal_02242.jpg,normal,additional_vid7,130
normal/normal_02243.jpg,normal,additional_vid7,131
normal/normal_02244.jpg,normal,additional_vid7,132
normal/normal_02245.jpg,normal,additional_vid7,133
normal/normal_02246.jpg,normal,additional_vid7,134
normal/normal_02247.jpg,normal,additional_vid7,135
normal/normal_02248.jpg,normal,additional_vid7,136
normal/normal_02249.jpg,normal,additional_vid7,137
normal/normal_02250.jpg,normal,additional_vid7,138
normal/normal_02251.jpg,normal,additional_vid7,139
normal/normal_02252.jpg,normal,additional_vid7,140
normal/normal_02253.jpg,normal,additional_vid7,141
normal/normal_02254.jpg,normal,additional_vid7,142
normal/normal_02255.jpg,normal,additional_vid7,143
normal/normal_02256.jpg,normal,additional_vid7,144
normal/normal_02257.jpg,normal,additional_vid7,145
normal/normal_02258.jpg,normal,additional_vid7,146
normal/normal_02259.jpg,normal,additional_vid7,147
normal/normal_02260.jpg,normal,additional_vid7,148
normal/normal_02261.jpg,normal,additional_vid7,149
normal/normal_02262.jpg,normal,additional_vid7,150
normal/normal_02263.jpg,normal,additional_vid7,151
normal/normal_02264.jpg,normal,additional_vid7,152
normal/normal_02265.jpg,normal,additional_vid7,153
normal/normal_02266.jpg,normal,additional_vid7,154
normal/normal_02267.jpg,normal,additional_vid7,155
normal/normal_02268.jpg,normal,additional_vid7,156
normal/normal_02269.jpg,normal,additional_vid7,157
normal/normal_02270.jpg,normal,additional_vid7,158
normal/normal_02271.jpg,normal,additional_vid7,159
normal/normal_02272.jpg,normal,additional_vid7,160
normal/normal_02273.jpg,normal,additional_vid7,161
normal/normal_02274.jpg,normal,additional_vid7,162
normal/normal_02275.jpg,normal,additional_vid7,163
normal/normal_02276.jpg,normal,additional_vid7,164
normal/normal_02277.jpg,normal,additional_vid7,165
normal/normal_02278.jpg,normal,additional_vid7,166
normal/normal_02279.jpg,normal,additional_vid7,167
normal/normal_02280.jpg,normal,additional_vid7,168
normal/normal_02281.jpg,normal,additional_vid7,169
normal/normal_02282.jpg,normal,additional_vid7,170
normal/normal_02283.jpg,normal,additional_vid7,171
normal/normal_02284.jpg,normal,additional_vid7,172
normal/normal_02285.jpg,normal,additional_vid7,173
normal/normal_02286.jpg,normal,additional_vid7,174
normal/normal_02287.jpg,normal,additional_vid7,175
normal/normal_02288.jpg,normal,additional_vid7,176
normal/normal_02289.jpg,normal,additional_vid7,177
normal/normal_02290.jpg,normal,additional_vid7,178
normal/normal_02291.jpg,normal,additional_vid7,179
normal/normal_02292.jpg,normal,additional_vid7,180
normal/normal_02293.jpg,normal,additional_vid7,181
normal/normal_02294.jpg,normal,additional_vid7,182
normal/normal_02295.jpg,normal,additional_vid7,183
normal/normal_02296.jpg,normal,additional_vid7,184
normal/normal_02297.jpg,normal,additional_vid7,185
normal/normal_02298.jpg,normal,additional_vid7,186
normal/normal_02299.jpg,normal,additional_vid7,187
normal/normal_02300.jpg,normal,additional_vid7,188
normal/normal_02301.jpg,normal,additional_vid7,189
normal/normal_02302.jpg,normal,additional_vid7,190
normal/normal_02303.jpg,normal,additional_vid7,191
normal/normal_02304.jpg,normal,additional_vid7,192
normal/normal_02305.jpg,normal,additional_vid7,193
normal/normal_02306.jpg,normal,additional_vid7,194
normal/normal_02307.jpg,normal,additional_vid7,195
normal/normal_02308.jpg,normal,additional_vid7,196
normal/normal_02309.jpg,normal,additional_vid7,197
normal/normal_02310.jpg,normal,additional_vid7,198
normal/normal_02311.jpg,normal,additional_vid7,199
normal/normal_02312.jpg,normal,additional_vid7,200
normal/normal_02313.jpg,normal,additional_vid7,201
normal/normal_02314.jpg,normal,additional_vid7,202
normal/normal_02315.jpg,normal,additional_vid7,203
normal/normal_02316.jpg,normal,additional_vid7,204
normal/normal_02317.jpg,normal,additional_vid7,205
normal/normal_02318.jpg,normal,additional_vid7,206
normal/normal_02319.jpg,normal,additional_vid7,207
normal/normal_02320.jpg,normal,additional_vid7,208
normal/normal_02321.jpg,normal,additional_vid7,209
normal/normal_02322.jpg,normal,additional_vid7,210
normal/normal_02323.jpg,normal,additional_vid7,211
normal/normal_02324.jpg,normal,additional_vid7,212
normal/normal_02325.jpg,normal,additional_vid7,213
normal/normal_02326.jpg,normal,additional_vid7,214
normal/normal_02327.jpg,normal,additional_vid7,215
normal/normal_02328.jpg,normal,additional_vid7,216
normal/normal_02329.jpg,normal,additional_vid7,217
normal/normal_02330.jpg,normal,additional_vid7,218
normal/normal_02331.jpg,normal,additional_vid7,219
normal/normal_02332.jpg,normal,additional_vid7,220
normal/normal_02333.jpg,normal,additional_vid7,221
normal/normal_02334.jpg,normal,additional_vid7,222
normal/normal_02335.jpg,normal,additional_vid7,223
normal/normal_02336.jpg,normal,additional_vid7,224
normal/normal_02337.jpg,normal,additional_vid7,225
normal/normal_02338.jpg,normal,additional_vid7,226
normal/normal_02339.jpg,normal,additional_vid7,227
normal/normal_02340.jpg,normal,additional_vid7,228
normal/normal_02341.jpg,normal,additional_vid7,229
normal/normal_02342.jpg,normal,additional_vid7,230
normal/normal_02343.jpg,normal,additional_vid7,231
normal/normal_02344.jpg,normal,additional_vid7,232
normal/normal_02345.jpg,normal,additional_vid7,233
normal/normal_02346.jpg,normal,additional_vid7,234
normal/normal_02347.jpg,normal,additional_vid7,235
normal/normal_02348.jpg,normal,additional_vid7,236
normal/normal_02349.jpg,normal,additional_vid7,237
normal/normal_02350.jpg,normal,additional_vid7,238
normal/normal_02351.jpg,normal,additional_vid7,239
normal/normal_02352.jpg,normal,additional_vid7,240
normal/normal_02353.jpg,normal,additional_vid7,241
normal/normal_02354.jpg,normal,additional_vid7,242
normal/normal_02355.jpg,normal,additional_vid7,243
normal/normal_02356.jpg,normal,additional_vid7,244
normal/normal_02357.jpg,normal,additional_vid7,245
normal/normal_02358.jpg,normal,additional_vid7,246
normal/normal_02359.jpg,normal,additional_vid7,247
normal/normal_02360.jpg,normal,additional_vid7,248
normal/normal_02361.jpg,normal,additional_vid7,249
normal/normal_02362.jpg,normal,additional_vid7,250
normal/normal_02363.jpg,normal,additional_vid7,251
normal/normal_02364.jpg,normal,additional_vid7,252
normal/normal_02365.jpg,normal,additional_vid7,253
normal/normal_02366.jpg,normal,additional_vid7,254
normal/normal_02367.jpg,normal,additional_vid7,255
normal/normal_02368.jpg,normal,additional_vid7,256
normal/normal_02369.jpg,normal,additional_vid7,257
normal/normal_02370.jpg,normal,additional_vid7,258
normal/normal_02371.jpg,normal,additional_vid7,259
normal/normal_02372.jpg,normal,additional_vid7,260
normal/normal_02373.jpg,normal,additional_vid7,261
normal/normal_02374.jpg,normal,additional_vid7,262
normal/normal_02375.jpg,normal,additional_vid7,263
normal/normal_02376.jpg,normal,additional_vid7,264
normal/normal_02377.jpg,normal,additional_vid7,265
normal/normal_02378.jpg,normal,additional_vid7,266
normal/normal_02379.jpg,normal,additional_vid7,267
normal/normal_02380.jpg,normal,additional_vid7,268
normal/normal_02381.jpg,normal,additional_vid7,269
normal/normal_02382.jpg,normal,additional_vid7,270
normal/normal_02383.jpg,normal,additional_vid7,271
normal/normal_02384.jpg,normal,additional_vid7,272
normal/normal_02385.jpg,normal,additional_vid7,273
normal/normal_02386.jpg,normal,additional_vid7,274
normal/normal_02387.jpg,normal,additional_vid7,275
normal/normal_02388.jpg,normal,additional_vid7,276
normal/normal_02389.jpg,normal,additional_vid7,277
normal/normal_02390.jpg,normal,additional_vid7,278
normal/normal_02391.jpg,normal,additional_vid7,279
normal/normal_02392.jpg,normal,additional_vid7,280
normal/normal_02393.jpg,normal,additional_vid7,281
normal/normal_02394.jpg,normal,additional_vid7,282
normal/normal_02395.jpg,normal,additional_vid7,283
normal/normal_02396.jpg,normal,additional_vid7,284
normal/normal_02397.jpg,normal,additional_vid7,285
normal/normal_02398.jpg,normal,additional_vid7,286
normal/normal_02399.jpg,normal,additional_vid7,287
normal/normal_02400.jpg,normal,additional_vid7,288
normal/normal_02401.jpg,normal,additional_vid7,289
normal/normal_02402.jpg,normal,additional_vid7,290
normal/normal_02403.jpg,normal,additional_vid7,291
normal/normal_02404.jpg,normal,additional_vid7,292
normal/normal_02405.jpg,normal,additional_vid7,293
normal/normal_02406.jpg,normal,additional_vid7,294
normal/normal_02407.jpg,normal,additional_vid7,295
normal/normal_02408.jpg,normal,additional_vid7,296
normal/normal_02409.jpg,normal,additional_vid7,297
normal/normal_02410.jpg,normal,additional_vid7,298
normal/normal_02411.jpg,normal,additional_vid7,299
normal/normal_02412.jpg,normal,additional_vid7,300
normal/normal_02413.jpg,normal,additional_vid7,301
normal/normal_02414.jpg,normal,additional_vid7,302
normal/normal_02415.jpg,normal,additional_vid7,303
normal/normal_02416.jpg,normal,additional_vid7,304
normal/normal_02417.jpg,normal,additional_vid7,305
normal/normal_02418.jpg,normal,additional_vid7,306
normal/normal_02419.jpg,normal,additional_vid7,307
normal/normal_02420.jpg,normal,additional_vid7,308
normal/normal_02421.jpg,normal,additional_vid7,309
normal/normal_02422.jpg,normal,additional_vid7,310
normal/normal_02423.jpg,normal,additional_vid7,311
normal/normal_02424.jpg,normal,additional_vid7,312
normal/normal_02425.jpg,normal,additional_vid7,313
normal/normal_02426.jpg,normal,additional_vid7,314
normal/normal_02427.jpg,normal,additional_vid7,315
normal/normal_02428.jpg,normal,additional_vid7,316
normal/normal_02429.jpg,normal,additional_vid7,317
normal/normal_02430.jpg,normal,additional_vid7,318
normal/normal_02431.jpg,normal,additional_vid7,319
normal/normal_02432.jpg,normal,additional_vid7,320
normal/normal_02433.jpg,normal,additional_vid7,321
normal/normal_02434.jpg,normal,additional_vid7,322
normal/normal_02435.jpg,normal,additional_vid7,323
normal/normal_02436.jpg,normal,additional_vid7,324
normal/normal_02437.jpg,normal,additional_vid7,325
normal/normal_02438.jpg,normal,additional_vid7,326
normal/normal_02439.jpg,normal,additional_vid7,327
normal/normal_02440.jpg,normal,additional_vid7,328
normal/normal_02441.jpg,normal,additional_vid7,329
normal/normal_02442.jpg,normal,additional_vid7,330
normal/normal_02443.jpg,normal,additional_vid7,331
normal/normal_02444.jpg,normal,additional_vid7,332
normal/normal_02445.jpg,normal,additional_vid7,333
normal/normal_02446.jpg,normal,additional_vid7,334
normal/normal_02447.jpg,normal,additional_vid7,335
normal/normal_02448.jpg,normal,additional_vid7,336
normal/normal_02449.jpg,normal,additional_vid7,337
normal/normal_02450.jpg,normal,additional_vid7,338
normal/normal_02451.jpg,normal,additional_vid7,339
normal/normal_02452.jpg,normal,additional_vid7,340
normal/normal_02453.jpg,normal,additional_vid7,341
normal/normal_02454.jpg,normal,additional_vid7,342
normal/normal_02455.jpg,normal,additional_vid7,343
normal/normal_02456.jpg,normal,additional_vid7,344
normal/normal_02457.jpg,normal,additional_vid7,345
normal/normal_02458.jpg,normal,additional_vid7,346
normal/normal_02459.jpg,normal,additional_vid7,347
normal/normal_02460.jpg,normal,additional_vid7,348
normal/normal_02461.jpg,normal,additional_vid7,349
normal/normal_02462.jpg,normal,additional_vid7,350
normal/normal_02463.jpg,normal,additional_vid7,351
normal/normal_02464.jpg,normal,additional_vid7,352
normal/normal_02465.jpg,normal,additional_vid7,353
normal/normal_02466.jpg,normal,additional_vid7,354
normal/normal_02467.jpg,normal,additional_vid7,355
normal/normal_02468.jpg,normal,additional_vid7,356
normal/normal_02469.jpg,normal,additional_vid7,357
normal/normal_02470.jpg,normal,additional_vid7,358
normal/normal_02471.jpg,normal,additional_vid7,359
normal/normal_02472.jpg,normal,additional_vid7,360
normal/normal_02473.jpg,normal,additional_vid7,361
normal/normal_02474.jpg,normal,additional_vid7,362
normal/normal_02475.jpg,normal,additional_vid7,363
normal/normal_02476.jpg,normal,additional_vid7,364
normal/normal_02477.jpg,normal,additional_vid7,365
normal/normal_02478.jpg,normal,additional_vid7,366
normal/normal_02479.jpg,normal,additional_vid7,367
normal/normal_02480.jpg,normal,additional_vid7,368
normal/normal_02481.jpg,normal,additional_vid7,369
normal/normal_02482.jpg,normal,additional_vid7,370
normal/normal_02483.jpg,normal,additional_vid7,371
normal/normal_02484.jpg,normal,additional_vid7,372
normal/normal_02485.jpg,normal,additional_vid7,373
normal/normal_02486.jpg,normal,additional_vid7,374
normal/normal_02487.jpg,normal,additional_vid7,375
normal/normal_02488.jpg,normal,additional_vid7,376
normal/normal_02489.jpg,normal,additional_vid7,377
normal/normal_02490.jpg,normal,additional_vid7,378
normal/normal_02491.jpg,normal,additional_vid7,379
normal/normal_02492.jpg,normal,additional_vid7,380
normal/normal_02493.jpg,normal,additional_vid7,381
normal/normal_02494.jpg,normal,additional_vid7,382
normal/normal_02495.jpg,normal,additional_vid7,383
normal/normal_02496.jpg,normal,additional_vid7,384
normal/normal_02497.jpg,normal,additional_vid7,385
normal/normal_02498.jpg,normal,additional_vid7,386
normal/normal_02499.jpg,normal,additional_vid7,387
normal/normal_02500.jpg,normal,additional_vid7,388
normal/normal_02501.jpg,normal,additional_vid7,389
normal/normal_02502.jpg,normal,additional_vid7,390
normal/normal_02503.jpg,normal,additional_vid7,391
normal/normal_02504.jpg,normal,additional_vid7,392
normal/normal_02505.jpg,normal,additional_vid7,393
normal/normal_02506.jpg,normal,additional_vid7,394
normal/normal_02507.jpg,normal,additional_vid7,395
normal/normal_02508.jpg,normal,additional_vid7,396
normal/normal_02509.jpg,normal,additional_vid7,397
normal/normal_02510.jpg,normal,additional_vid7,398
normal/normal_02511.jpg,normal,additional_vid7,399
normal/normal_02512.jpg,normal,additional_vid7,400
normal/normal_02513.jpg,normal,additional_vid7,401
normal/normal_02514.jpg,normal,additional_vid7,402
normal/normal_02515.jpg,normal,additional_vid7,403
normal/normal_02516.jpg,normal,additional_vid7,404
normal/normal_02517.jpg,normal,additional_vid7,405
normal/normal_02518.jpg,normal,additional_vid7,406
normal/normal_02519.jpg,normal,additional_vid7,407
normal/normal_02520.jpg,normal,additional_vid7,408
normal/normal_02521.jpg,normal,additional_vid7,409
normal/normal_02522.jpg,normal,additional_vid7,410
normal/normal_02523.jpg,normal,additional_vid7,411
normal/normal_02524.jpg,normal,additional_vid7,412
normal/normal_02525.jpg,normal,additional_vid7,413
normal/normal_02526.jpg,normal,additional_vid7,414
normal/normal_02527.jpg,normal,additional_vid7,415
normal/normal_02528.jpg,normal,additional_vid7,416
normal/normal_02529.jpg,normal,additional_vid7,417
normal/normal_02530.jpg,normal,additional_vid7,418
normal/normal_02531.jpg,normal,additional_vid7,419
normal/normal_02532.jpg,normal,additional_vid7,420
normal/normal_02533.jpg,normal,additional_vid7,421
normal/normal_02534.jpg,normal,additional_vid7,422
normal/normal_02535.jpg,normal,additional_vid7,423
normal/normal_02536.jpg,normal,additional_vid7,424
normal/normal_02537.jpg,normal,additional_vid7,425
normal/normal_02538.jpg,normal,additional_vid7,426
normal/normal_02539.jpg,normal,additional_vid7,427
normal/normal_02540.jpg,normal,additional_vid7,428
normal/normal_02541.jpg,normal,additional_vid7,429
normal/normal_02542.jpg,normal,additional_vid7,430
normal/normal_02543.jpg,normal,additional_vid7,431
normal/normal_02544.jpg,normal,additional_vid7,432
normal/normal_02545.jpg,normal,additional_vid7,433
normal/normal_02546.jpg,normal,additional_vid7,434
normal/normal_02547.jpg,normal,additional_vid7,435
normal/normal_02548.jpg,normal,additional_vid7,436
normal/normal_02549.jpg,normal,additional_vid7,437
normal/normal_02550.jpg,normal,additional_vid7,438
normal/normal_02551.jpg,normal,additional_vid7,439
normal/normal_02552.jpg,normal,additional_vid7,440
normal/normal_02553.jpg,normal,additional_vid7,441
normal/normal_02554.jpg,normal,additional_vid7,442
normal/normal_02555.jpg,normal,additional_vid7,443
normal/normal_02556.jpg,normal,additional_vid7,444
normal/normal_02557.jpg,normal,additional_vid7,445
normal/normal_02558.jpg,normal,additional_vid7,446
normal/normal_02559.jpg,normal,additional_vid7,447
normal/normal_02560.jpg,normal,additional_vid7,448
normal/normal_02561.jpg,normal,additional_vid7,449
normal/normal_02562.jpg,normal,additional_vid7,450
normal/normal_02563.jpg,normal,additional_vid7,451
normal/normal_02564.jpg,normal,additional_vid7,452
normal/normal_02565.jpg,normal,additional_vid7,453
normal/normal_02566.jpg,normal,additional_vid7,454
normal/normal_02567.jpg,normal,additional_vid7,455
normal/normal_02568.jpg,normal,additional_vid7,456
normal/normal_02569.jpg,normal,additional_vid7,457
normal/normal_02570.jpg,normal,additional_vid7,458
normal/normal_02571.jpg,normal,additional_vid7,459
normal/normal_02572.jpg,normal,additional_vid7,460
normal/normal_02573.jpg,normal,additional_vid7,461
normal/normal_02574.jpg,normal,additional_vid7,462
normal/normal_02575.jpg,normal,additional_vid7,463
normal/normal_02576.jpg,normal,additional_vid7,464
normal/normal_02577.jpg,normal,additional_vid8,1
normal/normal_02578.jpg,normal,additional_vid8,2
normal/normal_02579.jpg,normal,additional_vid8,3
normal/normal_02580.jpg,normal,additional_vid8,4
normal/normal_02581.jpg,normal,additional_vid8,5
normal/normal_02582.jpg,normal,additional_vid8,6
normal/normal_02583.jpg,normal,additional_vid8,7
normal/normal_02584.jpg,normal,additional_vid8,8
normal/normal_02585.jpg,normal,additional_vid8,9
normal/normal_02586.jpg,normal,additional_vid8,10
normal/normal_02587.jpg,normal,additional_vid8,11
normal/normal_02588.jpg,normal,additional_vid8,12
normal/normal_02589.jpg,normal,additional_vid8,13
normal/normal_02590.jpg,normal,additional_vid8,14
normal/normal_02591.jpg,normal,additional_vid8,15
normal/normal_02592.jpg,normal,additional_vid8,16
normal/normal_02593.jpg,normal,additional_vid8,17
normal/normal_02594.jpg,normal,additional_vid8,18
normal/normal_02595.jpg,normal,additional_vid8,19
normal/normal_02596.jpg,normal,additional_vid8,20
normal/normal_02597.jpg,normal,additional_vid8,21
normal/normal_02598.jpg,normal,additional_vid8,22
normal/normal_02599.jpg,normal,additional_vid8,23
normal/normal_02600.jpg,normal,additional_vid8,24
normal/normal_02601.jpg,normal,additional_vid8,25
normal/normal_02602.jpg,normal,additional_vid8,26
normal/normal_02603.jpg,normal,additional_vid8,27
normal/normal_02604.jpg,normal,additional_vid8,28
normal/normal_02605.jpg,normal,additional_vid8,29
normal/normal_02606.jpg,normal,additional_vid8,30
normal/normal_02607.jpg,normal,additional_vid8,31
normal/normal_02608.jpg,normal,additional_vid8,32
normal/normal_02609.jpg,normal,additional_vid8,33
normal/normal_02610.jpg,normal,additional_vid8,34
normal/normal_02611.jpg,normal,additional_vid8,35
normal/normal_02612.jpg,normal,additional_vid8,36
normal/normal_02613.jpg,normal,additional_vid8,37
normal/normal_02614.jpg,normal,additional_vid8,38
normal/normal_02615.jpg,normal,additional_vid8,39
normal/normal_02616.jpg,normal,additional_vid8,40
normal/normal_02617.jpg,normal,additional_vid8,41
normal/normal_02618.jpg,normal,additional_vid8,42
normal/normal_02619.jpg,normal,additional_vid8,43
normal/normal_02620.jpg,normal,additional_vid8,44
normal/normal_02621.jpg,normal,additional_vid8,45
normal/normal_02622.jpg,normal,additional_vid8,46
normal/normal_02623.jpg,normal,additional_vid8,47
normal/normal_02624.jpg,normal,additional_vid8,48
normal/normal_02625.jpg,normal,additional_vid8,49
normal/normal_02626.jpg,normal,additional_vid8,50
normal/normal_02627.jpg,normal,additional_vid8,51
normal/normal_02628.jpg,normal,additional_vid8,52
normal/normal_02629.jpg,normal,additional_vid8,53
normal/normal_02630.jpg,normal,additional_vid8,54
normal/normal_02631.jpg,normal,additional_vid8,55
normal/normal_02632.jpg,normal,additional_vid8,56
normal/normal_02633.jpg,normal,additional_vid8,57
normal/normal_02634.jpg,normal,additional_vid8,58
normal/normal_02635.jpg,normal,additional_vid8,59
normal/normal_02636.jpg,normal,additional_vid8,60
normal/normal_02637.jpg,normal,additional_vid8,61
normal/normal_02638.jpg,normal,additional_vid8,62
normal/normal_02639.jpg,normal,additional_vid8,63
normal/normal_02640.jpg,normal,additional_vid8,64
normal/normal_02641.jpg,normal,additional_vid8,65
normal/normal_02642.jpg,normal,additional_vid8,66
normal/normal_02643.jpg,normal,additional_vid8,67
normal/normal_02644.jpg,normal,additional_vid8,68
normal/normal_02645.jpg,normal,additional_vid8,69
normal/normal_02646.jpg,normal,additional_vid8,70
normal/normal_02647.jpg,normal,additional_vid8,71
normal/normal_02648.jpg,normal,additional_vid8,72
normal/normal_02649.jpg,normal,additional_vid8,73
normal/normal_02650.jpg,normal,additional_vid8,74
normal/normal_02651.jpg,normal,additional_vid8,75
normal/normal_02652.jpg,normal,additional_vid8,76
normal/normal_02653.jpg,normal,additional_vid8,77
normal/normal_02654.jpg,normal,additional_vid8,78
normal/normal_02655.jpg,normal,additional_vid8,79
normal/normal_02656.jpg,normal,additional_vid8,80
normal/normal_02657.jpg,normal,additional_vid8,81
normal/normal_02658.jpg,normal,additional_vid8,82
normal/normal_02659.jpg,normal,additional_vid8,83
normal/normal_02660.jpg,normal,additional_vid8,84
normal/normal_02661.jpg,normal,additional_vid8,85
normal/normal_02662.jpg,normal,additional_vid8,86
normal/normal_02663.jpg,normal,additional_vid8,87
normal/normal_02664.jpg,normal,additional_vid8,88
normal/normal_02665.jpg,normal,additional_vid8,89
normal/normal_02666.jpg,normal,additional_vid8,90
normal/normal_02667.jpg,normal,additional_vid8,91
normal/normal_02668.jpg,normal,additional_vid8,92
normal/normal_02669.jpg,normal,additional_vid8,93
normal/normal_02670.jpg,normal,additional_vid8,94
normal/normal_02671.jpg,normal,additional_vid8,95
normal/normal_02672.jpg,normal,additional_vid8,96
normal/normal_02673.jpg,normal,additional_vid8,97
normal/normal_02674.jpg,normal,additional_vid8,98
normal/normal_02675.jpg,normal,additional_vid8,99
normal/normal_02676.jpg,normal,additional_vid8,100
normal/normal_02677.jpg,normal,additional_vid8,101
normal/normal_02678.jpg,normal,additional_vid8,102
normal/normal_02679.jpg,normal,additional_vid8,103
normal/normal_02680.jpg,normal,additional_vid8,104
normal/normal_02681.jpg,normal,additional_vid8,105
normal/normal_02682.jpg,normal,additional_vid8,106
normal/normal_02683.jpg,normal,additional_vid8,107
normal/normal_02684.jpg,normal,additional_vid8,108
normal/normal_02685.jpg,normal,additional_vid8,109
normal/normal_02686.jpg,normal,additional_vid8,110
normal/normal_02687.jpg,normal,additional_vid8,111
normal/normal_02688.jpg,normal,additional_vid8,112
normal/normal_02689.jpg,normal,additional_vid8,113
normal/normal_02690.jpg,normal,additional_vid8,114
normal/normal_02691.jpg,normal,additional_vid8,115
normal/normal_02692.jpg,normal,additional_vid8,116
normal/normal_02693.jpg,normal,additional_vid8,117
normal/normal_02694.jpg,normal,additional_vid8,118
normal/normal_02695.jpg,normal,additional_vid8,119
normal/normal_02696.jpg,normal,additional_vid8,120
normal/normal_02697.jpg,normal,additional_vid8,121
normal/normal_02698.jpg,normal,additional_vid8,122
normal/normal_02699.jpg,normal,additional_vid8,123
normal/normal_02700.jpg,normal,additional_vid8,124
normal/normal_02701.jpg,normal,additional_vid8,125
normal/normal_02702.jpg,normal,additional_vid8,126
normal/normal_02703.jpg,normal,additional_vid8,127
normal/normal_02704.jpg,normal,additional_vid8,128
normal/normal_02705.jpg,normal,additional_vid8,129
normal/normal_02706.jpg,normal,additional_vid8,130
normal/normal_02707.jpg,normal,additional_vid8,131
normal/normal_02708.jpg,normal,additional_vid8,132
normal/normal_02709.jpg,normal,additional_vid8,133
normal/normal_02710.jpg,normal,additional_vid8,134
normal/normal_02711.jpg,normal,additional_vid8,135
normal/normal_02712.jpg,normal,additional_vid8,136
normal/normal_02713.jpg,normal,additional_vid8,137
normal/normal_02714.jpg,normal,additional_vid8,138
normal/normal_02715.jpg,normal,additional_vid8,139
normal/normal_02716.jpg,normal,additional_vid8,140
normal/normal_02717.jpg,normal,additional_vid8,141
normal/normal_02718.jpg,normal,additional_vid8,142
normal/normal_02719.jpg,normal,additional_vid8,143
normal/normal_02720.jpg,normal,additional_vid8,144
normal/normal_02721.jpg,normal,additional_vid8,145
normal/normal_02722.jpg,normal,additional_vid8,146
normal/normal_02723.jpg,normal,additional_vid8,147
normal/normal_02724.jpg,normal,additional_vid8,148
normal/normal_02725.jpg,normal,additional_vid9,1
normal/normal_02726.jpg,normal,additional_vid9,2
normal/normal_02727.jpg,normal,additional_vid9,3
normal/normal_02728.jpg,normal,additional_vid9,4
normal/normal_02729.jpg,normal,additional_vid9,5
normal/normal_02730.jpg,normal,additional_vid9,6
normal/normal_02731.jpg,normal,additional_vid9,7
normal/normal_02732.jpg,normal,additional_vid9,8
normal/normal_02733.jpg,normal,additional_vid9,9
normal/normal_02734.jpg,normal,additional_vid9,10
normal/normal_02735.jpg,normal,additional_vid9,11
normal/normal_02736.jpg,normal,additional_vid9,12
normal/normal_02737.jpg,normal,additional_vid9,13
normal/normal_02738.jpg,normal,additional_vid9,14
normal/normal_02739.jpg,normal,additional_vid9,15
normal/normal_02740.jpg,normal,additional_vid9,16
normal/normal_02741.jpg,normal,additional_vid9,17
normal/normal_02742.jpg,normal,additional_vid9,18
normal/normal_02743.jpg,normal,additional_vid9,19
normal/normal_02744.jpg,normal,additional_vid9,20
normal/normal_02745.jpg,normal,additional_vid9,21
normal/normal_02746.jpg,normal,additional_vid9,22
normal/normal_02747.jpg,normal,additional_vid9,23
normal/normal_02748.jpg,normal,additional_vid9,24
normal/normal_02749.jpg,normal,additional_vid9,25
normal/normal_02750.jpg,normal,additional_vid9,26
normal/normal_02751.jpg,normal,additional_vid9,27
normal/normal_02752.jpg,normal,additional_vid9,28
normal/normal_02753.jpg,normal,additional_vid9,29
normal/normal_02754.jpg,normal,additional_vid9,30
normal/normal_02755.jpg,normal,additional_vid9,31
normal/normal_02756.jpg,normal,additional_vid9,32
normal/normal_02757.jpg,normal,additional_vid9,33
normal/normal_02758.jpg,normal,additional_vid9,34
normal/normal_02759.jpg,normal,additional_vid9,35
normal/normal_02760.jpg,normal,additional_vid9,36
normal/normal_02761.jpg,normal,additional_vid9,37
normal/normal_02762.jpg,normal,additional_vid9,38
normal/normal_02763.jpg,normal,additional_vid9,39
normal/normal_02764.jpg,normal,additional_vid9,40
normal/normal_02765.jpg,normal,additional_vid9,41
normal/normal_02766.jpg,normal,additional_vid9,42
normal/normal_02767.jpg,normal,additional_vid9,43
normal/normal_02768.jpg,normal,additional_vid9,44
normal/normal_02769.jpg,normal,additional_vid9,45
normal/normal_02770.jpg,normal,additional_vid9,46
normal/normal_02771.jpg,normal,additional_vid9,47
normal/normal_02772.jpg,normal,additional_vid9,48
normal/normal_02773.jpg,normal,additional_vid9,49
normal/normal_02774.jpg,normal,additional_vid9,50
normal/normal_02775.jpg,normal,additional_vid9,51
normal/normal_02776.jpg,normal,additional_vid9,52
normal/normal_02777.jpg,normal,additional_vid9,53
normal/normal_02778.jpg,normal,additional_vid9,54
normal/normal_02779.jpg,normal,additional_vid9,55
normal/normal_02780.jpg,normal,additional_vid9,56
normal/normal_02781.jpg,normal,additional_vid9,57
normal/normal_02782.jpg,normal,old_norm_vid1,1
normal/normal_02783.jpg,normal,old_norm_vid1,2
normal/normal_02784.jpg,normal,old_norm_vid1,3
normal/normal_02785.jpg,normal,old_norm_vid1,4
normal/normal_02786.jpg,normal,old_norm_vid1,5
normal/normal_02787.jpg,normal,old_norm_vid1,6
normal/normal_02788.jpg,normal,old_norm_vid1,7
normal/normal_02789.jpg,normal,old_norm_vid1,8
normal/normal_02790.jpg,normal,old_norm_vid1,9
normal/normal_02791.jpg,normal,old_norm_vid1,10
normal/normal_02792.jpg,normal,old_norm_vid1,11
normal/normal_02793.jpg,normal,old_norm_vid1,12
normal/normal_02794.jpg,normal,old_norm_vid1,13
normal/normal_02795.jpg,normal,old_norm_vid1,14
normal/normal_02796.jpg,normal,old_norm_vid1,15
normal/normal_02797.jpg,normal,old_norm_vid1,16
normal/normal_02798.jpg,normal,old_norm_vid1,17
normal/normal_02799.jpg,normal,old_norm_vid1,18
normal/normal_02800.jpg,normal,old_norm_vid1,19
normal/normal_02801.jpg,normal,old_norm_vid1,20
normal/normal_02802.jpg,normal,old_norm_vid1,21
normal/normal_02803.jpg,normal,old_norm_vid1,22
normal/normal_02804.jpg,normal,old_norm_vid1,23
normal/normal_02805.jpg,normal,old_norm_vid1,24
normal/normal_02806.jpg,normal,old_norm_vid1,25
normal/normal_02807.jpg,normal,old_norm_vid1,26
normal/normal_02808.jpg,normal,old_norm_vid1,27
normal/normal_02809.jpg,normal,old_norm_vid1,28
normal/normal_02810.jpg,normal,old_norm_vid1,29
normal/normal_02811.jpg,normal,old_norm_vid1,30
normal/normal_02812.jpg,normal,old_norm_vid1,31
normal/normal_02813.jpg,normal,old_norm_vid1,32
normal/normal_02814.jpg,normal,old_norm_vid1,33
normal/normal_02815.jpg,normal,old_norm_vid1,34
normal/normal_02816.jpg,normal,old_norm_vid1,35
normal/normal_02817.jpg,normal,old_norm_vid1,36
normal/normal_02818.jpg,normal,old_norm_vid1,37
normal/normal_02819.jpg,normal,old_norm_vid1,38
normal/normal_02820.jpg,normal,old_norm_vid1,39
normal/normal_02821.jpg,normal,old_norm_vid1,40
normal/normal_02822.jpg,normal,old_norm_vid1,41
normal/normal_02823.jpg,normal,old_norm_vid1,42
normal/normal_02824.jpg,normal,old_norm_vid1,43
normal/normal_02825.jpg,normal,old_norm_vid1,44
normal/normal_02826.jpg,normal,old_norm_vid1,45
normal/normal_02827.jpg,normal,old_norm_vid1,46
normal/normal_02828.jpg,normal,old_norm_vid1,47
normal/normal_02829.jpg,normal,old_norm_vid1,48
normal/normal_02830.jpg,normal,old_norm_vid1,49
normal/normal_02831.jpg,normal,old_norm_vid1,50
normal/normal_02832.jpg,normal,old_norm_vid1,51
normal/normal_02833.jpg,normal,old_norm_vid1,52
normal/normal_02834.jpg,normal,old_norm_vid1,53
normal/normal_02835.jpg,normal,old_norm_vid1,54
normal/normal_02836.jpg,normal,old_norm_vid1,55
normal/normal_02837.jpg,normal,old_norm_vid1,56
normal/normal_02838.jpg,normal,old_norm_vid1,57
normal/normal_02839.jpg,normal,old_norm_vid1,58
normal/normal_02840.jpg,normal,old_norm_vid1,59
normal/normal_02841.jpg,normal,old_norm_vid1,60
normal/normal_02842.jpg,normal,old_norm_vid1,61
normal/normal_02843.jpg,normal,old_norm_vid1,62
normal/normal_02844.jpg,normal,old_norm_vid1,63
normal/normal_02845.jpg,normal,old_norm_vid1,64
normal/normal_02846.jpg,normal,old_norm_vid1,65
normal/normal_02847.jpg,normal,old_norm_vid1,66
normal/normal_02848.jpg,normal,old_norm_vid1,67
normal/normal_02849.jpg,normal,old_norm_vid1,68
normal/normal_02850.jpg,normal,old_norm_vid1,69
normal/normal_02851.jpg,normal,old_norm_vid1,70
normal/normal_02852.jpg,normal,old_norm_vid1,71
normal/normal_02853.jpg,normal,old_norm_vid1,72
normal/normal_02854.jpg,normal,old_norm_vid1,73
normal/normal_02855.jpg,normal,old_norm_vid1,74
normal/normal_02856.jpg,normal,old_norm_vid1,75
normal/normal_02857.jpg,normal,old_norm_vid1,76
normal/normal_02858.jpg,normal,old_norm_vid1,77
normal/normal_02859.jpg,normal,old_norm_vid1,78
normal/normal_02860.jpg,normal,old_norm_vid1,79
normal/normal_02861.jpg,normal,old_norm_vid1,80
normal/normal_02862.jpg,normal,old_norm_vid1,81
normal/normal_02863.jpg,normal,old_norm_vid1,82
normal/normal_02864.jpg,normal,old_norm_vid1,83
normal/normal_02865.jpg,normal,old_norm_vid1,84
normal/normal_02866.jpg,normal,old_norm_vid1,85
normal/normal_02867.jpg,normal,old_norm_vid1,86
normal/normal_02868.jpg,normal,old_norm_vid1,87
normal/normal_02869.jpg,normal,old_norm_vid1,88
normal/normal_02870.jpg,normal,old_norm_vid1,89
normal/normal_02871.jpg,normal,old_norm_vid1,90
normal/normal_02872.jpg,normal,old_norm_vid1,91
normal/normal_02873.jpg,normal,old_norm_vid1,92
normal/normal_02874.jpg,normal,old_norm_vid1,93
normal/normal_02875.jpg,normal,old_norm_vid1,94
normal/normal_02876.jpg,normal,old_norm_vid1,95
normal/normal_02877.jpg,normal,old_norm_vid1,96
normal/normal_02878.jpg,normal,old_norm_vid1,97
normal/normal_02879.jpg,normal,old_norm_vid1,98
normal/normal_02880.jpg,normal,old_norm_vid1,99
normal/normal_02881.jpg,normal,old_norm_vid1,100
normal/normal_02882.jpg,normal,old_norm_vid1,101
normal/normal_02883.jpg,normal,old_norm_vid1,102
normal/normal_02884.jpg,normal,old_norm_vid1,103
normal/normal_02885.jpg,normal,old_norm_vid1,104
normal/normal_02886.jpg,normal,old_norm_vid1,105
normal/normal_02887.jpg,normal,old_norm_vid1,106
normal/normal_02888.jpg,normal,old_norm_vid1,107
normal/normal_02889.jpg,normal,old_norm_vid1,108
normal/normal_02890.jpg,normal,old_norm_vid1,109
normal/normal_02891.jpg,normal,old_norm_vid1,110
normal/normal_02892.jpg,normal,old_norm_vid1,111
normal/normal_02893.jpg,normal,old_norm_vid1,112
normal/normal_02894.jpg,normal,old_norm_vid1,113
normal/normal_02895.jpg,normal,old_norm_vid1,114
normal/normal_02896.jpg,normal,old_norm_vid1,115
normal/normal_02897.jpg,normal,old_norm_vid1,116
normal/normal_02898.jpg,normal,old_norm_vid1,117
normal/normal_02899.jpg,normal,old_norm_vid1,118
normal/normal_02900.jpg,normal,old_norm_vid1,119
normal/normal_02901.jpg,normal,old_norm_vid1,120
normal/normal_02902.jpg,normal,old_norm_vid1,121
normal/normal_02903.jpg,normal,old_norm_vid1,122
normal/normal_02904.jpg,normal,old_norm_vid1,123
normal/normal_02905.jpg,normal,old_norm_vid1,124
normal/normal_02906.jpg,normal,old_norm_vid1,125
normal/normal_02907.jpg,normal,old_norm_vid1,126
normal/normal_02908.jpg,normal,old_norm_vid1,127
normal/normal_02909.jpg,normal,old_norm_vid1,128
normal/normal_02910.jpg,normal,old_norm_vid1,129
normal/normal_02911.jpg,normal,old_norm_vid1,130
normal/normal_02912.jpg,normal,old_norm_vid1,131
normal/normal_02913.jpg,normal,old_norm_vid1,132
normal/normal_02914.jpg,normal,old_norm_vid1,133
normal/normal_02915.jpg,normal,old_norm_vid1,134
normal/normal_02916.jpg,normal,old_norm_vid1,135
normal/normal_02917.jpg,normal,old_norm_vid1,136
normal/normal_02918.jpg,normal,old_norm_vid1,137
normal/normal_02919.jpg,normal,old_norm_vid1,138
normal/normal_02920.jpg,normal,old_norm_vid1,139
normal/normal_02921.jpg,normal,old_norm_vid2,1
normal/normal_02922.jpg,normal,old_norm_vid2,2
normal/normal_02923.jpg,normal,old_norm_vid2,3
normal/normal_02924.jpg,normal,old_norm_vid2,4
normal/normal_02925.jpg,normal,old_norm_vid2,5
normal/normal_02926.jpg,normal,old_norm_vid2,6
normal/normal_02927.jpg,normal,old_norm_vid2,7
normal/normal_02928.jpg,normal,old_norm_vid2,8
normal/normal_02929.jpg,normal,old_norm_vid2,9
normal/normal_02930.jpg,normal,old_norm_vid2,10
normal/normal_02931.jpg,normal,old_norm_vid2,11
normal/normal_02932.jpg,normal,old_norm_vid2,12
normal/normal_02933.jpg,normal,old_norm_vid2,13
normal/normal_02934.jpg,normal,old_norm_vid2,14
normal/normal_02935.jpg,normal,old_norm_vid2,15
normal/normal_02936.jpg,normal,old_norm_vid2,16
normal/normal_02937.jpg,normal,old_norm_vid2,17
normal/normal_02938.jpg,normal,old_norm_vid2,18
normal/normal_02939.jpg,normal,old_norm_vid2,19
normal/normal_02940.jpg,normal,old_norm_vid2,20
normal/normal_02941.jpg,normal,old_norm_vid2,21
normal/normal_02942.jpg,normal,old_norm_vid2,22
normal/normal_02943.jpg,normal,old_norm_vid2,23
normal/normal_02944.jpg,normal,old_norm_vid2,24
normal/normal_02945.jpg,normal,old_norm_vid2,25
normal/normal_02946.jpg,normal,old_norm_vid2,26
normal/normal_02947.jpg,normal,old_norm_vid2,27
normal/normal_02948.jpg,normal,old_norm_vid2,28
normal/normal_02949.jpg,normal,old_norm_vid2,29
normal/normal_02950.jpg,normal,old_norm_vid2,30
normal/normal_02951.jpg,normal,old_norm_vid2,31
normal/normal_02952.jpg,normal,old_norm_vid2,32
normal/normal_02953.jpg,normal,old_norm_vid2,33
normal/normal_02954.jpg,normal,old_norm_vid2,34
normal/normal_02955.jpg,normal,old_norm_vid2,35
normal/normal_02956.jpg,normal,old_norm_vid2,36
normal/normal_02957.jpg,normal,old_norm_vid2,37
normal/normal_02958.jpg,normal,old_norm_vid2,38
normal/normal_02959.jpg,normal,old_norm_vid2,39
normal/normal_02960.jpg,normal,old_norm_vid2,40
normal/normal_02961.jpg,normal,old_norm_vid2,41
normal/normal_02962.jpg,normal,old_norm_vid2,42
normal/normal_02963.jpg,normal,old_norm_vid2,43
normal/normal_02964.jpg,normal,old_norm_vid2,44
normal/normal_02965.jpg,normal,old_norm_vid2,45
normal/normal_02966.jpg,normal,old_norm_vid2,46
normal/normal_02967.jpg,normal,old_norm_vid2,47
normal/normal_02968.jpg,normal,old_norm_vid2,48
normal/normal_02969.jpg,normal,old_norm_vid2,49
normal/normal_02970.jpg,normal,old_norm_vid2,50
normal/normal_02971.jpg,normal,old_norm_vid2,51
normal/normal_02972.jpg,normal,old_norm_vid2,52
normal/normal_02973.jpg,normal,old_norm_vid2,53
normal/normal_02974.jpg,normal,old_norm_vid2,54
normal/normal_02975.jpg,normal,old_norm_vid2,55
normal/normal_02976.jpg,normal,old_norm_vid2,56
normal/normal_02977.jpg,normal,old_norm_vid2,57
normal/normal_02978.jpg,normal,old_norm_vid2,58
normal/normal_02979.jpg,normal,old_norm_vid2,59
normal/normal_02980.jpg,normal,old_norm_vid2,60
normal/normal_02981.jpg,normal,old_norm_vid2,61
normal/normal_02982.jpg,normal,old_norm_vid2,62
normal/normal_02983.jpg,normal,old_norm_vid2,63
normal/normal_02984.jpg,normal,old_norm_vid2,64
normal/normal_02985.jpg,normal,old_norm_vid2,65
normal/normal_02986.jpg,normal,old_norm_vid2,66
normal/normal_02987.jpg,normal,old_norm_vid2,67
normal/normal_02988.jpg,normal,old_norm_vid2,68
normal/normal_02989.jpg,normal,old_norm_vid2,69
normal/normal_02990.jpg,normal,old_norm_vid2,70
normal/normal_02991.jpg,normal,old_norm_vid2,71
normal/normal_02992.jpg,normal,old_norm_vid2,72
normal/normal_02993.jpg,normal,old_norm_vid2,73
normal/normal_02994.jpg,normal,old_norm_vid2,74
normal/normal_02995.jpg,normal,old_norm_vid2,75
normal/normal_02996.jpg,normal,old_norm_vid2,76
normal/normal_02997.jpg,normal,old_norm_vid2,77
normal/normal_02998.jpg,normal,old_norm_vid2,78
normal/normal_02999.jpg,normal,old_norm_vid2,79
normal/normal_03000.jpg,normal,old_norm_vid2,80
normal/normal_03001.jpg,normal,old_norm_vid2,81
normal/normal_03002.jpg,normal,old_norm_vid2,82
normal/normal_03003.jpg,normal,old_norm_vid2,83
normal/normal_03004.jpg,normal,old_norm_vid2,84
normal/normal_03005.jpg,normal,old_norm_vid2,85
normal/normal_03006.jpg,normal,old_norm_vid2,86
normal/normal_03007.jpg,normal,old_norm_vid2,87
normal/normal_03008.jpg,normal,old_norm_vid2,88
normal/normal_03009.jpg,normal,old_norm_vid2,89
normal/normal_03010.jpg,normal,old_norm_vid2,90
normal/normal_03011.jpg,normal,old_norm_vid2,91
normal/normal_03012.jpg,normal,old_norm_vid2,92
normal/normal_03013.jpg,normal,old_norm_vid2,93
normal/normal_03014.jpg,normal,old_norm_vid2,94
normal/normal_03015.jpg,normal,old_norm_vid2,95
normal/normal_03016.jpg,normal,old_norm_vid2,96
normal/normal_03017.jpg,normal,old_norm_vid2,97
normal/normal_03018.jpg,normal,old_norm_vid2,98
normal/normal_03019.jpg,normal,old_norm_vid2,99
normal/normal_03020.jpg,normal,old_norm_vid2,100
normal/normal_03021.jpg,normal,old_norm_vid2,101
normal/normal_03022.jpg,normal,old_norm_vid2,102
normal/normal_03023.jpg,normal,old_norm_vid2,103
normal/normal_03024.jpg,normal,old_norm_vid2,104
normal/normal_03025.jpg,normal,old_norm_vid2,105
normal/normal_03026.jpg,normal,old_norm_vid2,106
normal/normal_03027.jpg,normal,old_norm_vid2,107
normal/normal_03028.jpg,normal,old_norm_vid2,108
normal/normal_03029.jpg,normal,old_norm_vid2,109
normal/normal_03030.jpg,normal,old_norm_vid2,110
normal/normal_03031.jpg,normal,old_norm_vid2,111
normal/normal_03032.jpg,normal,old_norm_vid2,112
normal/normal_03033.jpg,normal,old_norm_vid2,113
normal/normal_03034.jpg,normal,old_norm_vid2,114
normal/normal_03035.jpg,normal,old_norm_vid2,115
normal/normal_03036.jpg,normal,old_norm_vid2,116
normal/normal_03037.jpg,normal,old_norm_vid2,117
normal/normal_03038.jpg,normal,old_norm_vid2,118
normal/normal_03039.jpg,normal,old_norm_vid2,119
normal/normal_03040.jpg,normal,old_norm_vid2,120
normal/normal_03041.jpg,normal,old_norm_vid2,121
normal/normal_03042.jpg,normal,old_norm_vid2,122
normal/normal_03043.jpg,normal,old_norm_vid2,123
normal/normal_03044.jpg,normal,old_norm_vid2,124
normal/normal_03045.jpg,normal,old_norm_vid2,125
normal/normal_03046.jpg,normal,old_norm_vid2,126
normal/normal_03047.jpg,normal,old_norm_vid2,127
normal/normal_03048.jpg,normal,old_norm_vid2,128
normal/normal_03049.jpg,normal,old_norm_vid2,129
normal/normal_03050.jpg,normal,old_norm_vid2,130
normal/normal_03051.jpg,normal,old_norm_vid2,131
normal/normal_03052.jpg,normal,old_norm_vid2,132
normal/normal_03053.jpg,normal,old_norm_vid3,1
normal/normal_03054.jpg,normal,old_norm_vid3,2
normal/normal_03055.jpg,normal,old_norm_vid3,3
normal/normal_03056.jpg,normal,old_norm_vid3,4
normal/normal_03057.jpg,normal,old_norm_vid3,5
normal/normal_03058.jpg,normal,old_norm_vid3,6
normal/normal_03059.jpg,normal,old_norm_vid3,7
normal/normal_03060.jpg,normal,old_norm_vid3,8
normal/normal_03061.jpg,normal,old_norm_vid3,9
normal/normal_03062.jpg,normal,old_norm_vid3,10
normal/normal_03063.jpg,normal,old_norm_vid3,11
normal/normal_03064.jpg,normal,old_norm_vid3,12
normal/normal_03065.jpg,normal,old_norm_vid3,13
normal/normal_03066.jpg,normal,old_norm_vid3,14
normal/normal_03067.jpg,normal,old_norm_vid3,15
normal/normal_03068.jpg,normal,old_norm_vid3,16
normal/normal_03069.jpg,normal,old_norm_vid3,17
normal/normal_03070.jpg,normal,old_norm_vid3,18
normal/normal_03071.jpg,normal,old_norm_vid3,19
normal/normal_03072.jpg,normal,old_norm_vid3,20
normal/normal_03073.jpg,normal,old_norm_vid3,21
normal/normal_03074.jpg,normal,old_norm_vid3,22
normal/normal_03075.jpg,normal,old_norm_vid3,23
normal/normal_03076.jpg,normal,old_norm_vid3,24
normal/normal_03077.jpg,normal,old_norm_vid3,25
normal/normal_03078.jpg,normal,old_norm_vid3,26
normal/normal_03079.jpg,normal,old_norm_vid3,27
normal/normal_03080.jpg,normal,old_norm_vid3,28
normal/normal_03081.jpg,normal,old_norm_vid3,29
normal/normal_03082.jpg,normal,old_norm_vid3,30
normal/normal_03083.jpg,normal,old_norm_vid3,31
normal/normal_03084.jpg,normal,old_norm_vid3,32
normal/normal_03085.jpg,normal,old_norm_vid3,33
normal/normal_03086.jpg,normal,old_norm_vid3,34
normal/normal_03087.jpg,normal,old_norm_vid3,35
normal/normal_03088.jpg,normal,old_norm_vid3,36
normal/normal_03089.jpg,normal,old_norm_vid3,37
normal/normal_03090.jpg,normal,old_norm_vid3,38
normal/normal_03091.jpg,normal,old_norm_vid3,39
normal/normal_03092.jpg,normal,old_norm_vid3,40
normal/normal_03093.jpg,normal,old_norm_vid3,41
normal/normal_03094.jpg,normal,old_norm_vid3,42
normal/normal_03095.jpg,normal,old_norm_vid3,43
normal/normal_03096.jpg,normal,old_norm_vid3,44
normal/normal_03097.jpg,normal,old_norm_vid3,45
normal/normal_03098.jpg,normal,old_norm_vid3,46
normal/normal_03099.jpg,normal,old_norm_vid3,47
normal/normal_03100.jpg,normal,old_norm_vid3,48
normal/normal_03101.jpg,normal,old_norm_vid3,49
normal/normal_03102.jpg,normal,old_norm_vid3,50
normal/normal_03103.jpg,normal,old_norm_vid3,51
normal/normal_03104.jpg,normal,old_norm_vid3,52
normal/normal_03105.jpg,normal,old_norm_vid3,53
normal/normal_03106.jpg,normal,old_norm_vid3,54
normal/normal_03107.jpg,normal,old_norm_vid3,55
normal/normal_03108.jpg,normal,old_norm_vid3,56
normal/normal_03109.jpg,normal,old_norm_vid3,57
normal/normal_03110.jpg,normal,old_norm_vid3,58
normal/normal_03111.jpg,normal,old_norm_vid3,59
normal/normal_03112.jpg,normal,old_norm_vid3,60
normal/normal_03113.jpg,normal,old_norm_vid3,61
normal/normal_03114.jpg,normal,old_norm_vid3,62
normal/normal_03115.jpg,normal,old_norm_vid3,63
normal/normal_03116.jpg,normal,old_norm_vid3,64
normal/normal_03117.jpg,normal,old_norm_vid3,65
normal/normal_03118.jpg,normal,old_norm_vid3,66
normal/normal_03119.jpg,normal,old_norm_vid3,67
normal/normal_03120.jpg,normal,old_norm_vid3,68
normal/normal_03121.jpg,normal,old_norm_vid3,69
normal/normal_03122.jpg,normal,old_norm_vid3,70
normal/normal_03123.jpg,normal,old_norm_vid3,71
normal/normal_03124.jpg,normal,old_norm_vid3,72
normal/normal_03125.jpg,normal,old_norm_vid3,73
normal/normal_03126.jpg,normal,old_norm_vid3,74
normal/normal_03127.jpg,normal,old_norm_vid3,75
normal/normal_03128.jpg,normal,old_norm_vid4,1
normal/normal_03129.jpg,normal,old_norm_vid4,2
normal/normal_03130.jpg,normal,old_norm_vid4,3
normal/normal_03131.jpg,normal,old_norm_vid4,4
normal/normal_03132.jpg,normal,old_norm_vid4,5
normal/normal_03133.jpg,normal,old_norm_vid4,6
normal/normal_03134.jpg,normal,old_norm_vid4,7
normal/normal_03135.jpg,normal,old_norm_vid4,8
normal/normal_03136.jpg,normal,old_norm_vid4,9
normal/normal_03137.jpg,normal,old_norm_vid4,10
normal/normal_03138.jpg,normal,old_norm_vid4,11
normal/normal_03139.jpg,normal,old_norm_vid4,12
normal/normal_03140.jpg,normal,old_norm_vid4,13
normal/normal_03141.jpg,normal,old_norm_vid4,14
normal/normal_03142.jpg,normal,old_norm_vid4,15
normal/normal_03143.jpg,normal,old_norm_vid4,16
normal/normal_03144.jpg,normal,old_norm_vid4,17
normal/normal_03145.jpg,normal,old_norm_vid4,18
normal/normal_03146.jpg,normal,old_norm_vid4,19
normal/normal_03147.jpg,normal,old_norm_vid4,20
normal/normal_03148.jpg,normal,old_norm_vid4,21
normal/normal_03149.jpg,normal,old_norm_vid4,22
normal/normal_03150.jpg,normal,old_norm_vid4,23
normal/normal_03151.jpg,normal,old_norm_vid4,24
normal/normal_03152.jpg,normal,old_norm_vid4,25
normal/normal_03153.jpg,normal,old_norm_vid4,26
normal/normal_03154.jpg,normal,old_norm_vid4,27
normal/normal_03155.jpg,normal,old_norm_vid4,28
normal/normal_03156.jpg,normal,old_norm_vid4,29
normal/normal_03157.jpg,normal,old_norm_vid4,30
normal/normal_03158.jpg,normal,old_norm_vid4,31
normal/normal_03159.jpg,normal,old_norm_vid4,32
normal/normal_03160.jpg,normal,old_norm_vid4,33
normal/normal_03161.jpg,normal,old_norm_vid4,34
normal/normal_03162.jpg,normal,old_norm_vid4,35
normal/normal_03163.jpg,normal,old_norm_vid4,36
normal/normal_03164.jpg,normal,old_norm_vid4,37
normal/normal_03165.jpg,normal,old_norm_vid4,38
normal/normal_03166.jpg,normal,old_norm_vid4,39
normal/normal_03167.jpg,normal,old_norm_vid4,40
normal/normal_03168.jpg,normal,old_norm_vid4,41
normal/normal_03169.jpg,normal,old_norm_vid4,42
normal/normal_03170.jpg,normal,old_norm_vid4,43
normal/normal_03171.jpg,normal,old_norm_vid4,44
normal/normal_03172.jpg,normal,old_norm_vid4,45
normal/normal_03173.jpg,normal,old_norm_vid4,46
normal/normal_03174.jpg,normal,old_norm_vid4,47
normal/normal_03175.jpg,normal,old_norm_vid4,48
normal/normal_03176.jpg,normal,old_norm_vid4,49
normal/normal_03177.jpg,normal,old_norm_vid4,50
normal/normal_03178.jpg,normal,old_norm_vid4,51
normal/normal_03179.jpg,normal,old_norm_vid4,52
normal/normal_03180.jpg,normal,old_norm_vid4,53
normal/normal_03181.jpg,normal,old_norm_vid4,54
normal/normal_03182.jpg,normal,old_norm_vid4,55
normal/normal_03183.jpg,normal,old_norm_vid4,56
normal/normal_03184.jpg,normal,old_norm_vid4,57
normal/normal_03185.jpg,normal,old_norm_vid4,58
normal/normal_03186.jpg,normal,old_norm_vid4,59
normal/normal_03187.jpg,normal,old_norm_vid4,60
normal/normal_03188.jpg,normal,old_norm_vid4,61
normal/normal_03189.jpg,normal,old_norm_vid4,62
normal/normal_03190.jpg,normal,old_norm_vid4,63
normal/normal_03191.jpg,normal,old_norm_vid4,64
normal/normal_03192.jpg,normal,old_norm_vid4,65
normal/normal_03193.jpg,normal,old_norm_vid4,66
normal/normal_03194.jpg,normal,old_norm_vid4,67
normal/normal_03195.jpg,normal,old_norm_vid4,68
normal/normal_03196.jpg,normal,old_norm_vid4,69
normal/normal_03197.jpg,normal,old_norm_vid4,70
normal/normal_03198.jpg,normal,old_norm_vid4,71
normal/normal_03199.jpg,normal,old_norm_vid4,72
normal/normal_03200.jpg,normal,old_norm_vid4,73
normal/normal_03201.jpg,normal,old_norm_vid4,74
normal/normal_03202.jpg,normal,old_norm_vid4,75
normal/normal_03203.jpg,normal,old_norm_vid4,76
normal/normal_03204.jpg,normal,old_norm_vid4,77
normal/normal_03205.jpg,normal,old_norm_vid4,78
normal/normal_03206.jpg,normal,old_norm_vid4,79
normal/normal_03207.jpg,normal,old_norm_vid4,80
normal/normal_03208.jpg,normal,old_norm_vid4,81
normal/normal_03209.jpg,normal,old_norm_vid4,82
normal/normal_03210.jpg,normal,old_norm_vid4,83
normal/normal_03211.jpg,normal,old_norm_vid4,84
normal/normal_03212.jpg,normal,old_norm_vid4,85
normal/normal_03213.jpg,normal,old_norm_vid4,86
normal/normal_03214.jpg,normal,old_norm_vid4,87
normal/normal_03215.jpg,normal,old_norm_vid4,88
normal/normal_03216.jpg,normal,old_norm_vid4,89
normal/normal_03217.jpg,normal,old_norm_vid4,90
normal/normal_03218.jpg,normal,old_norm_vid4,91
normal/normal_03219.jpg,normal,old_norm_vid4,92
normal/normal_03220.jpg,normal,old_norm_vid4,93
normal/normal_03221.jpg,normal,old_norm_vid4,94
normal/normal_03222.jpg,normal,old_norm_vid4,95
normal/normal_03223.jpg,normal,old_norm_vid4,96
normal/normal_03224.jpg,normal,old_norm_vid4,97
normal/normal_03225.jpg,normal,old_norm_vid4,98
normal/normal_03226.jpg,normal,old_norm_vid4,99
normal/normal_03227.jpg,normal,old_norm_vid4,100
normal/normal_03228.jpg,normal,old_norm_vid4,101
normal/normal_03229.jpg,normal,old_norm_vid4,102
normal/normal_03230.jpg,normal,old_norm_vid4,103
normal/normal_03231.jpg,normal,old_norm_vid4,104
normal/normal_03232.jpg,normal,old_norm_vid4,105
normal/normal_03233.jpg,normal,old_norm_vid4,106
normal/normal_03234.jpg,normal,old_norm_vid4,107
normal/normal_03235.jpg,normal,old_norm_vid4,108
normal/normal_03236.jpg,normal,old_norm_vid4,109
normal/normal_03237.jpg,normal,old_norm_vid4,110
normal/normal_03238.jpg,normal,old_norm_vid4,111
normal/normal_03239.jpg,normal,old_norm_vid4,112
normal/normal_03240.jpg,normal,old_norm_vid4,113
normal/normal_03241.jpg,normal,old_norm_vid4,114
normal/normal_03242.jpg,normal,old_norm_vid4,115
normal/normal_03243.jpg,normal,old_norm_vid4,116
normal/normal_03244.jpg,normal,old_norm_vid4,117
normal/normal_03245.jpg,normal,old_norm_vid4,118
normal/normal_03246.jpg,normal,old_norm_vid4,119
normal/normal_03247.jpg,normal,old_norm_vid4,120
normal/normal_03248.jpg,normal,old_norm_vid4,121
normal/normal_03249.jpg,normal,old_norm_vid4,122
normal/normal_03250.jpg,normal,old_norm_vid4,123
normal/normal_03251.jpg,normal,old_norm_vid4,124
normal/normal_03252.jpg,normal,old_norm_vid4,125
normal/normal_03253.jpg,normal,old_norm_vid4,126
normal/normal_03254.jpg,normal,old_norm_vid4,127
normal/normal_03255.jpg,normal,old_norm_vid4,128
normal/normal_03256.jpg,normal,old_norm_vid4,129
normal/normal_03257.jpg,normal,old_norm_vid4,130
normal/normal_03258.jpg,normal,old_norm_vid4,131
normal/normal_03259.jpg,normal,old_norm_vid4,132
normal/normal_03260.jpg,normal,old_norm_vid4,133
normal/normal_03261.jpg,normal,old_norm_vid4,134
normal/normal_03262.jpg,normal,old_norm_vid4,135
normal/normal_03263.jpg,normal,old_norm_vid4,136
normal/normal_03264.jpg,normal,old_norm_vid4,137
normal/normal_03265.jpg,normal,old_norm_vid4,138
normal/normal_03266.jpg,normal,old_norm_vid4,139
normal/normal_03267.jpg,normal,old_norm_vid4,140
normal/normal_03268.jpg,normal,old_norm_vid4,141
normal/normal_03269.jpg,normal,old_norm_vid4,142
normal/normal_03270.jpg,normal,old_norm_vid4,143
normal/normal_03271.jpg,normal,old_norm_vid4,144
normal/normal_03272.jpg,normal,old_norm_vid4,145
normal/normal_03273.jpg,normal,old_norm_vid4,146
normal/normal_03274.jpg,normal,old_norm_vid4,147
normal/normal_03275.jpg,normal,old_norm_vid4,148
normal/normal_03276.jpg,normal,old_norm_vid4,149
normal/normal_03277.jpg,normal,old_norm_vid4,150
normal/normal_03278.jpg,normal,old_norm_vid4,151
normal/normal_03279.jpg,normal,old_norm_vid4,152
normal/normal_03280.jpg,normal,old_norm_vid4,153
normal/normal_03281.jpg,normal,old_norm_vid4,154
normal/normal_03282.jpg,normal,old_norm_vid4,155
normal/normal_03283.jpg,normal,old_norm_vid4,156
normal/normal_03284.jpg,normal,old_norm_vid4,157
normal/normal_03285.jpg,normal,old_norm_vid4,158
normal/normal_03286.jpg,normal,old_norm_vid4,159
normal/normal_03287.jpg,normal,old_norm_vid4,160
normal/normal_03288.jpg,normal,old_norm_vid4,161
normal/normal_03289.jpg,normal,old_norm_vid4,162
normal/normal_03290.jpg,normal,old_norm_vid4,163
normal/normal_03291.jpg,normal,old_norm_vid4,164
normal/normal_03292.jpg,normal,old_norm_vid4,165
normal/normal_03293.jpg,normal,old_norm_vid4,166
normal/normal_03294.jpg,normal,old_norm_vid4,167
normal/normal_03295.jpg,normal,old_norm_vid4,168
normal/normal_03296.jpg,normal,old_norm_vid4,169
normal/normal_03297.jpg,normal,old_norm_vid4,170
normal/normal_03298.jpg,normal,old_norm_vid4,171
normal/normal_03299.jpg,normal,old_norm_vid4,172
normal/normal_03300.jpg,normal,old_norm_vid4,173
normal/normal_03301.jpg,normal,old_norm_vid4,174
normal/normal_03302.jpg,normal,old_norm_vid4,175
normal/normal_03303.jpg,normal,old_norm_vid4,176
normal/normal_03304.jpg,normal,old_norm_vid4,177
normal/normal_03305.jpg,normal,old_norm_vid4,178
normal/normal_03306.jpg,normal,old_norm_vid4,179
normal/normal_03307.jpg,normal,old_norm_vid4,180
normal/normal_03308.jpg,normal,old_norm_vid4,181
normal/normal_03309.jpg,normal,old_norm_vid4,182
normal/normal_03310.jpg,normal,old_norm_vid4,183
normal/normal_03311.jpg,normal,old_norm_vid4,184
normal/normal_03312.jpg,normal,old_norm_vid4,185
normal/normal_03313.jpg,normal,old_norm_vid4,186
normal/normal_03314.jpg,normal,old_norm_vid4,187
normal/normal_03315.jpg,normal,old_norm_vid4,188
normal/normal_03316.jpg,normal,old_norm_vid4,189
normal/normal_03317.jpg,normal,old_norm_vid5,1
normal/normal_03318.jpg,normal,old_norm_vid5,2
normal/normal_03319.jpg,normal,old_norm_vid5,3
normal/normal_03320.jpg,normal,old_norm_vid5,4
normal/normal_03321.jpg,normal,old_norm_vid5,5
normal/normal_03322.jpg,normal,old_norm_vid5,6
normal/normal_03323.jpg,normal,old_norm_vid5,7
normal/normal_03324.jpg,normal,old_norm_vid5,8
normal/normal_03325.jpg,normal,old_norm_vid5,9
normal/normal_03326.jpg,normal,old_norm_vid5,10
normal/normal_03327.jpg,normal,old_norm_vid5,11
normal/normal_03328.jpg,normal,old_norm_vid5,12
normal/normal_03329.jpg,normal,old_norm_vid5,13
normal/normal_03330.jpg,normal,old_norm_vid5,14
normal/normal_03331.jpg,normal,old_norm_vid5,15
normal/normal_03332.jpg,normal,old_norm_vid5,16
normal/normal_03333.jpg,normal,old_norm_vid5,17
normal/normal_03334.jpg,normal,old_norm_vid5,18
normal/normal_03335.jpg,normal,old_norm_vid5,19
normal/normal_03336.jpg,normal,old_norm_vid5,20
normal/normal_03337.jpg,normal,old_norm_vid5,21
normal/normal_03338.jpg,normal,old_norm_vid5,22
normal/normal_03339.jpg,normal,old_norm_vid5,23
normal/normal_03340.jpg,normal,old_norm_vid5,24
normal/normal_03341.jpg,normal,old_norm_vid5,25
normal/normal_03342.jpg,normal,old_norm_vid5,26
normal/normal_03343.jpg,normal,old_norm_vid5,27
normal/normal_03344.jpg,normal,old_norm_vid5,28
normal/normal_03345.jpg,normal,old_norm_vid5,29
normal/normal_03346.jpg,normal,old_norm_vid5,30
normal/normal_03347.jpg,normal,old_norm_vid5,31
normal/normal_03348.jpg,normal,old_norm_vid5,32
normal/normal_03349.jpg,normal,old_norm_vid5,33
normal/normal_03350.jpg,normal,old_norm_vid5,34
normal/normal_03351.jpg,normal,old_norm_vid5,35
normal/normal_03352.jpg,normal,old_norm_vid5,36
normal/normal_03353.jpg,normal,old_norm_vid5,37
normal/normal_03354.jpg,normal,old_norm_vid5,38
normal/normal_03355.jpg,normal,old_norm_vid5,39
normal/normal_03356.jpg,normal,old_norm_vid5,40
normal/normal_03357.jpg,normal,old_norm_vid5,41
normal/normal_03358.jpg,normal,old_norm_vid5,42
normal/normal_03359.jpg,normal,old_norm_vid5,43
normal/normal_03360.jpg,normal,old_norm_vid5,44
normal/normal_03361.jpg,normal,old_norm_vid5,45
normal/normal_03362.jpg,normal,old_norm_vid5,46
normal/normal_03363.jpg,normal,old_norm_vid5,47
normal/normal_03364.jpg,normal,old_norm_vid5,48
normal/normal_03365.jpg,normal,old_norm_vid5,49
normal/normal_03366.jpg,normal,old_norm_vid5,50
normal/normal_03367.jpg,normal,old_norm_vid5,51
normal/normal_03368.jpg,normal,old_norm_vid5,52
normal/normal_03369.jpg,normal,old_norm_vid5,53
normal/normal_03370.jpg,normal,old_norm_vid5,54
normal/normal_03371.jpg,normal,old_norm_vid5,55
normal/normal_03372.jpg,normal,old_norm_vid5,56
normal/normal_03373.jpg,normal,old_norm_vid5,57
normal/normal_03374.jpg,normal,old_norm_vid5,58
normal/normal_03375.jpg,normal,old_norm_vid5,59
normal/normal_03376.jpg,normal,old_norm_vid5,60
normal/normal_03377.jpg,normal,old_norm_vid5,61
normal/normal_03378.jpg,normal,old_norm_vid5,62
normal/normal_03379.jpg,normal,old_norm_vid5,63
normal/normal_03380.jpg,normal,old_norm_vid5,64
normal/normal_03381.jpg,normal,old_norm_vid5,65
normal/normal_03382.jpg,normal,old_norm_vid5,66
normal/normal_03383.jpg,normal,old_norm_vid5,67
normal/normal_03384.jpg,normal,old_norm_vid5,68
normal/normal_03385.jpg,normal,old_norm_vid5,69
normal/normal_03386.jpg,normal,old_norm_vid5,70
normal/normal_03387.jpg,normal,old_norm_vid5,71
normal/normal_03388.jpg,normal,old_norm_vid5,72
normal/normal_03389.jpg,normal,old_norm_vid5,73
normal/normal_03390.jpg,normal,old_norm_vid5,74
normal/normal_03391.jpg,normal,old_norm_vid5,75
normal/normal_03392.jpg,normal,old_norm_vid5,76
normal/normal_03393.jpg,normal,old_norm_vid5,77
normal/normal_03394.jpg,normal,old_norm_vid5,78
normal/normal_03395.jpg,normal,old_norm_vid5,79
normal/normal_03396.jpg,normal,old_norm_vid5,80
normal/normal_03397.jpg,normal,old_norm_vid5,81
normal/normal_03398.jpg,normal,old_norm_vid5,82
normal/normal_03399.jpg,normal,old_norm_vid5,83
normal/normal_03400.jpg,normal,old_norm_vid5,84
normal/normal_03401.jpg,normal,old_norm_vid5,85
normal/normal_03402.jpg,normal,old_norm_vid5,86
normal/normal_03403.jpg,normal,old_norm_vid5,87
normal/normal_03404.jpg,normal,old_norm_vid5,88
normal/normal_03405.jpg,normal,old_norm_vid5,89
normal/normal_03406.jpg,normal,old_norm_vid5,90
normal/normal_03407.jpg,normal,old_norm_vid5,91
normal/normal_03408.jpg,normal,old_norm_vid5,92
normal/normal_03409.jpg,normal,old_norm_vid5,93
normal/normal_03410.jpg,normal,old_norm_vid5,94
normal/normal_03411.jpg,normal,old_norm_vid5,95
normal/normal_03412.jpg,normal,old_norm_vid5,96
normal/normal_03413.jpg,normal,old_norm_vid5,97
normal/normal_03414.jpg,normal,old_norm_vid5,98
normal/normal_03415.jpg,normal,old_norm_vid5,99
normal/normal_03416.jpg,normal,old_norm_vid5,100
normal/normal_03417.jpg,normal,old_norm_vid5,101
normal/normal_03418.jpg,normal,old_norm_vid5,102
normal/normal_03419.jpg,normal,old_norm_vid5,103
normal/normal_03420.jpg,normal,old_norm_vid5,104
normal/normal_03421.jpg,normal,old_norm_vid5,105
normal/normal_03422.jpg,normal,old_norm_vid5,106
normal/normal_03423.jpg,normal,old_norm_vid5,107
normal/normal_03424.jpg,normal,old_norm_vid5,108
normal/normal_03425.jpg,normal,old_norm_vid5,109
normal/normal_03426.jpg,normal,old_norm_vid5,110
normal/normal_03427.jpg,normal,old_norm_vid5,111
normal/normal_03428.jpg,normal,old_norm_vid5,112
normal/normal_03429.jpg,normal,old_norm_vid5,113
normal/normal_03430.jpg,normal,old_norm_vid5,114
normal/normal_03431.jpg,normal,old_norm_vid5,115
normal/normal_03432.jpg,normal,old_norm_vid5,116
normal/normal_03433.jpg,normal,old_norm_vid5,117
normal/normal_03434.jpg,normal,old_norm_vid5,118
normal/normal_03435.jpg,normal,old_norm_vid5,119
normal/normal_03436.jpg,normal,old_norm_vid5,120
normal/normal_03437.jpg,normal,old_norm_vid5,121
normal/normal_03438.jpg,normal,old_norm_vid5,122
normal/normal_03439.jpg,normal,old_norm_vid5,123
normal/normal_03440.jpg,normal,old_norm_vid5,124
normal/normal_03441.jpg,normal,old_norm_vid5,125
normal/normal_03442.jpg,normal,old_norm_vid5,126
normal/normal_03443.jpg,normal,old_norm_vid5,127
normal/normal_03444.jpg,normal,old_norm_vid5,128
normal/normal_03445.jpg,normal,old_norm_vid5,129
normal/normal_03446.jpg,normal,old_norm_vid5,130
normal/normal_03447.jpg,normal,old_norm_vid5,131
normal/normal_03448.jpg,normal,old_norm_vid5,132
normal/normal_03449.jpg,normal,old_norm_vid5,133
normal/normal_03450.jpg,normal,old_norm_vid5,134
normal/normal_03451.jpg,normal,old_norm_vid5,135
normal/normal_03452.jpg,normal,old_norm_vid5,136
normal/normal_03453.jpg,normal,old_norm_vid5,137
normal/normal_03454.jpg,normal,old_norm_vid5,138
normal/normal_03455.jpg,normal,old_norm_vid5,139
normal/normal_03456.jpg,normal,old_norm_vid5,140
normal/normal_03457.jpg,normal,old_norm_vid5,141
normal/normal_03458.jpg,normal,old_norm_vid5,142
normal/normal_03459.jpg,normal,old_norm_vid5,143
normal/normal_03460.jpg,normal,old_norm_vid5,144
normal/normal_03461.jpg,normal,old_norm_vid5,145
normal/normal_03462.jpg,normal,old_norm_vid5,146
normal/normal_03463.jpg,normal,old_norm_vid5,147
normal/normal_03464.jpg,normal,old_norm_vid5,148
normal/normal_03465.jpg,normal,old_norm_vid5,149
normal/normal_03466.jpg,normal,old_norm_vid5,150
normal/normal_03467.jpg,normal,old_norm_vid5,151
normal/normal_03468.jpg,normal,old_norm_vid5,152
normal/normal_03469.jpg,normal,old_norm_vid5,153
normal/normal_03470.jpg,normal,old_norm_vid5,154
normal/normal_03471.jpg,normal,old_norm_vid5,155
normal/normal_03472.jpg,normal,old_norm_vid5,156
normal/normal_03473.jpg,normal,old_norm_vid5,157
normal/normal_03474.jpg,normal,old_norm_vid5,158
normal/normal_03475.jpg,normal,old_norm_vid5,159
normal/normal_03476.jpg,normal,old_norm_vid5,160
normal/normal_03477.jpg,normal,old_norm_vid5,161
normal/normal_03478.jpg,normal,old_norm_vid5,162
normal/normal_03479.jpg,normal,old_norm_vid5,163
normal/normal_03480.jpg,normal,old_norm_vid5,164
normal/normal_03481.jpg,normal,old_norm_vid5,165
normal/normal_03482.jpg,normal,old_norm_vid5,166
normal/normal_03483.jpg,normal,old_norm_vid5,167
normal/normal_03484.jpg,normal,old_norm_vid5,168
normal/normal_03485.jpg,normal,old_norm_vid5,169
normal/normal_03486.jpg,normal,old_norm_vid5,170
normal/normal_03487.jpg,normal,old_norm_vid5,171
normal/normal_03488.jpg,normal,old_norm_vid5,172
normal/normal_03489.jpg,normal,old_norm_vid5,173
normal/normal_03490.jpg,normal,old_norm_vid5,174
normal/normal_03491.jpg,normal,old_norm_vid5,175
normal/normal_03492.jpg,normal,old_norm_vid6,1
normal/normal_03493.jpg,normal,old_norm_vid6,2
normal/normal_03494.jpg,normal,old_norm_vid6,3
normal/normal_03495.jpg,normal,old_norm_vid6,4
normal/normal_03496.jpg,normal,old_norm_vid6,5
normal/normal_03497.jpg,normal,old_norm_vid6,6
normal/normal_03498.jpg,normal,old_norm_vid6,7
normal/normal_03499.jpg,normal,old_norm_vid6,8
normal/normal_03500.jpg,normal,old_norm_vid6,9
normal/normal_03501.jpg,normal,old_norm_vid6,10
normal/normal_03502.jpg,normal,old_norm_vid6,11
normal/normal_03503.jpg,normal,old_norm_vid6,12
normal/normal_03504.jpg,normal,old_norm_vid6,13
normal/normal_03505.jpg,normal,old_norm_vid6,14
normal/normal_03506.jpg,normal,old_norm_vid6,15
normal/normal_03507.jpg,normal,old_norm_vid6,16
normal/normal_03508.jpg,normal,old_norm_vid6,17
normal/normal_03509.jpg,normal,old_norm_vid6,18
normal/normal_03510.jpg,normal,old_norm_vid6,19
normal/normal_03511.jpg,normal,old_norm_vid6,20
normal/normal_03512.jpg,normal,old_norm_vid6,21
normal/normal_03513.jpg,normal,old_norm_vid6,22
normal/normal_03514.jpg,normal,old_norm_vid6,23
normal/normal_03515.jpg,normal,old_norm_vid6,24
normal/normal_03516.jpg,normal,old_norm_vid6,25
normal/normal_03517.jpg,normal,old_norm_vid6,26
normal/normal_03518.jpg,normal,old_norm_vid6,27
normal/normal_03519.jpg,normal,old_norm_vid6,28
normal/normal_03520.jpg,normal,old_norm_vid6,29
normal/normal_03521.jpg,normal,old_norm_vid6,30
normal/normal_03522.jpg,normal,old_norm_vid6,31
normal/normal_03523.jpg,normal,old_norm_vid6,32
normal/normal_03524.jpg,normal,old_norm_vid6,33
normal/normal_03525.jpg,normal,old_norm_vid6,34
normal/normal_03526.jpg,normal,old_norm_vid6,35
normal/normal_03527.jpg,normal,old_norm_vid6,36
normal/normal_03528.jpg,normal,old_norm_vid6,37
normal/normal_03529.jpg,normal,old_norm_vid6,38
normal/normal_03530.jpg,normal,old_norm_vid6,39
normal/normal_03531.jpg,normal,old_norm_vid6,40
normal/normal_03532.jpg,normal,old_norm_vid6,41
normal/normal_03533.jpg,normal,old_norm_vid6,42
normal/normal_03534.jpg,normal,old_norm_vid6,43
normal/normal_03535.jpg,normal,old_norm_vid6,44
normal/normal_03536.jpg,normal,old_norm_vid6,45
normal/normal_03537.jpg,normal,old_norm_vid6,46
normal/normal_03538.jpg,normal,old_norm_vid6,47
normal/normal_03539.jpg,normal,old_norm_vid6,48
normal/normal_03540.jpg,normal,old_norm_vid6,49
normal/normal_03541.jpg,normal,old_norm_vid6,50
normal/normal_03542.jpg,normal,old_norm_vid6,51
normal/normal_03543.jpg,normal,old_norm_vid6,52
normal/normal_03544.jpg,normal,old_norm_vid6,53
normal/normal_03545.jpg,normal,old_norm_vid6,54
normal/normal_03546.jpg,normal,old_norm_vid6,55
normal/normal_03547.jpg,normal,old_norm_vid6,56
normal/normal_03548.jpg,normal,old_norm_vid6,57
normal/normal_03549.jpg,normal,old_norm_vid6,58
normal/normal_03550.jpg,normal,old_norm_vid6,59
normal/normal_03551.jpg,normal,old_norm_vid6,60
normal/normal_03552.jpg,normal,old_norm_vid6,61
normal/normal_03553.jpg,normal,old_norm_vid6,62
normal/normal_03554.jpg,normal,old_norm_vid6,63
normal/normal_03555.jpg,normal,old_norm_vid6,64
normal/normal_03556.jpg,normal,old_norm_vid6,65
normal/normal_03557.jpg,normal,old_norm_vid6,66
normal/normal_03558.jpg,normal,old_norm_vid6,67
normal/normal_03559.jpg,normal,old_norm_vid6,68
normal/normal_03560.jpg,normal,old_norm_vid6,69
normal/normal_03561.jpg,normal,old_norm_vid6,70
normal/normal_03562.jpg,normal,old_norm_vid6,71
normal/normal_03563.jpg,normal,old_norm_vid6,72
normal/normal_03564.jpg,normal,old_norm_vid6,73
normal/normal_03565.jpg,normal,old_norm_vid6,74
normal/normal_03566.jpg,normal,old_norm_vid6,75
normal/normal_03567.jpg,normal,old_norm_vid6,76
normal/normal_03568.jpg,normal,old_norm_vid6,77
normal/normal_03569.jpg,normal,old_norm_vid6,78
normal/normal_03570.jpg,normal,old_norm_vid6,79
normal/normal_03571.jpg,normal,old_norm_vid6,80
normal/normal_03572.jpg,normal,old_norm_vid6,81
normal/normal_03573.jpg,normal,old_norm_vid6,82
normal/normal_03574.jpg,normal,old_norm_vid6,83
normal/normal_03575.jpg,normal,old_norm_vid6,84
normal/normal_03576.jpg,normal,old_norm_vid6,85
normal/normal_03577.jpg,normal,old_norm_vid6,86
normal/normal_03578.jpg,normal,old_norm_vid6,87
normal/normal_03579.jpg,normal,old_norm_vid6,88
normal/normal_03580.jpg,normal,old_norm_vid6,89
normal/normal_03581.jpg,normal,old_norm_vid6,90
normal/normal_03582.jpg,normal,old_norm_vid6,91
normal/normal_03583.jpg,normal,old_norm_vid6,92
normal/normal_03584.jpg,normal,old_norm_vid6,93
normal/normal_03585.jpg,normal,old_norm_vid6,94
normal/normal_03586.jpg,normal,old_norm_vid6,95
normal/normal_03587.jpg,normal,old_norm_vid6,96
normal/normal_03588.jpg,normal,old_norm_vid6,97
normal/normal_03589.jpg,normal,old_norm_vid6,98
normal/normal_03590.jpg,normal,old_norm_vid6,99
normal/normal_03591.jpg,normal,old_norm_vid6,100
normal/normal_03592.jpg,normal,old_norm_vid6,101
normal/normal_03593.jpg,normal,old_norm_vid6,102
normal/normal_03594.jpg,normal,old_norm_vid6,103
normal/normal_03595.jpg,normal,old_norm_vid6,104
normal/normal_03596.jpg,normal,old_norm_vid6,105
normal/normal_03597.jpg,normal,old_norm_vid6,106
normal/normal_03598.jpg,normal,old_norm_vid6,107
normal/normal_03599.jpg,normal,old_norm_vid6,108
normal/normal_03600.jpg,normal,old_norm_vid6,109
normal/normal_03601.jpg,normal,old_norm_vid6,110
normal/normal_03602.jpg,normal,old_norm_vid6,111
normal/normal_03603.jpg,normal,old_norm_vid6,112
normal/normal_03604.jpg,normal,old_norm_vid6,113
normal/normal_03605.jpg,normal,old_norm_vid6,114
normal/normal_03606.jpg,normal,old_norm_vid6,115
normal/normal_03607.jpg,normal,old_norm_vid6,116
normal/normal_03608.jpg,normal,old_norm_vid6,117
normal/normal_03609.jpg,normal,old_norm_vid6,118
normal/normal_03610.jpg,normal,old_norm_vid6,119
normal/normal_03611.jpg,normal,old_norm_vid6,120
normal/normal_03612.jpg,normal,old_norm_vid6,121
normal/normal_03613.jpg,normal,old_norm_vid6,122
normal/normal_03614.jpg,normal,old_norm_vid6,123
normal/normal_03615.jpg,normal,old_norm_vid6,124
normal/normal_03616.jpg,normal,old_norm_vid6,125
normal/normal_03617.jpg,normal,old_norm_vid6,126
normal/normal_03618.jpg,normal,old_norm_vid6,127
normal/normal_03619.jpg,normal,old_norm_vid6,128
normal/normal_03620.jpg,normal,old_norm_vid6,129
normal/normal_03621.jpg,normal,old_norm_vid6,130
normal/normal_03622.jpg,normal,old_norm_vid6,131
normal/normal_03623.jpg,normal,old_norm_vid6,132
normal/normal_03624.jpg,normal,old_norm_vid6,133
normal/normal_03625.jpg,normal,old_norm_vid6,134
normal/normal_03626.jpg,normal,old_norm_vid6,135
normal/normal_03627.jpg,normal,old_norm_vid6,136
normal/normal_03628.jpg,normal,old_norm_vid6,137
normal/normal_03629.jpg,normal,old_norm_vid6,138
normal/normal_03630.jpg,normal,old_norm_vid7,1
normal/normal_03631.jpg,normal,old_norm_vid7,2
normal/normal_03632.jpg,normal,old_norm_vid7,3
normal/normal_03633.jpg,normal,old_norm_vid7,4
normal/normal_03634.jpg,normal,old_norm_vid7,5
normal/normal_03635.jpg,normal,old_norm_vid7,6
normal/normal_03636.jpg,normal,old_norm_vid7,7
normal/normal_03637.jpg,normal,old_norm_vid7,8
normal/normal_03638.jpg,normal,old_norm_vid7,9
normal/normal_03639.jpg,normal,old_norm_vid7,10
normal/normal_03640.jpg,normal,old_norm_vid7,11
normal/normal_03641.jpg,normal,old_norm_vid7,12
normal/normal_03642.jpg,normal,old_norm_vid7,13
normal/normal_03643.jpg,normal,old_norm_vid7,14
normal/normal_03644.jpg,normal,old_norm_vid7,15
normal/normal_03645.jpg,normal,old_norm_vid7,16
normal/normal_03646.jpg,normal,old_norm_vid7,17
normal/normal_03647.jpg,normal,old_norm_vid7,18
normal/normal_03648.jpg,normal,old_norm_vid7,19
normal/normal_03649.jpg,normal,old_norm_vid7,20
normal/normal_03650.jpg,normal,old_norm_vid7,21
normal/normal_03651.jpg,normal,old_norm_vid7,22
normal/normal_03652.jpg,normal,old_norm_vid7,23
normal/normal_03653.jpg,normal,old_norm_vid7,24
normal/normal_03654.jpg,normal,old_norm_vid7,25
normal/normal_03655.jpg,normal,old_norm_vid7,26
normal/normal_03656.jpg,normal,old_norm_vid7,27
normal/normal_03657.jpg,normal,old_norm_vid7,28
normal/normal_03658.jpg,normal,old_norm_vid7,29
normal/normal_03659.jpg,normal,old_norm_vid7,30
normal/normal_03660.jpg,normal,old_norm_vid7,31
normal/normal_03661.jpg,normal,old_norm_vid7,32
normal/normal_03662.jpg,normal,old_norm_vid7,33
normal/normal_03663.jpg,normal,old_norm_vid7,34
normal/normal_03664.jpg,normal,old_norm_vid7,35
normal/normal_03665.jpg,normal,old_norm_vid7,36
normal/normal_03666.jpg,normal,old_norm_vid7,37
normal/normal_03667.jpg,normal,old_norm_vid7,38
normal/normal_03668.jpg,normal,old_norm_vid7,39
normal/normal_03669.jpg,normal,old_norm_vid7,40
normal/normal_03670.jpg,normal,old_norm_vid7,41
normal/normal_03671.jpg,normal,old_norm_vid7,42
normal/normal_03672.jpg,normal,old_norm_vid7,43
normal/normal_03673.jpg,normal,old_norm_vid7,44
normal/normal_03674.jpg,normal,old_norm_vid7,45
normal/normal_03675.jpg,normal,old_norm_vid7,46
normal/normal_03676.jpg,normal,old_norm_vid7,47
normal/normal_03677.jpg,normal,old_norm_vid7,48
normal/normal_03678.jpg,normal,old_norm_vid7,49
normal/normal_03679.jpg,normal,old_norm_vid7,50
normal/normal_03680.jpg,normal,old_norm_vid7,51
normal/normal_03681.jpg,normal,old_norm_vid7,52
normal/normal_03682.jpg,normal,old_norm_vid7,53
normal/normal_03683.jpg,normal,old_norm_vid7,54
normal/normal_03684.jpg,normal,old_norm_vid7,55
normal/normal_03685.jpg,normal,old_norm_vid7,56
normal/normal_03686.jpg,normal,old_norm_vid7,57
normal/normal_03687.jpg,normal,old_norm_vid7,58
normal/normal_03688.jpg,normal,old_norm_vid7,59
normal/normal_03689.jpg,normal,old_norm_vid7,60
normal/normal_03690.jpg,normal,old_norm_vid7,61
normal/normal_03691.jpg,normal,old_norm_vid7,62
normal/normal_03692.jpg,normal,old_norm_vid7,63
normal/normal_03693.jpg,normal,old_norm_vid7,64
normal/normal_03694.jpg,normal,old_norm_vid7,65
normal/normal_03695.jpg,normal,old_norm_vid7,66
normal/normal_03696.jpg,normal,old_norm_vid7,67
normal/normal_03697.jpg,normal,old_norm_vid7,68
normal/normal_03698.jpg,normal,old_norm_vid7,69
normal/normal_03699.jpg,normal,old_norm_vid7,70
normal/normal_03700.jpg,normal,old_norm_vid7,71
normal/normal_03701.jpg,normal,old_norm_vid7,72
normal/normal_03702.jpg,normal,old_norm_vid7,73
normal/normal_03703.jpg,normal,old_norm_vid7,74
normal/normal_03704.jpg,normal,old_norm_vid7,75
normal/normal_03705.jpg,normal,old_norm_vid7,76
normal/normal_03706.jpg,normal,old_norm_vid7,77
normal/normal_03707.jpg,normal,old_norm_vid7,78
normal/normal_03708.jpg,normal,old_norm_vid7,79
normal/normal_03709.jpg,normal,old_norm_vid7,80
normal/normal_03710.jpg,normal,old_norm_vid7,81
normal/normal_03711.jpg,normal,old_norm_vid7,82
normal/normal_03712.jpg,normal,old_norm_vid7,83
normal/normal_03713.jpg,normal,old_norm_vid7,84
normal/normal_03714.jpg,normal,old_norm_vid7,85
normal/normal_03715.jpg,normal,old_norm_vid7,86
normal/normal_03716.jpg,normal,old_norm_vid7,87
normal/normal_03717.jpg,normal,old_norm_vid7,88
normal/normal_03718.jpg,normal,old_norm_vid7,89
normal/normal_03719.jpg,normal,old_norm_vid7,90
normal/normal_03720.jpg,normal,old_norm_vid7,91
normal/normal_03721.jpg,normal,old_norm_vid7,92
normal/normal_03722.jpg,normal,old_norm_vid7,93
normal/normal_03723.jpg,normal,old_norm_vid7,94
normal/normal_03724.jpg,normal,old_norm_vid7,95
normal/normal_03725.jpg,normal,old_norm_vid7,96
normal/normal_03726.jpg,normal,old_norm_vid7,97
normal/normal_03727.jpg,normal,old_norm_vid7,98
normal/normal_03728.jpg,normal,old_norm_vid7,99
normal/normal_03729.jpg,normal,old_norm_vid7,100
normal/normal_03730.jpg,normal,old_norm_vid7,101
normal/normal_03731.jpg,normal,old_norm_vid7,102
normal/normal_03732.jpg,normal,old_norm_vid7,103
normal/normal_03733.jpg,normal,old_norm_vid7,104
normal/normal_03734.jpg,normal,old_norm_vid7,105
normal/normal_03735.jpg,normal,old_norm_vid7,106
normal/normal_03736.jpg,normal,old_norm_vid7,107
normal/normal_03737.jpg,normal,old_norm_vid7,108
normal/normal_03738.jpg,normal,old_norm_vid7,109
normal/normal_03739.jpg,normal,old_norm_vid7,110
normal/normal_03740.jpg,normal,old_norm_vid7,111
normal/normal_03741.jpg,normal,old_norm_vid7,112
normal/normal_03742.jpg,normal,old_norm_vid7,113
normal/normal_03743.jpg,normal,old_norm_vid7,114
normal/normal_03744.jpg,normal,old_norm_vid7,115
normal/normal_03745.jpg,normal,old_norm_vid7,116
normal/normal_03746.jpg,normal,old_norm_vid7,117
normal/normal_03747.jpg,normal,old_norm_vid7,118
normal/normal_03748.jpg,normal,old_norm_vid7,119
normal/normal_03749.jpg,normal,old_norm_vid7,120
normal/normal_03750.jpg,normal,old_norm_vid7,121
normal/normal_03751.jpg,normal,old_norm_vid7,122
normal/normal_03752.jpg,normal,old_norm_vid7,123
normal/normal_03753.jpg,normal,old_norm_vid7,124
normal/normal_03754.jpg,normal,old_norm_vid7,125
normal/normal_03755.jpg,normal,old_norm_vid7,126
normal/normal_03756.jpg,normal,old_norm_vid7,127
normal/normal_03757.jpg,normal,old_norm_vid7,128
normal/normal_03758.jpg,normal,old_norm_vid7,129
normal/normal_03759.jpg,normal,old_norm_vid7,130
normal/normal_03760.jpg,normal,old_norm_vid7,131
normal/normal_03761.jpg,normal,old_norm_vid7,132
normal/normal_03762.jpg,normal,old_norm_vid7,133
normal/normal_03763.jpg,normal,old_norm_vid7,134
normal/normal_03764.jpg,normal,old_norm_vid7,135
normal/normal_03765.jpg,normal,old_norm_vid7,136
normal/normal_03766.jpg,normal,old_norm_vid7,137
normal/normal_03767.jpg,normal,old_norm_vid7,138
normal/normal_03768.jpg,normal,old_norm_vid7,139
normal/normal_03769.jpg,normal,old_norm_vid7,140
normal/normal_03770.jpg,normal,old_norm_vid7,141
normal/normal_03771.jpg,normal,old_norm_vid7,142
normal/normal_03772.jpg,normal,old_norm_vid7,143
normal/normal_03773.jpg,normal,old_norm_vid7,144
normal/normal_03774.jpg,normal,old_norm_vid7,145
normal/normal_03775.jpg,normal,old_norm_vid7,146
normal/normal_03776.jpg,normal,old_norm_vid7,147
normal/normal_03777.jpg,normal,old_norm_vid7,148
normal/normal_03778.jpg,normal,old_norm_vid7,149
normal/normal_03779.jpg,normal,old_norm_vid7,150
normal/normal_03780.jpg,normal,old_norm_vid7,151
normal/normal_03781.jpg,normal,old_norm_vid7,152
normal/normal_03782.jpg,normal,old_norm_vid7,153
normal/normal_03783.jpg,normal,old_norm_vid7,154
normal/normal_03784.jpg,normal,old_norm_vid7,155
normal/normal_03785.jpg,normal,old_norm_vid7,156
normal/normal_03786.jpg,normal,old_norm_vid7,157
normal/normal_03787.jpg,normal,old_norm_vid7,158
normal/normal_03788.jpg,normal,old_norm_vid7,159
normal/normal_03789.jpg,normal,old_norm_vid7,160
normal/normal_03790.jpg,normal,old_norm_vid7,161
normal/normal_03791.jpg,normal,old_norm_vid7,162
normal/normal_03792.jpg,normal,old_norm_vid7,163
normal/normal_03793.jpg,normal,old_norm_vid7,164
normal/normal_03794.jpg,normal,old_norm_vid7,165
normal/normal_03795.jpg,normal,old_norm_vid7,166
normal/normal_03796.jpg,normal,old_norm_vid7,167
normal/normal_03797.jpg,normal,old_norm_vid7,168
normal/normal_03798.jpg,normal,old_norm_vid7,169
normal/normal_03799.jpg,normal,old_norm_vid7,170
normal/normal_03800.jpg,normal,old_norm_vid7,171
normal/normal_03801.jpg,normal,old_norm_vid7,172
normal/normal_03802.jpg,normal,old_norm_vid7,173
normal/normal_03803.jpg,normal,old_norm_vid7,174
normal/normal_03804.jpg,normal,old_norm_vid7,175
normal/normal_03805.jpg,normal,old_norm_vid7,176
normal/normal_03806.jpg,normal,old_norm_vid7,177
normal/normal_03807.jpg,normal,old_norm_vid7,178
normal/normal_03808.jpg,normal,old_norm_vid7,179
normal/normal_03809.jpg,normal,old_norm_vid7,180
normal/normal_03810.jpg,normal,old_norm_vid7,181
normal/normal_03811.jpg,normal,old_norm_vid7,182
normal/normal_03812.jpg,normal,old_norm_vid7,183
normal/normal_03813.jpg,normal,old_norm_vid7,184
normal/normal_03814.jpg,normal,old_norm_vid7,185
normal/normal_03815.jpg,normal,old_norm_vid7,186
normal/normal_03816.jpg,normal,old_norm_vid7,187
normal/normal_03817.jpg,normal,old_norm_vid7,188
normal/normal_03818.jpg,normal,old_norm_vid7,189
normal/normal_03819.jpg,normal,old_norm_vid7,190
normal/normal_03820.jpg,normal,old_norm_vid7,191
normal/normal_03821.jpg,normal,old_norm_vid7,192
normal/normal_03822.jpg,normal,old_norm_vid7,193
normal/normal_03823.jpg,normal,old_norm_vid7,194
normal/normal_03824.jpg,normal,old_norm_vid7,195
normal/normal_03825.jpg,normal,old_norm_vid7,196
normal/normal_03826.jpg,normal,old_norm_vid7,197
normal/normal_03827.jpg,normal,old_norm_vid7,198
normal/normal_03828.jpg,normal,old_norm_vid7,199
normal/normal_03829.jpg,normal,old_norm_vid7,200
normal/normal_03830.jpg,normal,old_norm_vid7,201
normal/normal_03831.jpg,normal,old_norm_vid7,202
normal/normal_03832.jpg,normal,old_norm_vid7,203
normal/normal_03833.jpg,normal,old_norm_vid7,204
normal/normal_03834.jpg,normal,old_norm_vid7,205
normal/normal_03835.jpg,normal,old_norm_vid7,206
normal/normal_03836.jpg,normal,old_norm_vid7,207
normal/normal_03837.jpg,normal,old_norm_vid7,208
normal/normal_03838.jpg,normal,old_norm_vid7,209
normal/normal_03839.jpg,normal,old_norm_vid7,210
normal/normal_03840.jpg,normal,old_norm_vid7,211
normal/normal_03841.jpg,normal,old_norm_vid8,1
normal/normal_03842.jpg,normal,old_norm_vid8,2
normal/normal_03843.jpg,normal,old_norm_vid8,3
normal/normal_03844.jpg,normal,old_norm_vid8,4
normal/normal_03845.jpg,normal,old_norm_vid8,5
normal/normal_03846.jpg,normal,old_norm_vid8,6
normal/normal_03847.jpg,normal,old_norm_vid8,7
normal/normal_03848.jpg,normal,old_norm_vid8,8
normal/normal_03849.jpg,normal,old_norm_vid8,9
normal/normal_03850.jpg,normal,old_norm_vid8,10
normal/normal_03851.jpg,normal,old_norm_vid8,11
normal/normal_03852.jpg,normal,old_norm_vid8,12
normal/normal_03853.jpg,normal,old_norm_vid8,13
normal/normal_03854.jpg,normal,old_norm_vid8,14
normal/normal_03855.jpg,normal,old_norm_vid8,15
normal/normal_03856.jpg,normal,old_norm_vid8,16
normal/normal_03857.jpg,normal,old_norm_vid8,17
normal/normal_03858.jpg,normal,old_norm_vid8,18
normal/normal_03859.jpg,normal,old_norm_vid8,19
normal/normal_03860.jpg,normal,old_norm_vid8,20
normal/normal_03861.jpg,normal,old_norm_vid8,21
normal/normal_03862.jpg,normal,old_norm_vid8,22
normal/normal_03863.jpg,normal,old_norm_vid8,23
normal/normal_03864.jpg,normal,old_norm_vid8,24
normal/normal_03865.jpg,normal,old_norm_vid8,25
normal/normal_03866.jpg,normal,old_norm_vid8,26
normal/normal_03867.jpg,normal,old_norm_vid8,27
normal/normal_03868.jpg,normal,old_norm_vid8,28
normal/normal_03869.jpg,normal,old_norm_vid8,29
normal/normal_03870.jpg,normal,old_norm_vid8,30
normal/normal_03871.jpg,normal,old_norm_vid8,31
normal/normal_03872.jpg,normal,old_norm_vid8,32
normal/normal_03873.jpg,normal,old_norm_vid8,33
normal/normal_03874.jpg,normal,old_norm_vid8,34
normal/normal_03875.jpg,normal,old_norm_vid8,35
normal/normal_03876.jpg,normal,old_norm_vid8,36
normal/normal_03877.jpg,normal,old_norm_vid8,37
normal/normal_03878.jpg,normal,old_norm_vid8,38
normal/normal_03879.jpg,normal,old_norm_vid8,39
normal/normal_03880.jpg,normal,old_norm_vid8,40
normal/normal_03881.jpg,normal,old_norm_vid8,41
normal/normal_03882.jpg,normal,old_norm_vid8,42
normal/normal_03883.jpg,normal,old_norm_vid8,43
normal/normal_03884.jpg,normal,old_norm_vid8,44
normal/normal_03885.jpg,normal,old_norm_vid8,45
normal/normal_03886.jpg,normal,old_norm_vid8,46
normal/normal_03887.jpg,normal,old_norm_vid8,47
normal/normal_03888.jpg,normal,old_norm_vid8,48
normal/normal_03889.jpg,normal,old_norm_vid8,49
normal/normal_03890.jpg,normal,old_norm_vid8,50
normal/normal_03891.jpg,normal,old_norm_vid8,51
normal/normal_03892.jpg,normal,old_norm_vid8,52
normal/normal_03893.jpg,normal,old_norm_vid8,53
normal/normal_03894.jpg,normal,old_norm_vid8,54
normal/normal_03895.jpg,normal,old_norm_vid8,55
normal/normal_03896.jpg,normal,old_norm_vid8,56
normal/normal_03897.jpg,normal,old_norm_vid8,57
normal/normal_03898.jpg,normal,old_norm_vid8,58
normal/normal_03899.jpg,normal,old_norm_vid8,59
normal/normal_03900.jpg,normal,old_norm_vid8,60
normal/normal_03901.jpg,normal,old_norm_vid8,61
normal/normal_03902.jpg,normal,old_norm_vid8,62
normal/normal_03903.jpg,normal,old_norm_vid8,63
normal/normal_03904.jpg,normal,old_norm_vid8,64
normal/normal_03905.jpg,normal,old_norm_vid8,65
normal/normal_03906.jpg,normal,old_norm_vid8,66
normal/normal_03907.jpg,normal,old_norm_vid8,67
normal/normal_03908.jpg,normal,old_norm_vid8,68
normal/normal_03909.jpg,normal,old_norm_vid8,69
normal/normal_03910.jpg,normal,old_norm_vid8,70
normal/normal_03911.jpg,normal,old_norm_vid8,71
normal/normal_03912.jpg,normal,old_norm_vid8,72
normal/normal_03913.jpg,normal,old_norm_vid8,73
normal/normal_03914.jpg,normal,old_norm_vid8,74
normal/normal_03915.jpg,normal,old_norm_vid8,75
normal/normal_03916.jpg,normal,old_norm_vid8,76
normal/normal_03917.jpg,normal,old_norm_vid8,77
normal/normal_03918.jpg,normal,old_norm_vid8,78
normal/normal_03919.jpg,normal,old_norm_vid8,79
normal/normal_03920.jpg,normal,old_norm_vid8,80
normal/normal_03921.jpg,normal,old_norm_vid8,81
normal/normal_03922.jpg,normal,old_norm_vid8,82
normal/normal_03923.jpg,normal,old_norm_vid8,83
normal/normal_03924.jpg,normal,old_norm_vid8,84
normal/normal_03925.jpg,normal,old_norm_vid8,85
normal/normal_03926.jpg,normal,old_norm_vid8,86
normal/normal_03927.jpg,normal,old_norm_vid8,87
normal/normal_03928.jpg,normal,old_norm_vid8,88
normal/normal_03929.jpg,normal,old_norm_vid8,89
normal/normal_03930.jpg,normal,old_norm_vid8,90
normal/normal_03931.jpg,normal,old_norm_vid8,91
normal/normal_03932.jpg,normal,old_norm_vid8,92
normal/normal_03933.jpg,normal,old_norm_vid8,93
normal/normal_03934.jpg,normal,old_norm_vid8,94
normal/normal_03935.jpg,normal,old_norm_vid8,95
normal/normal_03936.jpg,normal,old_norm_vid8,96
normal/normal_03937.jpg,normal,old_norm_vid8,97
normal/normal_03938.jpg,normal,old_norm_vid8,98
normal/normal_03939.jpg,normal,old_norm_vid8,99
normal/normal_03940.jpg,normal,old_norm_vid8,100
normal/normal_03941.jpg,normal,old_norm_vid8,101
normal/normal_03942.jpg,normal,old_norm_vid8,102
normal/normal_03943.jpg,normal,old_norm_vid8,103
normal/normal_03944.jpg,normal,old_norm_vid8,104
normal/normal_03945.jpg,normal,old_norm_vid8,105
normal/normal_03946.jpg,normal,old_norm_vid8,106
normal/normal_03947.jpg,normal,old_norm_vid8,107
normal/normal_03948.jpg,normal,old_norm_vid8,108
normal/normal_03949.jpg,normal,old_norm_vid8,109
normal/normal_03950.jpg,normal,old_norm_vid8,110
normal/normal_03951.jpg,normal,old_norm_vid8,111
normal/normal_03952.jpg,normal,old_norm_vid8,112
normal/normal_03953.jpg,normal,old_norm_vid8,113
normal/normal_03954.jpg,normal,old_norm_vid8,114
normal/normal_03955.jpg,normal,old_norm_vid8,115
normal/normal_03956.jpg,normal,old_norm_vid8,116
normal/normal_03957.jpg,normal,old_norm_vid8,117
normal/normal_03958.jpg,normal,old_norm_vid8,118
normal/normal_03959.jpg,normal,old_norm_vid8,119
normal/normal_03960.jpg,normal,old_norm_vid8,120
normal/normal_03961.jpg,normal,old_norm_vid8,121
normal/normal_03962.jpg,normal,old_norm_vid8,122
normal/normal_03963.jpg,normal,old_norm_vid8,123
normal/normal_03964.jpg,normal,old_norm_vid8,124
normal/normal_03965.jpg,normal,old_norm_vid8,125
normal/normal_03966.jpg,normal,old_norm_vid8,126
normal/normal_03967.jpg,normal,old_norm_vid8,127
normal/normal_03968.jpg,normal,old_norm_vid8,128
normal/normal_03969.jpg,normal,old_norm_vid8,129
normal/normal_03970.jpg,normal,old_norm_vid8,130
normal/normal_03971.jpg,normal,old_norm_vid8,131
normal/normal_03972.jpg,normal,old_norm_vid8,132
normal/normal_03973.jpg,normal,old_norm_vid8,133
normal/normal_03974.jpg,normal,old_norm_vid8,134
normal/normal_03975.jpg,normal,old_norm_vid8,135
normal/normal_03976.jpg,normal,old_norm_vid8,136
normal/normal_03977.jpg,normal,old_norm_vid8,137
normal/normal_03978.jpg,normal,old_norm_vid8,138
normal/normal_03979.jpg,normal,old_norm_vid8,139
normal/normal_03980.jpg,normal,old_norm_vid8,140
normal/normal_03981.jpg,normal,old_norm_vid8,141
normal/normal_03982.jpg,normal,old_norm_vid8,142
normal/normal_03983.jpg,normal,old_norm_vid8,143
normal/normal_03984.jpg,normal,old_norm_vid8,144
normal/normal_03985.jpg,normal,old_norm_vid8,145
normal/normal_03986.jpg,normal,old_norm_vid8,146
normal/normal_03987.jpg,normal,old_norm_vid8,147
normal/normal_03988.jpg,normal,old_norm_vid8,148
normal/normal_03989.jpg,normal,old_norm_vid8,149
normal/normal_03990.jpg,normal,old_norm_vid8,150
normal/normal_03991.jpg,normal,old_norm_vid8,151
normal/normal_03992.jpg,normal,old_norm_vid8,152
normal/normal_03993.jpg,normal,old_norm_vid8,153
normal/normal_03994.jpg,normal,old_norm_vid8,154
normal/normal_03995.jpg,normal,old_norm_vid8,155
normal/normal_03996.jpg,normal,old_norm_vid8,156
normal/normal_03997.jpg,normal,old_norm_vid8,157
normal/normal_03998.jpg,normal,old_norm_vid8,158
normal/normal_03999.jpg,normal,old_norm_vid8,159
normal/normal_04000.jpg,normal,old_norm_vid8,160
normal/normal_04001.jpg,normal,old_norm_vid8,161
normal/normal_04002.jpg,normal,old_norm_vid8,162
normal/normal_04003.jpg,normal,old_norm_vid8,163
normal/normal_04004.jpg,normal,old_norm_vid8,164
normal/normal_04005.jpg,normal,old_norm_vid8,165
normal/normal_04006.jpg,normal,old_norm_vid8,166
normal/normal_04007.jpg,normal,old_norm_vid8,167
normal/normal_04008.jpg,normal,old_norm_vid8,168
normal/normal_04009.jpg,normal,old_norm_vid8,169
normal/normal_04010.jpg,normal,old_norm_vid8,170
normal/normal_04011.jpg,normal,old_norm_vid8,171
normal/normal_04012.jpg,normal,old_norm_vid8,172
normal/normal_04013.jpg,normal,old_norm_vid8,173
normal/normal_04014.jpg,normal,old_norm_vid8,174
normal/normal_04015.jpg,normal,old_norm_vid8,175
normal/normal_04016.jpg,normal,old_norm_vid8,176
normal/normal_04017.jpg,normal,old_norm_vid8,177
normal/normal_04018.jpg,normal,old_norm_vid8,178
normal/normal_04019.jpg,normal,old_norm_vid8,179
normal/normal_04020.jpg,normal,old_norm_vid8,180
normal/normal_04021.jpg,normal,old_norm_vid8,181
normal/normal_04022.jpg,normal,old_norm_vid8,182
normal/normal_04023.jpg,normal,old_norm_vid8,183
normal/normal_04024.jpg,normal,old_norm_vid8,184
normal/normal_04025.jpg,normal,old_norm_vid8,185
normal/normal_04026.jpg,normal,old_norm_vid8,186
normal/normal_04027.jpg,normal,old_norm_vid8,187
normal/normal_04028.jpg,normal,old_norm_vid8,188
normal/normal_04029.jpg,normal,old_norm_vid8,189
normal/normal_04030.jpg,normal,old_norm_vid8,190
normal/normal_04031.jpg,normal,old_norm_vid8,191
normal/normal_04032.jpg,normal,old_norm_vid8,192
normal/normal_04033.jpg,normal,old_norm_vid8,193
normal/normal_04034.jpg,normal,old_norm_vid8,194
normal/normal_04035.jpg,normal,old_norm_vid8,195
normal/normal_04036.jpg,normal,old_norm_vid8,196
normal/normal_04037.jpg,normal,old_norm_vid8,197
normal/normal_04038.jpg,normal,old_norm_vid8,198
normal/normal_04039.jpg,normal,old_norm_vid8,199
normal/normal_04040.jpg,normal,old_norm_vid8,200
normal/normal_04041.jpg,normal,old_norm_vid8,201
normal/normal_04042.jpg,normal,old_norm_vid8,202
normal/normal_04043.jpg,normal,old_norm_vid8,203
normal/normal_04044.jpg,normal,old_norm_vid8,204
normal/normal_04045.jpg,normal,old_norm_vid8,205
normal/normal_04046.jpg,normal,old_norm_vid8,206
normal/normal_04047.jpg,normal,old_norm_vid8,207
normal/normal_04048.jpg,normal,old_norm_vid8,208
normal/normal_04049.jpg,normal,old_norm_vid8,209
normal/normal_04050.jpg,normal,old_norm_vid8,210
normal/normal_04051.jpg,normal,old_norm_vid8,211
normal/normal_04052.jpg,normal,old_norm_vid8,212
normal/normal_04053.jpg,normal,old_norm_vid8,213
normal/normal_04054.jpg,normal,old_norm_vid8,214
normal/normal_04055.jpg,normal,old_norm_vid8,215
normal/normal_04056.jpg,normal,old_norm_vid8,216
normal/normal_04057.jpg,normal,old_norm_vid8,217
normal/normal_04058.jpg,normal,old_norm_vid8,218
normal/normal_04059.jpg,normal,old_norm_vid8,219
normal/normal_04060.jpg,normal,old_norm_vid8,220
normal/normal_04061.jpg,normal,old_norm_vid8,221
normal/normal_04062.jpg,normal,old_norm_vid8,222
normal/normal_04063.jpg,normal,old_norm_vid8,223
normal/normal_04064.jpg,normal,old_norm_vid8,224
normal/normal_04065.jpg,normal,old_norm_vid8,225
normal/normal_04066.jpg,normal,old_norm_vid8,226
normal/normal_04067.jpg,normal,old_norm_vid8,227
normal/normal_04068.jpg,normal,old_norm_vid8,228
normal/normal_04069.jpg,normal,old_norm_vid8,229
normal/normal_04070.jpg,normal,old_norm_vid8,230
normal/normal_04071.jpg,normal,old_norm_vid8,231
normal/normal_04072.jpg,normal,old_norm_vid8,232
normal/normal_04073.jpg,normal,old_norm_vid8,233
normal/normal_04074.jpg,normal,old_norm_vid8,234
normal/normal_04075.jpg,normal,old_norm_vid8,235
normal/normal_04076.jpg,normal,old_norm_vid8,236
normal/normal_04077.jpg,normal,old_norm_vid8,237
normal/normal_04078.jpg,normal,old_norm_vid8,238
normal/normal_04079.jpg,normal,old_norm_vid8,239
normal/normal_04080.jpg,normal,old_norm_vid8,240
normal/normal_04081.jpg,normal,old_norm_vid8,241
normal/normal_04082.jpg,normal,old_norm_vid8,242
normal/normal_04083.jpg,normal,old_norm_vid8,243
normal/normal_04084.jpg,normal,old_norm_vid8,244
normal/normal_04085.jpg,normal,old_norm_vid8,245
normal/normal_04086.jpg,normal,old_norm_vid8,246
normal/normal_04087.jpg,normal,old_norm_vid8,247
normal/normal_04088.jpg,normal,old_norm_vid8,248
normal/normal_04089.jpg,normal,old_norm_vid8,249
normal/normal_04090.jpg,normal,old_norm_vid8,250
normal/normal_04091.jpg,normal,old_norm_vid8,251
normal/normal_04092.jpg,normal,old_norm_vid8,252
normal/normal_04093.jpg,normal,old_norm_vid8,253
normal/normal_04094.jpg,normal,old_norm_vid8,254
normal/normal_04095.jpg,normal,old_norm_vid8,255
normal/normal_04096.jpg,normal,old_norm_vid8,256
normal/normal_04097.jpg,normal,old_norm_vid8,257
normal/normal_04098.jpg,normal,old_norm_vid8,258
normal/normal_04099.jpg,normal,old_norm_vid8,259
normal/normal_04100.jpg,normal,old_norm_vid8,260
normal/normal_04101.jpg,normal,old_norm_vid8,261
normal/normal_04102.jpg,normal,old_norm_vid8,262
normal/normal_04103.jpg,normal,old_norm_vid8,263
normal/normal_04104.jpg,normal,old_norm_vid8,264
normal/normal_04105.jpg,normal,old_norm_vid8,265
normal/normal_04106.jpg,normal,old_norm_vid8,266
normal/normal_04107.jpg,normal,old_norm_vid8,267
normal/normal_04108.jpg,normal,old_norm_vid8,268
normal/normal_04109.jpg,normal,old_norm_vid8,269
normal/normal_04110.jpg,normal,old_norm_vid8,270
normal/normal_04111.jpg,normal,old_norm_vid8,271
normal/normal_04112.jpg,normal,old_norm_vid8,272
normal/normal_04113.jpg,normal,old_norm_vid8,273
normal/normal_04114.jpg,normal,old_norm_vid8,274
normal/normal_04115.jpg,normal,old_norm_vid8,275
normal/normal_04116.jpg,normal,old_norm_vid8,276
normal/normal_04117.jpg,normal,old_norm_vid8,277
normal/normal_04118.jpg,normal,old_norm_vid8,278
normal/normal_04119.jpg,normal,old_norm_vid8,279
normal/normal_04120.jpg,normal,old_norm_vid8,280
normal/normal_04121.jpg,normal,old_norm_vid8,281
normal/normal_04122.jpg,normal,old_norm_vid8,282
normal/normal_04123.jpg,normal,old_norm_vid8,283
normal/normal_04124.jpg,normal,old_norm_vid8,284
normal/normal_04125.jpg,normal,old_norm_vid8,285
normal/normal_04126.jpg,normal,old_norm_vid8,286
normal/normal_04127.jpg,normal,old_norm_vid8,287
normal/normal_04128.jpg,normal,old_norm_vid8,288
normal/normal_04129.jpg,normal,old_norm_vid8,289
normal/normal_04130.jpg,normal,old_norm_vid8,290
normal/normal_04131.jpg,normal,old_norm_vid8,291
normal/normal_04132.jpg,normal,old_norm_vid8,292
normal/normal_04133.jpg,normal,old_norm_vid8,293
normal/normal_04134.jpg,normal,old_norm_vid8,294
normal/normal_04135.jpg,normal,old_norm_vid8,295
normal/normal_04136.jpg,normal,old_norm_vid8,296
normal/normal_04137.jpg,normal,old_norm_vid8,297
normal/normal_04138.jpg,normal,old_norm_vid8,298
normal/normal_04139.jpg,normal,old_norm_vid8,299
normal/normal_04140.jpg,normal,old_norm_vid8,300
normal/normal_04141.jpg,normal,old_norm_vid8,301
normal/normal_04142.jpg,normal,old_norm_vid8,302
normal/normal_04143.jpg,normal,old_norm_vid8,303
normal/normal_04144.jpg,normal,old_norm_vid8,304
normal/normal_04145.jpg,normal,old_norm_vid8,305
normal/normal_04146.jpg,normal,old_norm_vid8,306
normal/normal_04147.jpg,normal,old_norm_vid8,307
normal/normal_04148.jpg,normal,old_norm_vid8,308
normal/normal_04149.jpg,normal,old_norm_vid8,309
normal/normal_04150.jpg,normal,old_norm_vid8,310
normal/normal_04151.jpg,normal,old_norm_vid8,311
normal/normal_04152.jpg,normal,old_norm_vid8,312
normal/normal_04153.jpg,normal,old_norm_vid8,313
normal/normal_04154.jpg,normal,old_norm_vid8,314
normal/normal_04155.jpg,normal,old_norm_vid8,315
normal/normal_04156.jpg,normal,old_norm_vid8,316
normal/normal_04157.jpg,normal,old_norm_vid8,317
normal/normal_04158.jpg,normal,old_norm_vid8,318
normal/normal_04159.jpg,normal,old_norm_vid8,319
normal/normal_04160.jpg,normal,old_norm_vid8,320
suspicious/suspicious_00001.jpg,suspicious,additional_vid1,1
suspicious/suspicious_00002.jpg,suspicious,additional_vid1,2
suspicious/suspicious_00003.jpg,suspicious,additional_vid1,3
suspicious/suspicious_00004.jpg,suspicious,additional_vid1,4
suspicious/suspicious_00005.jpg,suspicious,additional_vid1,5
suspicious/suspicious_00006.jpg,suspicious,additional_vid1,6
suspicious/suspicious_00007.jpg,suspicious,additional_vid1,7
suspicious/suspicious_00008.jpg,suspicious,additional_vid1,8
suspicious/suspicious_00009.jpg,suspicious,additional_vid1,9
suspicious/suspicious_00010.jpg,suspicious,additional_vid1,10
suspicious/suspicious_00011.jpg,suspicious,additional_vid1,11
suspicious/suspicious_00012.jpg,suspicious,additional_vid1,12
suspicious/suspicious_00013.jpg,suspicious,additional_vid1,13
suspicious/suspicious_00014.jpg,suspicious,additional_vid1,14
suspicious/suspicious_00015.jpg,suspicious,additional_vid1,15
suspicious/suspicious_00016.jpg,suspicious,additional_vid1,16
suspicious/suspicious_00017.jpg,suspicious,additional_vid1,17
suspicious/suspicious_00018.jpg,suspicious,additional_vid1,18
suspicious/suspicious_00019.jpg,suspicious,additional_vid1,19
suspicious/suspicious_00020.jpg,suspicious,additional_vid1,20
suspicious/suspicious_00021.jpg,suspicious,additional_vid1,21
suspicious/suspicious_00022.jpg,suspicious,additional_vid1,22
suspicious/suspicious_00023.jpg,suspicious,additional_vid1,23
suspicious/suspicious_00024.jpg,suspicious,additional_vid1,24
suspicious/suspicious_00025.jpg,suspicious,additional_vid1,25
suspicious/suspicious_00026.jpg,suspicious,additional_vid1,26
suspicious/suspicious_00027.jpg,suspicious,additional_vid1,27
suspicious/suspicious_00028.jpg,suspicious,additional_vid1,28
suspicious/suspicious_00029.jpg,suspicious,additional_vid1,29
suspicious/suspicious_00030.jpg,suspicious,additional_vid1,30
suspicious/suspicious_00031.jpg,suspicious,additional_vid1,31
suspicious/suspicious_00032.jpg,suspicious,additional_vid1,32
suspicious/suspicious_00033.jpg,suspicious,additional_vid1,33
suspicious/suspicious_00034.jpg,suspicious,additional_vid1,34
suspicious/suspicious_00035.jpg,suspicious,additional_vid1,35
suspicious/suspicious_00036.jpg,suspicious,additional_vid1,36
suspicious/suspicious_00037.jpg,suspicious,additional_vid1,37
suspicious/suspicious_00038.jpg,suspicious,additional_vid1,38
suspicious/suspicious_00039.jpg,suspicious,additional_vid1,39
suspicious/suspicious_00040.jpg,suspicious,additional_vid1,40
suspicious/suspicious_00041.jpg,suspicious,additional_vid1,41
suspicious/suspicious_00042.jpg,suspicious,additional_vid1,42
suspicious/suspicious_00043.jpg,suspicious,additional_vid1,43
suspicious/suspicious_00044.jpg,suspicious,additional_vid1,44
suspicious/suspicious_00045.jpg,suspicious,additional_vid1,45
suspicious/suspicious_00046.jpg,suspicious,additional_vid1,46
suspicious/suspicious_00047.jpg,suspicious,additional_vid1,47
suspicious/suspicious_00048.jpg,suspicious,additional_vid1,48
suspicious/suspicious_00049.jpg,suspicious,additional_vid1,49
suspicious/suspicious_00050.jpg,suspicious,additional_vid1,50
suspicious/suspicious_00051.jpg,suspicious,additional_vid1,51
suspicious/suspicious_00052.jpg,suspicious,additional_vid1,52
suspicious/suspicious_00053.jpg,suspicious,additional_vid1,53
suspicious/suspicious_00054.jpg,suspicious,additional_vid1,54
suspicious/suspicious_00055.jpg,suspicious,additional_vid1,55
suspicious/suspicious_00056.jpg,suspicious,additional_vid1,56
suspicious/suspicious_00057.jpg,suspicious,additional_vid1,57
suspicious/suspicious_00058.jpg,suspicious,additional_vid1,58
suspicious/suspicious_00059.jpg,suspicious,additional_vid1,59
suspicious/suspicious_00060.jpg,suspicious,additional_vid1,60
suspicious/suspicious_00061.jpg,suspicious,additional_vid1,61
suspicious/suspicious_00062.jpg,suspicious,additional_vid1,62
suspicious/suspicious_00063.jpg,suspicious,additional_vid1,63
suspicious/suspicious_00064.jpg,suspicious,additional_vid1,64
suspicious/suspicious_00065.jpg,suspicious,additional_vid1,65
suspicious/suspicious_00066.jpg,suspicious,additional_vid1,66
suspicious/suspicious_00067.jpg,suspicious,additional_vid1,67
suspicious/suspicious_00068.jpg,suspicious,additional_vid1,68
suspicious/suspicious_00069.jpg,suspicious,additional_vid1,69
suspicious/suspicious_00070.jpg,suspicious,additional_vid1,70
suspicious/suspicious_00071.jpg,suspicious,additional_vid1,71
suspicious/suspicious_00072.jpg,suspicious,additional_vid1,72
suspicious/suspicious_00073.jpg,suspicious,additional_vid1,73
suspicious/suspicious_00074.jpg,suspicious,additional_vid1,74
suspicious/suspicious_00075.jpg,suspicious,additional_vid1,75
suspicious/suspicious_00076.jpg,suspicious,additional_vid1,76
suspicious/suspicious_00077.jpg,suspicious,additional_vid1,77
suspicious/suspicious_00078.jpg,suspicious,additional_vid1,78
suspicious/suspicious_00079.jpg,suspicious,additional_vid1,79
suspicious/suspicious_00080.jpg,suspicious,additional_vid1,80
suspicious/suspicious_00081.jpg,suspicious,additional_vid1,81
suspicious/suspicious_00082.jpg,suspicious,additional_vid1,82
suspicious/suspicious_00083.jpg,suspicious,additional_vid1,83
suspicious/suspicious_00084.jpg,suspicious,additional_vid1,84
suspicious/suspicious_00085.jpg,suspicious,additional_vid1,85
suspicious/suspicious_00086.jpg,suspicious,additional_vid1,86
suspicious/suspicious_00087.jpg,suspicious,additional_vid1,87
suspicious/suspicious_00088.jpg,suspicious,additional_vid1,88
suspicious/suspicious_00089.jpg,suspicious,additional_vid1,89
suspicious/suspicious_00090.jpg,suspicious,additional_vid1,90
suspicious/suspicious_00091.jpg,suspicious,additional_vid1,91
suspicious/suspicious_00092.jpg,suspicious,additional_vid1,92
suspicious/suspicious_00093.jpg,suspicious,additional_vid1,93
suspicious/suspicious_00094.jpg,suspicious,additional_vid1,94
suspicious/suspicious_00095.jpg,suspicious,additional_vid1,95
suspicious/suspicious_00096.jpg,suspicious,additional_vid1,96
suspicious/suspicious_00097.jpg,suspicious,additional_vid1,97
suspicious/suspicious_00098.jpg,suspicious,additional_vid1,98
suspicious/suspicious_00099.jpg,suspicious,additional_vid1,99
suspicious/suspicious_00100.jpg,suspicious,additional_vid1,100
suspicious/suspicious_00101.jpg,suspicious,additional_vid1,101
suspicious/suspicious_00102.jpg,suspicious,additional_vid1,102
suspicious/suspicious_00103.jpg,suspicious,additional_vid1,103
suspicious/suspicious_00104.jpg,suspicious,additional_vid1,104
suspicious/suspicious_00105.jpg,suspicious,additional_vid1,105
suspicious/suspicious_00106.jpg,suspicious,additional_vid1,106
suspicious/suspicious_00107.jpg,suspicious,additional_vid1,107
suspicious/suspicious_00108.jpg,suspicious,additional_vid1,108
suspicious/suspicious_00109.jpg,suspicious,additional_vid1,109
suspicious/suspicious_00110.jpg,suspicious,additional_vid1,110
suspicious/suspicious_00111.jpg,suspicious,additional_vid1,111
suspicious/suspicious_00112.jpg,suspicious,additional_vid1,112
suspicious/suspicious_00113.jpg,suspicious,additional_vid1,113
suspicious/suspicious_00114.jpg,suspicious,additional_vid1,114
suspicious/suspicious_00115.jpg,suspicious,additional_vid1,115
suspicious/suspicious_00116.jpg,suspicious,additional_vid1,116
suspicious/suspicious_00117.jpg,suspicious,additional_vid1,117
suspicious/suspicious_00118.jpg,suspicious,additional_vid1,118
suspicious/suspicious_00119.jpg,suspicious,additional_vid1,119
suspicious/suspicious_00120.jpg,suspicious,additional_vid1,120
suspicious/suspicious_00121.jpg,suspicious,additional_vid1,121
suspicious/suspicious_00122.jpg,suspicious,additional_vid1,122
suspicious/suspicious_00123.jpg,suspicious,additional_vid1,123
suspicious/suspicious_00124.jpg,suspicious,additional_vid1,124
suspicious/suspicious_00125.jpg,suspicious,additional_vid1,125
suspicious/suspicious_00126.jpg,suspicious,additional_vid1,126
suspicious/suspicious_00127.jpg,suspicious,additional_vid1,127
suspicious/suspicious_00128.jpg,suspicious,additional_vid1,128
suspicious/suspicious_00129.jpg,suspicious,additional_vid1,129
suspicious/suspicious_00130.jpg,suspicious,additional_vid1,130
suspicious/suspicious_00131.jpg,suspicious,additional_vid1,131
suspicious/suspicious_00132.jpg,suspicious,additional_vid1,132
suspicious/suspicious_00133.jpg,suspicious,additional_vid1,133
suspicious/suspicious_00134.jpg,suspicious,additional_vid1,134
suspicious/suspicious_00135.jpg,suspicious,additional_vid1,135
suspicious/suspicious_00136.jpg,suspicious,additional_vid1,136
suspicious/suspicious_00137.jpg,suspicious,additional_vid1,137
suspicious/suspicious_00138.jpg,suspicious,additional_vid1,138
suspicious/suspicious_00139.jpg,suspicious,additional_vid1,139
suspicious/suspicious_00140.jpg,suspicious,additional_vid1,140
suspicious/suspicious_00141.jpg,suspicious,additional_vid1,141
suspicious/suspicious_00142.jpg,suspicious,additional_vid1,142
suspicious/suspicious_00143.jpg,suspicious,additional_vid1,143
suspicious/suspicious_00144.jpg,suspicious,additional_vid1,144
suspicious/suspicious_00145.jpg,suspicious,additional_vid1,145
suspicious/suspicious_00146.jpg,suspicious,additional_vid1,146
suspicious/suspicious_00147.jpg,suspicious,additional_vid1,147
suspicious/suspicious_00148.jpg,suspicious,additional_vid1,148
suspicious/suspicious_00149.jpg,suspicious,additional_vid1,149
suspicious/suspicious_00150.jpg,suspicious,additional_vid1,150
suspicious/suspicious_00151.jpg,suspicious,additional_vid1,151
suspicious/suspicious_00152.jpg,suspicious,additional_vid1,152
suspicious/suspicious_00153.jpg,suspicious,additional_vid1,153
suspicious/suspicious_00154.jpg,suspicious,additional_vid1,154
suspicious/suspicious_00155.jpg,suspicious,additional_vid1,155
suspicious/suspicious_00156.jpg,suspicious,additional_vid1,156
suspicious/suspicious_00157.jpg,suspicious,additional_vid1,157
suspicious/suspicious_00158.jpg,suspicious,additional_vid1,158
suspicious/suspicious_00159.jpg,suspicious,additional_vid1,159
suspicious/suspicious_00160.jpg,suspicious,additional_vid1,160
suspicious/suspicious_00161.jpg,suspicious,additional_vid1,161
suspicious/suspicious_00162.jpg,suspicious,additional_vid1,162
suspicious/suspicious_00163.jpg,suspicious,additional_vid1,163
suspicious/suspicious_00164.jpg,suspicious,additional_vid1,164
suspicious/suspicious_00165.jpg,suspicious,additional_vid1,165
suspicious/suspicious_00166.jpg,suspicious,additional_vid1,166
suspicious/suspicious_00167.jpg,suspicious,additional_vid1,167
suspicious/suspicious_00168.jpg,suspicious,additional_vid1,168
suspicious/suspicious_00169.jpg,suspicious,additional_vid1,169
suspicious/suspicious_00170.jpg,suspicious,additional_vid1,170
suspicious/suspicious_00171.jpg,suspicious,additional_vid1,171
suspicious/suspicious_00172.jpg,suspicious,additional_vid1,172
suspicious/suspicious_00173.jpg,suspicious,additional_vid1,173
suspicious/suspicious_00174.jpg,suspicious,additional_vid1,174
suspicious/suspicious_00175.jpg,suspicious,additional_vid1,175
suspicious/suspicious_00176.jpg,suspicious,additional_vid1,176
suspicious/suspicious_00177.jpg,suspicious,additional_vid1,177
suspicious/suspicious_00178.jpg,suspicious,additional_vid1,178
suspicious/suspicious_00179.jpg,suspicious,additional_vid1,179
suspicious/suspicious_00180.jpg,suspicious,additional_vid1,180
suspicious/suspicious_00181.jpg,suspicious,additional_vid1,181
suspicious/suspicious_00182.jpg,suspicious,additional_vid1,182
suspicious/suspicious_00183.jpg,suspicious,additional_vid1,183
suspicious/suspicious_00184.jpg,suspicious,additional_vid1,184
suspicious/suspicious_00185.jpg,suspicious,additional_vid1,185
suspicious/suspicious_00186.jpg,suspicious,additional_vid1,186
suspicious/suspicious_00187.jpg,suspicious,additional_vid1,187
suspicious/suspicious_00188.jpg,suspicious,additional_vid1,188
suspicious/suspicious_00189.jpg,suspicious,additional_vid1,189
suspicious/suspicious_00190.jpg,suspicious,additional_vid1,190
suspicious/suspicious_00191.jpg,suspicious,additional_vid1,191
suspicious/suspicious_00192.jpg,suspicious,additional_vid1,192
suspicious/suspicious_00193.jpg,suspicious,additional_vid1,193
suspicious/suspicious_00194.jpg,suspicious,additional_vid1,194
suspicious/suspicious_00195.jpg,suspicious,additional_vid1,195
suspicious/suspicious_00196.jpg,suspicious,additional_vid1,196
suspicious/suspicious_00197.jpg,suspicious,additional_vid1,197
suspicious/suspicious_00198.jpg,suspicious,additional_vid1,198
suspicious/suspicious_00199.jpg,suspicious,additional_vid1,199
suspicious/suspicious_00200.jpg,suspicious,additional_vid1,200
suspicious/suspicious_00201.jpg,suspicious,additional_vid1,201
suspicious/suspicious_00202.jpg,suspicious,additional_vid1,202
suspicious/suspicious_00203.jpg,suspicious,additional_vid1,203
suspicious/suspicious_00204.jpg,suspicious,additional_vid1,204
suspicious/suspicious_00205.jpg,suspicious,additional_vid1,205
suspicious/suspicious_00206.jpg,suspicious,additional_vid1,206
suspicious/suspicious_00207.jpg,suspicious,additional_vid1,207
suspicious/suspicious_00208.jpg,suspicious,additional_vid1,208
suspicious/suspicious_00209.jpg,suspicious,additional_vid1,209
suspicious/suspicious_00210.jpg,suspicious,additional_vid1,210
suspicious/suspicious_00211.jpg,suspicious,additional_vid1,211
suspicious/suspicious_00212.jpg,suspicious,additional_vid1,212
suspicious/suspicious_00213.jpg,suspicious,additional_vid1,213
suspicious/suspicious_00214.jpg,suspicious,additional_vid1,214
suspicious/suspicious_00215.jpg,suspicious,additional_vid1,215
suspicious/suspicious_00216.jpg,suspicious,additional_vid1,216
suspicious/suspicious_00217.jpg,suspicious,additional_vid1,217
suspicious/suspicious_00218.jpg,suspicious,additional_vid1,218
suspicious/suspicious_00219.jpg,suspicious,additional_vid1,219
suspicious/suspicious_00220.jpg,suspicious,additional_vid1,220
suspicious/suspicious_00221.jpg,suspicious,additional_vid1,221
suspicious/suspicious_00222.jpg,suspicious,additional_vid1,222
suspicious/suspicious_00223.jpg,suspicious,additional_vid1,223
suspicious/suspicious_00224.jpg,suspicious,additional_vid1,224
suspicious/suspicious_00225.jpg,suspicious,additional_vid1,225
suspicious/suspicious_00226.jpg,suspicious,additional_vid1,226
suspicious/suspicious_00227.jpg,suspicious,additional_vid1,227
suspicious/suspicious_00228.jpg,suspicious,additional_vid1,228
suspicious/suspicious_00229.jpg,suspicious,additional_vid1,229
suspicious/suspicious_00230.jpg,suspicious,additional_vid1,230
suspicious/suspicious_00231.jpg,suspicious,additional_vid1,231
suspicious/suspicious_00232.jpg,suspicious,additional_vid1,232
suspicious/suspicious_00233.jpg,suspicious,additional_vid1,233
suspicious/suspicious_00234.jpg,suspicious,additional_vid1,234
suspicious/suspicious_00235.jpg,suspicious,additional_vid1,235
suspicious/suspicious_00236.jpg,suspicious,additional_vid1,236
suspicious/suspicious_00237.jpg,suspicious,additional_vid1,237
suspicious/suspicious_00238.jpg,suspicious,additional_vid1,238
suspicious/suspicious_00239.jpg,suspicious,additional_vid1,239
suspicious/suspicious_00240.jpg,suspicious,additional_vid1,240
suspicious/suspicious_00241.jpg,suspicious,additional_vid1,241
suspicious/suspicious_00242.jpg,suspicious,additional_vid1,242
suspicious/suspicious_00243.jpg,suspicious,additional_vid1,243
suspicious/suspicious_00244.jpg,suspicious,additional_vid1,244
suspicious/suspicious_00245.jpg,suspicious,additional_vid1,245
suspicious/suspicious_00246.jpg,suspicious,additional_vid1,246
suspicious/suspicious_00247.jpg,suspicious,additional_vid1,247
suspicious/suspicious_00248.jpg,suspicious,additional_vid1,248
suspicious/suspicious_00249.jpg,suspicious,additional_vid1,249
suspicious/suspicious_00250.jpg,suspicious,additional_vid1,250
suspicious/suspicious_00251.jpg,suspicious,additional_vid1,251
suspicious/suspicious_00252.jpg,suspicious,additional_vid1,252
suspicious/suspicious_00253.jpg,suspicious,additional_vid1,253
suspicious/suspicious_00254.jpg,suspicious,additional_vid1,254
suspicious/suspicious_00255.jpg,suspicious,additional_vid1,255
suspicious/suspicious_00256.jpg,suspicious,additional_vid1,256
suspicious/suspicious_00257.jpg,suspicious,additional_vid1,257
suspicious/suspicious_00258.jpg,suspicious,additional_vid1,258
suspicious/suspicious_00259.jpg,suspicious,additional_vid1,259
suspicious/suspicious_00260.jpg,suspicious,additional_vid1,260
suspicious/suspicious_00261.jpg,suspicious,additional_vid1,261
suspicious/suspicious_00262.jpg,suspicious,additional_vid1,262
suspicious/suspicious_00263.jpg,suspicious,additional_vid1,263
suspicious/suspicious_00264.jpg,suspicious,additional_vid1,264
suspicious/suspicious_00265.jpg,suspicious,additional_vid1,265
suspicious/suspicious_00266.jpg,suspicious,additional_vid1,266
suspicious/suspicious_00267.jpg,suspicious,additional_vid1,267
suspicious/suspicious_00268.jpg,suspicious,additional_vid1,268
suspicious/suspicious_00269.jpg,suspicious,additional_vid1,269
suspicious/suspicious_00270.jpg,suspicious,additional_vid1,270
suspicious/suspicious_00271.jpg,suspicious,additional_vid1,271
suspicious/suspicious_00272.jpg,suspicious,additional_vid1,272
suspicious/suspicious_00273.jpg,suspicious,additional_vid1,273
suspicious/suspicious_00274.jpg,suspicious,additional_vid1,274
suspicious/suspicious_00275.jpg,suspicious,additional_vid1,275
suspicious/suspicious_00276.jpg,suspicious,additional_vid1,276
suspicious/suspicious_00277.jpg,suspicious,additional_vid1,277
suspicious/suspicious_00278.jpg,suspicious,additional_vid1,278
suspicious/suspicious_00279.jpg,suspicious,additional_vid1,279
suspicious/suspicious_00280.jpg,suspicious,additional_vid1,280
suspicious/suspicious_00281.jpg,suspicious,additional_vid1,281
suspicious/suspicious_00282.jpg,suspicious,additional_vid1,282
suspicious/suspicious_00283.jpg,suspicious,additional_vid1,283
suspicious/suspicious_00284.jpg,suspicious,additional_vid1,284
suspicious/suspicious_00285.jpg,suspicious,additional_vid1,285
suspicious/suspicious_00286.jpg,suspicious,additional_vid1,286
suspicious/suspicious_00287.jpg,suspicious,additional_vid1,287
suspicious/suspicious_00288.jpg,suspicious,additional_vid1,288
suspicious/suspicious_00289.jpg,suspicious,additional_vid1,289
suspicious/suspicious_00290.jpg,suspicious,additional_vid1,290
suspicious/suspicious_00291.jpg,suspicious,additional_vid1,291
suspicious/suspicious_00292.jpg,suspicious,additional_vid2,1
suspicious/suspicious_00293.jpg,suspicious,additional_vid2,2
suspicious/suspicious_00294.jpg,suspicious,additional_vid2,3
suspicious/suspicious_00295.jpg,suspicious,additional_vid2,4
suspicious/suspicious_00296.jpg,suspicious,additional_vid2,5
suspicious/suspicious_00297.jpg,suspicious,additional_vid2,6
suspicious/suspicious_00298.jpg,suspicious,additional_vid2,7
suspicious/suspicious_00299.jpg,suspicious,additional_vid2,8
suspicious/suspicious_00300.jpg,suspicious,additional_vid2,9
suspicious/suspicious_00301.jpg,suspicious,additional_vid2,10
suspicious/suspicious_00302.jpg,suspicious,additional_vid2,11
suspicious/suspicious_00303.jpg,suspicious,additional_vid2,12
suspicious/suspicious_00304.jpg,suspicious,additional_vid2,13
suspicious/suspicious_00305.jpg,suspicious,additional_vid2,14
suspicious/suspicious_00306.jpg,suspicious,additional_vid2,15
suspicious/suspicious_00307.jpg,suspicious,additional_vid2,16
suspicious/suspicious_00308.jpg,suspicious,additional_vid2,17
suspicious/suspicious_00309.jpg,suspicious,additional_vid2,18
suspicious/suspicious_00310.jpg,suspicious,additional_vid2,19
suspicious/suspicious_00311.jpg,suspicious,additional_vid2,20
suspicious/suspicious_00312.jpg,suspicious,additional_vid2,21
suspicious/suspicious_00313.jpg,suspicious,additional_vid2,22
suspicious/suspicious_00314.jpg,suspicious,additional_vid2,23
suspicious/suspicious_00315.jpg,suspicious,additional_vid2,24
suspicious/suspicious_00316.jpg,suspicious,additional_vid2,25
suspicious/suspicious_00317.jpg,suspicious,additional_vid2,26
suspicious/suspicious_00318.jpg,suspicious,additional_vid2,27
suspicious/suspicious_00319.jpg,suspicious,additional_vid2,28
suspicious/suspicious_00320.jpg,suspicious,additional_vid2,29
suspicious/suspicious_00321.jpg,suspicious,additional_vid2,30
suspicious/suspicious_00322.jpg,suspicious,additional_vid2,31
suspicious/suspicious_00323.jpg,suspicious,additional_vid2,32
suspicious/suspicious_00324.jpg,suspicious,additional_vid2,33
suspicious/suspicious_00325.jpg,suspicious,additional_vid2,34
suspicious/suspicious_00326.jpg,suspicious,additional_vid2,35
suspicious/suspicious_00327.jpg,suspicious,additional_vid2,36
suspicious/suspicious_00328.jpg,suspicious,additional_vid2,37
suspicious/suspicious_00329.jpg,suspicious,additional_vid2,38
suspicious/suspicious_00330.jpg,suspicious,additional_vid2,39
suspicious/suspicious_00331.jpg,suspicious,additional_vid2,40
suspicious/suspicious_00332.jpg,suspicious,additional_vid2,41
suspicious/suspicious_00333.jpg,suspicious,additional_vid2,42
suspicious/suspicious_00334.jpg,suspicious,additional_vid2,43
suspicious/suspicious_00335.jpg,suspicious,additional_vid2,44
suspicious/suspicious_00336.jpg,suspicious,additional_vid2,45
suspicious/suspicious_00337.jpg,suspicious,additional_vid2,46
suspicious/suspicious_00338.jpg,suspicious,additional_vid2,47
suspicious/suspicious_00339.jpg,suspicious,additional_vid2,48
suspicious/suspicious_00340.jpg,suspicious,additional_vid2,49
suspicious/suspicious_00341.jpg,suspicious,additional_vid2,50
suspicious/suspicious_00342.jpg,suspicious,additional_vid2,51
suspicious/suspicious_00343.jpg,suspicious,additional_vid2,52
suspicious/suspicious_00344.jpg,suspicious,additional_vid2,53
suspicious/suspicious_00345.jpg,suspicious,additional_vid2,54
suspicious/suspicious_00346.jpg,suspicious,additional_vid2,55
suspicious/suspicious_00347.jpg,suspicious,additional_vid2,56
suspicious/suspicious_00348.jpg,suspicious,additional_vid2,57
suspicious/suspicious_00349.jpg,suspicious,additional_vid2,58
suspicious/suspicious_00350.jpg,suspicious,additional_vid2,59
suspicious/suspicious_00351.jpg,suspicious,additional_vid2,60
suspicious/suspicious_00352.jpg,suspicious,additional_vid2,61
suspicious/suspicious_00353.jpg,suspicious,additional_vid2,62
suspicious/suspicious_00354.jpg,suspicious,additional_vid2,63
suspicious/suspicious_00355.jpg,suspicious,additional_vid2,64
suspicious/suspicious_00356.jpg,suspicious,additional_vid2,65
suspicious/suspicious_00357.jpg,suspicious,additional_vid2,66
suspicious/suspicious_00358.jpg,suspicious,additional_vid2,67
suspicious/suspicious_00359.jpg,suspicious,additional_vid2,68
suspicious/suspicious_00360.jpg,suspicious,additional_vid2,69
suspicious/suspicious_00361.jpg,suspicious,additional_vid2,70
suspicious/suspicious_00362.jpg,suspicious,additional_vid2,71
suspicious/suspicious_00363.jpg,suspicious,additional_vid2,72
suspicious/suspicious_00364.jpg,suspicious,additional_vid2,73
suspicious/suspicious_00365.jpg,suspicious,additional_vid2,74
suspicious/suspicious_00366.jpg,suspicious,additional_vid2,75
suspicious/suspicious_00367.jpg,suspicious,additional_vid2,76
suspicious/suspicious_00368.jpg,suspicious,additional_vid2,77
suspicious/suspicious_00369.jpg,suspicious,additional_vid2,78
suspicious/suspicious_00370.jpg,suspicious,additional_vid2,79
suspicious/suspicious_00371.jpg,suspicious,additional_vid2,80
suspicious/suspicious_00372.jpg,suspicious,additional_vid2,81
suspicious/suspicious_00373.jpg,suspicious,additional_vid2,82
suspicious/suspicious_00374.jpg,suspicious,additional_vid2,83
suspicious/suspicious_00375.jpg,suspicious,additional_vid2,84
suspicious/suspicious_00376.jpg,suspicious,additional_vid2,85
suspicious/suspicious_00377.jpg,suspicious,additional_vid2,86
suspicious/suspicious_00378.jpg,suspicious,additional_vid2,87
suspicious/suspicious_00379.jpg,suspicious,additional_vid2,88
suspicious/suspicious_00380.jpg,suspicious,additional_vid2,89
suspicious/suspicious_00381.jpg,suspicious,additional_vid2,90
suspicious/suspicious_00382.jpg,suspicious,additional_vid2,91
suspicious/suspicious_00383.jpg,suspicious,additional_vid2,92
suspicious/suspicious_00384.jpg,suspicious,additional_vid2,93
suspicious/suspicious_00385.jpg,suspicious,additional_vid2,94
suspicious/suspicious_00386.jpg,suspicious,additional_vid2,95
suspicious/suspicious_00387.jpg,suspicious,additional_vid2,96
suspicious/suspicious_00388.jpg,suspicious,additional_vid2,97
suspicious/suspicious_00389.jpg,suspicious,additional_vid2,98
suspicious/suspicious_00390.jpg,suspicious,additional_vid2,99
suspicious/suspicious_00391.jpg,suspicious,additional_vid2,100
suspicious/suspicious_00392.jpg,suspicious,additional_vid2,101
suspicious/suspicious_00393.jpg,suspicious,additional_vid2,102
suspicious/suspicious_00394.jpg,suspicious,additional_vid2,103
suspicious/suspicious_00395.jpg,suspicious,additional_vid2,104
suspicious/suspicious_00396.jpg,suspicious,additional_vid2,105
suspicious/suspicious_00397.jpg,suspicious,additional_vid2,106
suspicious/suspicious_00398.jpg,suspicious,additional_vid2,107
suspicious/suspicious_00399.jpg,suspicious,additional_vid2,108
suspicious/suspicious_00400.jpg,suspicious,additional_vid2,109
suspicious/suspicious_00401.jpg,suspicious,additional_vid2,110
suspicious/suspicious_00402.jpg,suspicious,additional_vid2,111
suspicious/suspicious_00403.jpg,suspicious,additional_vid2,112
suspicious/suspicious_00404.jpg,suspicious,additional_vid2,113
suspicious/suspicious_00405.jpg,suspicious,additional_vid2,114
suspicious/suspicious_00406.jpg,suspicious,additional_vid2,115
suspicious/suspicious_00407.jpg,suspicious,additional_vid2,116
suspicious/suspicious_00408.jpg,suspicious,additional_vid2,117
suspicious/suspicious_00409.jpg,suspicious,additional_vid2,118
suspicious/suspicious_00410.jpg,suspicious,additional_vid2,119
suspicious/suspicious_00411.jpg,suspicious,additional_vid2,120
suspicious/suspicious_00412.jpg,suspicious,additional_vid2,121
suspicious/suspicious_00413.jpg,suspicious,additional_vid2,122
suspicious/suspicious_00414.jpg,suspicious,additional_vid2,123
suspicious/suspicious_00415.jpg,suspicious,additional_vid2,124
suspicious/suspicious_00416.jpg,suspicious,additional_vid2,125
suspicious/suspicious_00417.jpg,suspicious,additional_vid2,126
suspicious/suspicious_00418.jpg,suspicious,additional_vid2,127
suspicious/suspicious_00419.jpg,suspicious,additional_vid2,128
suspicious/suspicious_00420.jpg,suspicious,additional_vid2,129
suspicious/suspicious_00421.jpg,suspicious,additional_vid2,130
suspicious/suspicious_00422.jpg,suspicious,additional_vid2,131
suspicious/suspicious_00423.jpg,suspicious,additional_vid2,132
suspicious/suspicious_00424.jpg,suspicious,additional_vid2,133
suspicious/suspicious_00425.jpg,suspicious,additional_vid2,134
suspicious/suspicious_00426.jpg,suspicious,additional_vid2,135
suspicious/suspicious_00427.jpg,suspicious,additional_vid2,136
suspicious/suspicious_00428.jpg,suspicious,additional_vid2,137
suspicious/suspicious_00429.jpg,suspicious,additional_vid2,138
suspicious/suspicious_00430.jpg,suspicious,additional_vid2,139
suspicious/suspicious_00431.jpg,suspicious,additional_vid2,140
suspicious/suspicious_00432.jpg,suspicious,additional_vid2,141
suspicious/suspicious_00433.jpg,suspicious,additional_vid2,142
suspicious/suspicious_00434.jpg,suspicious,additional_vid2,143
suspicious/suspicious_00435.jpg,suspicious,additional_vid2,144
suspicious/suspicious_00436.jpg,suspicious,additional_vid2,145
suspicious/suspicious_00437.jpg,suspicious,additional_vid2,146
suspicious/suspicious_00438.jpg,suspicious,additional_vid2,147
suspicious/suspicious_00439.jpg,suspicious,additional_vid2,148
suspicious/suspicious_00440.jpg,suspicious,additional_vid2,149
suspicious/suspicious_00441.jpg,suspicious,additional_vid2,150
suspicious/suspicious_00442.jpg,suspicious,additional_vid2,151
suspicious/suspicious_00443.jpg,suspicious,additional_vid2,152
suspicious/suspicious_00444.jpg,suspicious,additional_vid2,153
suspicious/suspicious_00445.jpg,suspicious,additional_vid2,154
suspicious/suspicious_00446.jpg,suspicious,additional_vid2,155
suspicious/suspicious_00447.jpg,suspicious,additional_vid2,156
suspicious/suspicious_00448.jpg,suspicious,additional_vid2,157
suspicious/suspicious_00449.jpg,suspicious,additional_vid2,158
suspicious/suspicious_00450.jpg,suspicious,additional_vid2,159
suspicious/suspicious_00451.jpg,suspicious,additional_vid2,160
suspicious/suspicious_00452.jpg,suspicious,additional_vid2,161
suspicious/suspicious_00453.jpg,suspicious,additional_vid2,162
suspicious/suspicious_00454.jpg,suspicious,additional_vid2,163
suspicious/suspicious_00455.jpg,suspicious,additional_vid2,164
suspicious/suspicious_00456.jpg,suspicious,additional_vid2,165
suspicious/suspicious_00457.jpg,suspicious,additional_vid2,166
suspicious/suspicious_00458.jpg,suspicious,additional_vid2,167
suspicious/suspicious_00459.jpg,suspicious,additional_vid2,168
suspicious/suspicious_00460.jpg,suspicious,additional_vid2,169
suspicious/suspicious_00461.jpg,suspicious,additional_vid2,170
suspicious/suspicious_00462.jpg,suspicious,additional_vid2,171
suspicious/suspicious_00463.jpg,suspicious,additional_vid2,172
suspicious/suspicious_00464.jpg,suspicious,additional_vid2,173
suspicious/suspicious_00465.jpg,suspicious,additional_vid2,174
suspicious/suspicious_00466.jpg,suspicious,additional_vid2,175
suspicious/suspicious_00467.jpg,suspicious,additional_vid2,176
suspicious/suspicious_00468.jpg,suspicious,additional_vid2,177
suspicious/suspicious_00469.jpg,suspicious,additional_vid2,178
suspicious/suspicious_00470.jpg,suspicious,additional_vid2,179
suspicious/suspicious_00471.jpg,suspicious,additional_vid2,180
suspicious/suspicious_00472.jpg,suspicious,additional_vid2,181
suspicious/suspicious_00473.jpg,suspicious,additional_vid2,182
suspicious/suspicious_00474.jpg,suspicious,additional_vid2,183
suspicious/suspicious_00475.jpg,suspicious,additional_vid2,184
suspicious/suspicious_00476.jpg,suspicious,additional_vid2,185
suspicious/suspicious_00477.jpg,suspicious,additional_vid2,186
suspicious/suspicious_00478.jpg,suspicious,additional_vid2,187
suspicious/suspicious_00479.jpg,suspicious,additional_vid2,188
suspicious/suspicious_00480.jpg,suspicious,additional_vid2,189
suspicious/suspicious_00481.jpg,suspicious,additional_vid2,190
suspicious/suspicious_00482.jpg,suspicious,additional_vid2,191
suspicious/suspicious_00483.jpg,suspicious,additional_vid2,192
suspicious/suspicious_00484.jpg,suspicious,additional_vid2,193
suspicious/suspicious_00485.jpg,suspicious,additional_vid2,194
suspicious/suspicious_00486.jpg,suspicious,additional_vid2,195
suspicious/suspicious_00487.jpg,suspicious,additional_vid2,196
suspicious/suspicious_00488.jpg,suspicious,additional_vid2,197
suspicious/suspicious_00489.jpg,suspicious,additional_vid2,198
suspicious/suspicious_00490.jpg,suspicious,additional_vid2,199
suspicious/suspicious_00491.jpg,suspicious,additional_vid2,200
suspicious/suspicious_00492.jpg,suspicious,additional_vid2,201
suspicious/suspicious_00493.jpg,suspicious,additional_vid2,202
suspicious/suspicious_00494.jpg,suspicious,additional_vid2,203
suspicious/suspicious_00495.jpg,suspicious,additional_vid2,204
suspicious/suspicious_00496.jpg,suspicious,additional_vid2,205
suspicious/suspicious_00497.jpg,suspicious,additional_vid2,206
suspicious/suspicious_00498.jpg,suspicious,additional_vid2,207
suspicious/suspicious_00499.jpg,suspicious,additional_vid2,208
suspicious/suspicious_00500.jpg,suspicious,additional_vid2,209
suspicious/suspicious_00501.jpg,suspicious,additional_vid2,210
suspicious/suspicious_00502.jpg,suspicious,additional_vid2,211
suspicious/suspicious_00503.jpg,suspicious,additional_vid2,212
suspicious/suspicious_00504.jpg,suspicious,additional_vid2,213
suspicious/suspicious_00505.jpg,suspicious,additional_vid2,214
suspicious/suspicious_00506.jpg,suspicious,additional_vid2,215
suspicious/suspicious_00507.jpg,suspicious,additional_vid2,216
suspicious/suspicious_00508.jpg,suspicious,additional_vid2,217
suspicious/suspicious_00509.jpg,suspicious,additional_vid2,218
suspicious/suspicious_00510.jpg,suspicious,additional_vid2,219
suspicious/suspicious_00511.jpg,suspicious,additional_vid2,220
suspicious/suspicious_00512.jpg,suspicious,additional_vid2,221
suspicious/suspicious_00513.jpg,suspicious,additional_vid2,222
suspicious/suspicious_00514.jpg,suspicious,additional_vid2,223
suspicious/suspicious_00515.jpg,suspicious,additional_vid2,224
suspicious/suspicious_00516.jpg,suspicious,additional_vid2,225
suspicious/suspicious_00517.jpg,suspicious,additional_vid2,226
suspicious/suspicious_00518.jpg,suspicious,additional_vid2,227
suspicious/suspicious_00519.jpg,suspicious,additional_vid2,228
suspicious/suspicious_00520.jpg,suspicious,additional_vid2,229
suspicious/suspicious_00521.jpg,suspicious,additional_vid2,230
suspicious/suspicious_00522.jpg,suspicious,additional_vid2,231
suspicious/suspicious_00523.jpg,suspicious,additional_vid2,232
suspicious/suspicious_00524.jpg,suspicious,additional_vid2,233
suspicious/suspicious_00525.jpg,suspicious,additional_vid2,234
suspicious/suspicious_00526.jpg,suspicious,additional_vid2,235
suspicious/suspicious_00527.jpg,suspicious,additional_vid2,236
suspicious/suspicious_00528.jpg,suspicious,additional_vid2,237
suspicious/suspicious_00529.jpg,suspicious,additional_vid2,238
suspicious/suspicious_00530.jpg,suspicious,additional_vid2,239
suspicious/suspicious_00531.jpg,suspicious,additional_vid2,240
suspicious/suspicious_00532.jpg,suspicious,additional_vid2,241
suspicious/suspicious_00533.jpg,suspicious,additional_vid2,242
suspicious/suspicious_00534.jpg,suspicious,additional_vid2,243
suspicious/suspicious_00535.jpg,suspicious,additional_vid2,244
suspicious/suspicious_00536.jpg,suspicious,additional_vid2,245
suspicious/suspicious_00537.jpg,suspicious,additional_vid2,246
suspicious/suspicious_00538.jpg,suspicious,additional_vid2,247
suspicious/suspicious_00539.jpg,suspicious,additional_vid2,248
suspicious/suspicious_00540.jpg,suspicious,additional_vid2,249
suspicious/suspicious_00541.jpg,suspicious,additional_vid2,250
suspicious/suspicious_00542.jpg,suspicious,additional_vid2,251
suspicious/suspicious_00543.jpg,suspicious,additional_vid2,252
suspicious/suspicious_00544.jpg,suspicious,additional_vid2,253
suspicious/suspicious_00545.jpg,suspicious,additional_vid2,254
suspicious/suspicious_00546.jpg,suspicious,additional_vid2,255
suspicious/suspicious_00547.jpg,suspicious,additional_vid2,256
suspicious/suspicious_00548.jpg,suspicious,additional_vid2,257
suspicious/suspicious_00549.jpg,suspicious,additional_vid2,258
suspicious/suspicious_00550.jpg,suspicious,additional_vid2,259
suspicious/suspicious_00551.jpg,suspicious,additional_vid2,260
suspicious/suspicious_00552.jpg,suspicious,additional_vid2,261
suspicious/suspicious_00553.jpg,suspicious,additional_vid2,262
suspicious/suspicious_00554.jpg,suspicious,additional_vid2,263
suspicious/suspicious_00555.jpg,suspicious,additional_vid2,264
suspicious/suspicious_00556.jpg,suspicious,additional_vid2,265
suspicious/suspicious_00557.jpg,suspicious,additional_vid2,266
suspicious/suspicious_00558.jpg,suspicious,additional_vid2,267
suspicious/suspicious_00559.jpg,suspicious,additional_vid2,268
suspicious/suspicious_00560.jpg,suspicious,additional_vid2,269
suspicious/suspicious_00561.jpg,suspicious,additional_vid2,270
suspicious/suspicious_00562.jpg,suspicious,additional_vid2,271
suspicious/suspicious_00563.jpg,suspicious,additional_vid2,272
suspicious/suspicious_00564.jpg,suspicious,additional_vid3,1
suspicious/suspicious_00565.jpg,suspicious,additional_vid3,2
suspicious/suspicious_00566.jpg,suspicious,additional_vid3,3
suspicious/suspicious_00567.jpg,suspicious,additional_vid3,4
suspicious/suspicious_00568.jpg,suspicious,additional_vid3,5
suspicious/suspicious_00569.jpg,suspicious,additional_vid3,6
suspicious/suspicious_00570.jpg,suspicious,additional_vid3,7
suspicious/suspicious_00571.jpg,suspicious,additional_vid3,8
suspicious/suspicious_00572.jpg,suspicious,additional_vid3,9
suspicious/suspicious_00573.jpg,suspicious,additional_vid3,10
suspicious/suspicious_00574.jpg,suspicious,additional_vid3,11
suspicious/suspicious_00575.jpg,suspicious,additional_vid3,12
suspicious/suspicious_00576.jpg,suspicious,additional_vid3,13
suspicious/suspicious_00577.jpg,suspicious,additional_vid3,14
suspicious/suspicious_00578.jpg,suspicious,additional_vid3,15
suspicious/suspicious_00579.jpg,suspicious,additional_vid3,16
suspicious/suspicious_00580.jpg,suspicious,additional_vid3,17
suspicious/suspicious_00581.jpg,suspicious,additional_vid3,18
suspicious/suspicious_00582.jpg,suspicious,additional_vid3,19
suspicious/suspicious_00583.jpg,suspicious,additional_vid3,20
suspicious/suspicious_00584.jpg,suspicious,additional_vid3,21
suspicious/suspicious_00585.jpg,suspicious,additional_vid3,22
suspicious/suspicious_00586.jpg,suspicious,additional_vid3,23
suspicious/suspicious_00587.jpg,suspicious,additional_vid3,24
suspicious/suspicious_00588.jpg,suspicious,additional_vid3,25
suspicious/suspicious_00589.jpg,suspicious,additional_vid3,26
suspicious/suspicious_00590.jpg,suspicious,additional_vid3,27
suspicious/suspicious_00591.jpg,suspicious,additional_vid3,28
suspicious/suspicious_00592.jpg,suspicious,additional_vid3,29
suspicious/suspicious_00593.jpg,suspicious,additional_vid3,30
suspicious/suspicious_00594.jpg,suspicious,additional_vid3,31
suspicious/suspicious_00595.jpg,suspicious,additional_vid3,32
suspicious/suspicious_00596.jpg,suspicious,additional_vid3,33
suspicious/suspicious_00597.jpg,suspicious,additional_vid3,34
suspicious/suspicious_00598.jpg,suspicious,additional_vid3,35
suspicious/suspicious_00599.jpg,suspicious,additional_vid3,36
suspicious/suspicious_00600.jpg,suspicious,additional_vid3,37
suspicious/suspicious_00601.jpg,suspicious,additional_vid3,38
suspicious/suspicious_00602.jpg,suspicious,additional_vid3,39
suspicious/suspicious_00603.jpg,suspicious,additional_vid3,40
suspicious/suspicious_00604.jpg,suspicious,additional_vid3,41
suspicious/suspicious_00605.jpg,suspicious,additional_vid3,42
suspicious/suspicious_00606.jpg,suspicious,additional_vid3,43
suspicious/suspicious_00607.jpg,suspicious,additional_vid3,44
suspicious/suspicious_00608.jpg,suspicious,additional_vid3,45
suspicious/suspicious_00609.jpg,suspicious,additional_vid3,46
suspicious/suspicious_00610.jpg,suspicious,additional_vid3,47
suspicious/suspicious_00611.jpg,suspicious,additional_vid3,48
suspicious/suspicious_00612.jpg,suspicious,additional_vid3,49
suspicious/suspicious_00613.jpg,suspicious,additional_vid3,50
suspicious/suspicious_00614.jpg,suspicious,additional_vid3,51
suspicious/suspicious_00615.jpg,suspicious,additional_vid3,52
suspicious/suspicious_00616.jpg,suspicious,additional_vid3,53
suspicious/suspicious_00617.jpg,suspicious,additional_vid3,54
suspicious/suspicious_00618.jpg,suspicious,additional_vid3,55
suspicious/suspicious_00619.jpg,suspicious,additional_vid3,56
suspicious/suspicious_00620.jpg,suspicious,additional_vid3,57
suspicious/suspicious_00621.jpg,suspicious,additional_vid3,58
suspicious/suspicious_00622.jpg,suspicious,additional_vid3,59
suspicious/suspicious_00623.jpg,suspicious,additional_vid3,60
suspicious/suspicious_00624.jpg,suspicious,additional_vid3,61
suspicious/suspicious_00625.jpg,suspicious,additional_vid3,62
suspicious/suspicious_00626.jpg,suspicious,additional_vid3,63
suspicious/suspicious_00627.jpg,suspicious,additional_vid3,64
suspicious/suspicious_00628.jpg,suspicious,additional_vid3,65
suspicious/suspicious_00629.jpg,suspicious,additional_vid3,66
suspicious/suspicious_00630.jpg,suspicious,additional_vid3,67
suspicious/suspicious_00631.jpg,suspicious,additional_vid3,68
suspicious/suspicious_00632.jpg,suspicious,additional_vid3,69
suspicious/suspicious_00633.jpg,suspicious,additional_vid3,70
suspicious/suspicious_00634.jpg,suspicious,additional_vid3,71
suspicious/suspicious_00635.jpg,suspicious,additional_vid3,72
suspicious/suspicious_00636.jpg,suspicious,additional_vid3,73
suspicious/suspicious_00637.jpg,suspicious,additional_vid3,74
suspicious/suspicious_00638.jpg,suspicious,additional_vid3,75
suspicious/suspicious_00639.jpg,suspicious,additional_vid3,76
suspicious/suspicious_00640.jpg,suspicious,additional_vid3,77
suspicious/suspicious_00641.jpg,suspicious,additional_vid3,78
suspicious/suspicious_00642.jpg,suspicious,additional_vid3,79
suspicious/suspicious_00643.jpg,suspicious,additional_vid3,80
suspicious/suspicious_00644.jpg,suspicious,additional_vid3,81
suspicious/suspicious_00645.jpg,suspicious,additional_vid3,82
suspicious/suspicious_00646.jpg,suspicious,additional_vid3,83
suspicious/suspicious_00647.jpg,suspicious,additional_vid3,84
suspicious/suspicious_00648.jpg,suspicious,additional_vid3,85
suspicious/suspicious_00649.jpg,suspicious,additional_vid3,86
suspicious/suspicious_00650.jpg,suspicious,additional_vid3,87
suspicious/suspicious_00651.jpg,suspicious,additional_vid3,88
suspicious/suspicious_00652.jpg,suspicious,additional_vid3,89
suspicious/suspicious_00653.jpg,suspicious,additional_vid3,90
suspicious/suspicious_00654.jpg,suspicious,additional_vid3,91
suspicious/suspicious_00655.jpg,suspicious,additional_vid3,92
suspicious/suspicious_00656.jpg,suspicious,additional_vid3,93
suspicious/suspicious_00657.jpg,suspicious,additional_vid3,94
suspicious/suspicious_00658.jpg,suspicious,additional_vid3,95
suspicious/suspicious_00659.jpg,suspicious,additional_vid3,96
suspicious/suspicious_00660.jpg,suspicious,additional_vid3,97
suspicious/suspicious_00661.jpg,suspicious,additional_vid3,98
suspicious/suspicious_00662.jpg,suspicious,additional_vid3,99
suspicious/suspicious_00663.jpg,suspicious,additional_vid3,100
suspicious/suspicious_00664.jpg,suspicious,additional_vid3,101
suspicious/suspicious_00665.jpg,suspicious,additional_vid3,102
suspicious/suspicious_00666.jpg,suspicious,additional_vid3,103
suspicious/suspicious_00667.jpg,suspicious,additional_vid3,104
suspicious/suspicious_00668.jpg,suspicious,additional_vid3,105
suspicious/suspicious_00669.jpg,suspicious,additional_vid3,106
suspicious/suspicious_00670.jpg,suspicious,additional_vid3,107
suspicious/suspicious_00671.jpg,suspicious,additional_vid3,108
suspicious/suspicious_00672.jpg,suspicious,additional_vid3,109
suspicious/suspicious_00673.jpg,suspicious,additional_vid3,110
suspicious/suspicious_00674.jpg,suspicious,additional_vid3,111
suspicious/suspicious_00675.jpg,suspicious,additional_vid3,112
suspicious/suspicious_00676.jpg,suspicious,additional_vid3,113
suspicious/suspicious_00677.jpg,suspicious,additional_vid3,114
suspicious/suspicious_00678.jpg,suspicious,additional_vid4,1
suspicious/suspicious_00679.jpg,suspicious,additional_vid4,2
suspicious/suspicious_00680.jpg,suspicious,additional_vid4,3
suspicious/suspicious_00681.jpg,suspicious,additional_vid4,4
suspicious/suspicious_00682.jpg,suspicious,additional_vid4,5
suspicious/suspicious_00683.jpg,suspicious,additional_vid4,6
suspicious/suspicious_00684.jpg,suspicious,additional_vid4,7
suspicious/suspicious_00685.jpg,suspicious,additional_vid4,8
suspicious/suspicious_00686.jpg,suspicious,additional_vid4,9
suspicious/suspicious_00687.jpg,suspicious,additional_vid4,10
suspicious/suspicious_00688.jpg,suspicious,additional_vid4,11
suspicious/suspicious_00689.jpg,suspicious,additional_vid4,12
suspicious/suspicious_00690.jpg,suspicious,additional_vid4,13
suspicious/suspicious_00691.jpg,suspicious,additional_vid4,14
suspicious/suspicious_00692.jpg,suspicious,additional_vid4,15
suspicious/suspicious_00693.jpg,suspicious,additional_vid4,16
suspicious/suspicious_00694.jpg,suspicious,additional_vid4,17
suspicious/suspicious_00695.jpg,suspicious,additional_vid4,18
suspicious/suspicious_00696.jpg,suspicious,additional_vid4,19
suspicious/suspicious_00697.jpg,suspicious,additional_vid4,20
suspicious/suspicious_00698.jpg,suspicious,additional_vid4,21
suspicious/suspicious_00699.jpg,suspicious,additional_vid4,22
suspicious/suspicious_00700.jpg,suspicious,additional_vid4,23
suspicious/suspicious_00701.jpg,suspicious,additional_vid4,24
suspicious/suspicious_00702.jpg,suspicious,additional_vid4,25
suspicious/suspicious_00703.jpg,suspicious,additional_vid4,26
suspicious/suspicious_00704.jpg,suspicious,additional_vid4,27
suspicious/suspicious_00705.jpg,suspicious,additional_vid4,28
suspicious/suspicious_00706.jpg,suspicious,additional_vid4,29
suspicious/suspicious_00707.jpg,suspicious,additional_vid4,30
suspicious/suspicious_00708.jpg,suspicious,additional_vid4,31
suspicious/suspicious_00709.jpg,suspicious,additional_vid4,32
suspicious/suspicious_00710.jpg,suspicious,additional_vid4,33
suspicious/suspicious_00711.jpg,suspicious,additional_vid4,34
suspicious/suspicious_00712.jpg,suspicious,additional_vid4,35
suspicious/suspicious_00713.jpg,suspicious,additional_vid4,36
suspicious/suspicious_00714.jpg,suspicious,additional_vid4,37
suspicious/suspicious_00715.jpg,suspicious,additional_vid4,38
suspicious/suspicious_00716.jpg,suspicious,additional_vid4,39
suspicious/suspicious_00717.jpg,suspicious,additional_vid4,40
suspicious/suspicious_00718.jpg,suspicious,additional_vid4,41
suspicious/suspicious_00719.jpg,suspicious,additional_vid4,42
suspicious/suspicious_00720.jpg,suspicious,additional_vid4,43
suspicious/suspicious_00721.jpg,suspicious,additional_vid4,44
suspicious/suspicious_00722.jpg,suspicious,additional_vid4,45
suspicious/suspicious_00723.jpg,suspicious,additional_vid4,46
suspicious/suspicious_00724.jpg,suspicious,additional_vid4,47
suspicious/suspicious_00725.jpg,suspicious,additional_vid4,48
suspicious/suspicious_00726.jpg,suspicious,additional_vid4,49
suspicious/suspicious_00727.jpg,suspicious,additional_vid4,50
suspicious/suspicious_00728.jpg,suspicious,additional_vid4,51
suspicious/suspicious_00729.jpg,suspicious,additional_vid4,52
suspicious/suspicious_00730.jpg,suspicious,additional_vid4,53
suspicious/suspicious_00731.jpg,suspicious,additional_vid4,54
suspicious/suspicious_00732.jpg,suspicious,additional_vid4,55
suspicious/suspicious_00733.jpg,suspicious,additional_vid4,56
suspicious/suspicious_00734.jpg,suspicious,additional_vid4,57
suspicious/suspicious_00735.jpg,suspicious,additional_vid4,58
suspicious/suspicious_00736.jpg,suspicious,additional_vid4,59
suspicious/suspicious_00737.jpg,suspicious,additional_vid4,60
suspicious/suspicious_00738.jpg,suspicious,additional_vid4,61
suspicious/suspicious_00739.jpg,suspicious,additional_vid4,62
suspicious/suspicious_00740.jpg,suspicious,additional_vid4,63
suspicious/suspicious_00741.jpg,suspicious,additional_vid4,64
suspicious/suspicious_00742.jpg,suspicious,additional_vid4,65
suspicious/suspicious_00743.jpg,suspicious,additional_vid4,66
suspicious/suspicious_00744.jpg,suspicious,additional_vid4,67
suspicious/suspicious_00745.jpg,suspicious,additional_vid4,68
suspicious/suspicious_00746.jpg,suspicious,additional_vid4,69
suspicious/suspicious_00747.jpg,suspicious,additional_vid4,70
suspicious/suspicious_00748.jpg,suspicious,additional_vid4,71
suspicious/suspicious_00749.jpg,suspicious,additional_vid4,72
suspicious/suspicious_00750.jpg,suspicious,additional_vid4,73
suspicious/suspicious_00751.jpg,suspicious,additional_vid4,74
suspicious/suspicious_00752.jpg,suspicious,additional_vid4,75
suspicious/suspicious_00753.jpg,suspicious,additional_vid4,76
suspicious/suspicious_00754.jpg,suspicious,additional_vid4,77
suspicious/suspicious_00755.jpg,suspicious,additional_vid4,78
suspicious/suspicious_00756.jpg,suspicious,additional_vid4,79
suspicious/suspicious_00757.jpg,suspicious,additional_vid4,80
suspicious/suspicious_00758.jpg,suspicious,additional_vid4,81
suspicious/suspicious_00759.jpg,suspicious,additional_vid4,82
suspicious/suspicious_00760.jpg,suspicious,additional_vid4,83
suspicious/suspicious_00761.jpg,suspicious,additional_vid4,84
suspicious/suspicious_00762.jpg,suspicious,additional_vid4,85
suspicious/suspicious_00763.jpg,suspicious,additional_vid4,86
suspicious/suspicious_00764.jpg,suspicious,additional_vid4,87
suspicious/suspicious_00765.jpg,suspicious,additional_vid4,88
suspicious/suspicious_00766.jpg,suspicious,additional_vid4,89
suspicious/suspicious_00767.jpg,suspicious,additional_vid4,90
suspicious/suspicious_00768.jpg,suspicious,additional_vid4,91
suspicious/suspicious_00769.jpg,suspicious,additional_vid4,92
suspicious/suspicious_00770.jpg,suspicious,additional_vid4,93
suspicious/suspicious_00771.jpg,suspicious,additional_vid4,94
suspicious/suspicious_00772.jpg,suspicious,additional_vid4,95
suspicious/suspicious_00773.jpg,suspicious,additional_vid4,96
suspicious/suspicious_00774.jpg,suspicious,additional_vid4,97
suspicious/suspicious_00775.jpg,suspicious,additional_vid4,98
suspicious/suspicious_00776.jpg,suspicious,additional_vid4,99
suspicious/suspicious_00777.jpg,suspicious,additional_vid4,100
suspicious/suspicious_00778.jpg,suspicious,additional_vid4,101
suspicious/suspicious_00779.jpg,suspicious,additional_vid4,102
suspicious/suspicious_00780.jpg,suspicious,additional_vid4,103
suspicious/suspicious_00781.jpg,suspicious,additional_vid4,104
suspicious/suspicious_00782.jpg,suspicious,additional_vid4,105
suspicious/suspicious_00783.jpg,suspicious,additional_vid4,106
suspicious/suspicious_00784.jpg,suspicious,additional_vid4,107
suspicious/suspicious_00785.jpg,suspicious,additional_vid4,108
suspicious/suspicious_00786.jpg,suspicious,additional_vid4,109
suspicious/suspicious_00787.jpg,suspicious,additional_vid4,110
suspicious/suspicious_00788.jpg,suspicious,additional_vid4,111
suspicious/suspicious_00789.jpg,suspicious,additional_vid4,112
suspicious/suspicious_00790.jpg,suspicious,additional_vid4,113
suspicious/suspicious_00791.jpg,suspicious,additional_vid4,114
suspicious/suspicious_00792.jpg,suspicious,additional_vid4,115
suspicious/suspicious_00793.jpg,suspicious,additional_vid4,116
suspicious/suspicious_00794.jpg,suspicious,additional_vid4,117
suspicious/suspicious_00795.jpg,suspicious,additional_vid4,118
suspicious/suspicious_00796.jpg,suspicious,additional_vid4,119
suspicious/suspicious_00797.jpg,suspicious,additional_vid4,120
suspicious/suspicious_00798.jpg,suspicious,additional_vid4,121
suspicious/suspicious_00799.jpg,suspicious,additional_vid4,122
suspicious/suspicious_00800.jpg,suspicious,additional_vid4,123
suspicious/suspicious_00801.jpg,suspicious,additional_vid4,124
suspicious/suspicious_00802.jpg,suspicious,additional_vid4,125
suspicious/suspicious_00803.jpg,suspicious,additional_vid4,126
suspicious/suspicious_00804.jpg,suspicious,additional_vid4,127
suspicious/suspicious_00805.jpg,suspicious,additional_vid4,128
suspicious/suspicious_00806.jpg,suspicious,additional_vid4,129
suspicious/suspicious_00807.jpg,suspicious,additional_vid4,130
suspicious/suspicious_00808.jpg,suspicious,additional_vid4,131
suspicious/suspicious_00809.jpg,suspicious,additional_vid4,132
suspicious/suspicious_00810.jpg,suspicious,additional_vid4,133
suspicious/suspicious_00811.jpg,suspicious,additional_vid4,134
suspicious/suspicious_00812.jpg,suspicious,additional_vid4,135
suspicious/suspicious_00813.jpg,suspicious,additional_vid5,1
suspicious/suspicious_00814.jpg,suspicious,additional_vid5,2
suspicious/suspicious_00815.jpg,suspicious,additional_vid5,3
suspicious/suspicious_00816.jpg,suspicious,additional_vid5,4
suspicious/suspicious_00817.jpg,suspicious,additional_vid5,5
suspicious/suspicious_00818.jpg,suspicious,additional_vid5,6
suspicious/suspicious_00819.jpg,suspicious,additional_vid5,7
suspicious/suspicious_00820.jpg,suspicious,additional_vid5,8
suspicious/suspicious_00821.jpg,suspicious,additional_vid5,9
suspicious/suspicious_00822.jpg,suspicious,additional_vid5,10
suspicious/suspicious_00823.jpg,suspicious,additional_vid5,11
suspicious/suspicious_00824.jpg,suspicious,additional_vid5,12
suspicious/suspicious_00825.jpg,suspicious,additional_vid5,13
suspicious/suspicious_00826.jpg,suspicious,additional_vid5,14
suspicious/suspicious_00827.jpg,suspicious,additional_vid5,15
suspicious/suspicious_00828.jpg,suspicious,additional_vid5,16
suspicious/suspicious_00829.jpg,suspicious,additional_vid5,17
suspicious/suspicious_00830.jpg,suspicious,additional_vid5,18
suspicious/suspicious_00831.jpg,suspicious,additional_vid5,19
suspicious/suspicious_00832.jpg,suspicious,additional_vid5,20
suspicious/suspicious_00833.jpg,suspicious,additional_vid5,21
suspicious/suspicious_00834.jpg,suspicious,additional_vid5,22
suspicious/suspicious_00835.jpg,suspicious,additional_vid5,23
suspicious/suspicious_00836.jpg,suspicious,additional_vid5,24
suspicious/suspicious_00837.jpg,suspicious,additional_vid5,25
suspicious/suspicious_00838.jpg,suspicious,additional_vid5,26
suspicious/suspicious_00839.jpg,suspicious,additional_vid5,27
suspicious/suspicious_00840.jpg,suspicious,additional_vid5,28
suspicious/suspicious_00841.jpg,suspicious,additional_vid5,29
suspicious/suspicious_00842.jpg,suspicious,additional_vid5,30
suspicious/suspicious_00843.jpg,suspicious,additional_vid5,31
suspicious/suspicious_00844.jpg,suspicious,additional_vid5,32
suspicious/suspicious_00845.jpg,suspicious,additional_vid5,33
suspicious/suspicious_00846.jpg,suspicious,additional_vid5,34
suspicious/suspicious_00847.jpg,suspicious,additional_vid5,35
suspicious/suspicious_00848.jpg,suspicious,additional_vid5,36
suspicious/suspicious_00849.jpg,suspicious,additional_vid5,37
suspicious/suspicious_00850.jpg,suspicious,additional_vid5,38
suspicious/suspicious_00851.jpg,suspicious,additional_vid5,39
suspicious/suspicious_00852.jpg,suspicious,additional_vid5,40
suspicious/suspicious_00853.jpg,suspicious,additional_vid5,41
suspicious/suspicious_00854.jpg,suspicious,additional_vid5,42
suspicious/suspicious_00855.jpg,suspicious,additional_vid5,43
suspicious/suspicious_00856.jpg,suspicious,additional_vid5,44
suspicious/suspicious_00857.jpg,suspicious,additional_vid5,45
suspicious/suspicious_00858.jpg,suspicious,additional_vid5,46
suspicious/suspicious_00859.jpg,suspicious,additional_vid5,47
suspicious/suspicious_00860.jpg,suspicious,additional_vid5,48
suspicious/suspicious_00861.jpg,suspicious,additional_vid5,49
suspicious/suspicious_00862.jpg,suspicious,additional_vid5,50
suspicious/suspicious_00863.jpg,suspicious,additional_vid5,51
suspicious/suspicious_00864.jpg,suspicious,additional_vid5,52
suspicious/suspicious_00865.jpg,suspicious,additional_vid5,53
suspicious/suspicious_00866.jpg,suspicious,additional_vid5,54
suspicious/suspicious_00867.jpg,suspicious,additional_vid5,55
suspicious/suspicious_00868.jpg,suspicious,additional_vid5,56
suspicious/suspicious_00869.jpg,suspicious,additional_vid5,57
suspicious/suspicious_00870.jpg,suspicious,additional_vid5,58
suspicious/suspicious_00871.jpg,suspicious,additional_vid5,59
suspicious/suspicious_00872.jpg,suspicious,additional_vid5,60
suspicious/suspicious_00873.jpg,suspicious,additional_vid5,61
suspicious/suspicious_00874.jpg,suspicious,additional_vid5,62
suspicious/suspicious_00875.jpg,suspicious,additional_vid5,63
suspicious/suspicious_00876.jpg,suspicious,additional_vid5,64
suspicious/suspicious_00877.jpg,suspicious,additional_vid5,65
suspicious/suspicious_00878.jpg,suspicious,additional_vid5,66
suspicious/suspicious_00879.jpg,suspicious,additional_vid5,67
suspicious/suspicious_00880.jpg,suspicious,additional_vid5,68
suspicious/suspicious_00881.jpg,suspicious,additional_vid5,69
suspicious/suspicious_00882.jpg,suspicious,additional_vid5,70
suspicious/suspicious_00883.jpg,suspicious,additional_vid5,71
suspicious/suspicious_00884.jpg,suspicious,additional_vid5,72
suspicious/suspicious_00885.jpg,suspicious,additional_vid5,73
suspicious/suspicious_00886.jpg,suspicious,additional_vid5,74
suspicious/suspicious_00887.jpg,suspicious,additional_vid5,75
suspicious/suspicious_00888.jpg,suspicious,additional_vid5,76
suspicious/suspicious_00889.jpg,suspicious,additional_vid5,77
suspicious/suspicious_00890.jpg,suspicious,additional_vid5,78
suspicious/suspicious_00891.jpg,suspicious,additional_vid5,79
suspicious/suspicious_00892.jpg,suspicious,additional_vid5,80
suspicious/suspicious_00893.jpg,suspicious,additional_vid5,81
suspicious/suspicious_00894.jpg,suspicious,additional_vid5,82
suspicious/suspicious_00895.jpg,suspicious,additional_vid5,83
suspicious/suspicious_00896.jpg,suspicious,additional_vid5,84
suspicious/suspicious_00897.jpg,suspicious,additional_vid5,85
suspicious/suspicious_00898.jpg,suspicious,additional_vid5,86
suspicious/suspicious_00899.jpg,suspicious,additional_vid5,87
suspicious/suspicious_00900.jpg,suspicious,additional_vid5,88
suspicious/suspicious_00901.jpg,suspicious,additional_vid5,89
suspicious/suspicious_00902.jpg,suspicious,additional_vid5,90
suspicious/suspicious_00903.jpg,suspicious,additional_vid5,91
suspicious/suspicious_00904.jpg,suspicious,additional_vid5,92
suspicious/suspicious_00905.jpg,suspicious,additional_vid5,93
suspicious/suspicious_00906.jpg,suspicious,additional_vid5,94
suspicious/suspicious_00907.jpg,suspicious,additional_vid5,95
suspicious/suspicious_00908.jpg,suspicious,additional_vid5,96
suspicious/suspicious_00909.jpg,suspicious,additional_vid5,97
suspicious/suspicious_00910.jpg,suspicious,additional_vid5,98
suspicious/suspicious_00911.jpg,suspicious,additional_vid5,99
suspicious/suspicious_00912.jpg,suspicious,additional_vid5,100
suspicious/suspicious_00913.jpg,suspicious,additional_vid5,101
suspicious/suspicious_00914.jpg,suspicious,additional_vid5,102
suspicious/suspicious_00915.jpg,suspicious,additional_vid5,103
suspicious/suspicious_00916.jpg,suspicious,additional_vid5,104
suspicious/suspicious_00917.jpg,suspicious,additional_vid5,105
suspicious/suspicious_00918.jpg,suspicious,additional_vid5,106
suspicious/suspicious_00919.jpg,suspicious,additional_vid5,107
suspicious/suspicious_00920.jpg,suspicious,additional_vid5,108
suspicious/suspicious_00921.jpg,suspicious,additional_vid5,109
suspicious/suspicious_00922.jpg,suspicious,additional_vid5,110
suspicious/suspicious_00923.jpg,suspicious,additional_vid5,111
suspicious/suspicious_00924.jpg,suspicious,additional_vid5,112
suspicious/suspicious_00925.jpg,suspicious,additional_vid5,113
suspicious/suspicious_00926.jpg,suspicious,additional_vid5,114
suspicious/suspicious_00927.jpg,suspicious,additional_vid5,115
suspicious/suspicious_00928.jpg,suspicious,additional_vid5,116
suspicious/suspicious_00929.jpg,suspicious,additional_vid5,117
suspicious/suspicious_00930.jpg,suspicious,additional_vid5,118
suspicious/suspicious_00931.jpg,suspicious,additional_vid5,119
suspicious/suspicious_00932.jpg,suspicious,additional_vid5,120
suspicious/suspicious_00933.jpg,suspicious,additional_vid5,121
suspicious/suspicious_00934.jpg,suspicious,additional_vid5,122
suspicious/suspicious_00935.jpg,suspicious,additional_vid5,123
suspicious/suspicious_00936.jpg,suspicious,additional_vid5,124
suspicious/suspicious_00937.jpg,suspicious,additional_vid5,125
suspicious/suspicious_00938.jpg,suspicious,additional_vid5,126
suspicious/suspicious_00939.jpg,suspicious,additional_vid5,127
suspicious/suspicious_00940.jpg,suspicious,additional_vid5,128
suspicious/suspicious_00941.jpg,suspicious,additional_vid5,129
suspicious/suspicious_00942.jpg,suspicious,additional_vid5,130
suspicious/suspicious_00943.jpg,suspicious,additional_vid5,131
suspicious/suspicious_00944.jpg,suspicious,additional_vid5,132
suspicious/suspicious_00945.jpg,suspicious,additional_vid6,1
suspicious/suspicious_00946.jpg,suspicious,additional_vid6,2
suspicious/suspicious_00947.jpg,suspicious,additional_vid6,3
suspicious/suspicious_00948.jpg,suspicious,additional_vid6,4
suspicious/suspicious_00949.jpg,suspicious,additional_vid6,5
suspicious/suspicious_00950.jpg,suspicious,additional_vid6,6
suspicious/suspicious_00951.jpg,suspicious,additional_vid6,7
suspicious/suspicious_00952.jpg,suspicious,additional_vid6,8
suspicious/suspicious_00953.jpg,suspicious,additional_vid6,9
suspicious/suspicious_00954.jpg,suspicious,additional_vid6,10
suspicious/suspicious_00955.jpg,suspicious,additional_vid6,11
suspicious/suspicious_00956.jpg,suspicious,additional_vid6,12
suspicious/suspicious_00957.jpg,suspicious,additional_vid6,13
suspicious/suspicious_00958.jpg,suspicious,additional_vid6,14
suspicious/suspicious_00959.jpg,suspicious,additional_vid6,15
suspicious/suspicious_00960.jpg,suspicious,additional_vid6,16
suspicious/suspicious_00961.jpg,suspicious,additional_vid6,17
suspicious/suspicious_00962.jpg,suspicious,additional_vid6,18
suspicious/suspicious_00963.jpg,suspicious,additional_vid6,19
suspicious/suspicious_00964.jpg,suspicious,additional_vid6,20
suspicious/suspicious_00965.jpg,suspicious,additional_vid6,21
suspicious/suspicious_00966.jpg,suspicious,additional_vid6,22
suspicious/suspicious_00967.jpg,suspicious,additional_vid6,23
suspicious/suspicious_00968.jpg,suspicious,additional_vid6,24
suspicious/suspicious_00969.jpg,suspicious,additional_vid6,25
suspicious/suspicious_00970.jpg,suspicious,additional_vid6,26
suspicious/suspicious_00971.jpg,suspicious,additional_vid6,27
suspicious/suspicious_00972.jpg,suspicious,additional_vid6,28
suspicious/suspicious_00973.jpg,suspicious,additional_vid6,29
suspicious/suspicious_00974.jpg,suspicious,additional_vid6,30
suspicious/suspicious_00975.jpg,suspicious,additional_vid6,31
suspicious/suspicious_00976.jpg,suspicious,additional_vid6,32
suspicious/suspicious_00977.jpg,suspicious,additional_vid6,33
suspicious/suspicious_00978.jpg,suspicious,additional_vid6,34
suspicious/suspicious_00979.jpg,suspicious,additional_vid6,35
suspicious/suspicious_00980.jpg,suspicious,additional_vid6,36
suspicious/suspicious_00981.jpg,suspicious,additional_vid6,37
suspicious/suspicious_00982.jpg,suspicious,additional_vid6,38
suspicious/suspicious_00983.jpg,suspicious,additional_vid6,39
suspicious/suspicious_00984.jpg,suspicious,additional_vid6,40
suspicious/suspicious_00985.jpg,suspicious,additional_vid6,41
suspicious/suspicious_00986.jpg,suspicious,additional_vid6,42
suspicious/suspicious_00987.jpg,suspicious,additional_vid6,43
suspicious/suspicious_00988.jpg,suspicious,additional_vid6,44
suspicious/suspicious_00989.jpg,suspicious,additional_vid6,45
suspicious/suspicious_00990.jpg,suspicious,additional_vid6,46
suspicious/suspicious_00991.jpg,suspicious,additional_vid6,47
suspicious/suspicious_00992.jpg,suspicious,additional_vid6,48
suspicious/suspicious_00993.jpg,suspicious,additional_vid6,49
suspicious/suspicious_00994.jpg,suspicious,additional_vid6,50
suspicious/suspicious_00995.jpg,suspicious,additional_vid6,51
suspicious/suspicious_00996.jpg,suspicious,additional_vid6,52
suspicious/suspicious_00997.jpg,suspicious,additional_vid6,53
suspicious/suspicious_00998.jpg,suspicious,additional_vid6,54
suspicious/suspicious_00999.jpg,suspicious,additional_vid6,55
suspicious/suspicious_01000.jpg,suspicious,additional_vid6,56
suspicious/suspicious_01001.jpg,suspicious,additional_vid6,57
suspicious/suspicious_01002.jpg,suspicious,additional_vid6,58
suspicious/suspicious_01003.jpg,suspicious,additional_vid6,59
suspicious/suspicious_01004.jpg,suspicious,additional_vid6,60
suspicious/suspicious_01005.jpg,suspicious,additional_vid6,61
suspicious/suspicious_01006.jpg,suspicious,additional_vid6,62
suspicious/suspicious_01007.jpg,suspicious,additional_vid6,63
suspicious/suspicious_01008.jpg,suspicious,additional_vid6,64
suspicious/suspicious_01009.jpg,suspicious,additional_vid6,65
suspicious/suspicious_01010.jpg,suspicious,additional_vid6,66
suspicious/suspicious_01011.jpg,suspicious,additional_vid6,67
suspicious/suspicious_01012.jpg,suspicious,additional_vid6,68
suspicious/suspicious_01013.jpg,suspicious,additional_vid6,69
suspicious/suspicious_01014.jpg,suspicious,additional_vid6,70
suspicious/suspicious_01015.jpg,suspicious,additional_vid6,71
suspicious/suspicious_01016.jpg,suspicious,additional_vid6,72
suspicious/suspicious_01017.jpg,suspicious,additional_vid6,73
suspicious/suspicious_01018.jpg,suspicious,additional_vid6,74
suspicious/suspicious_01019.jpg,suspicious,additional_vid6,75
suspicious/suspicious_01020.jpg,suspicious,additional_vid6,76
suspicious/suspicious_01021.jpg,suspicious,additional_vid6,77
suspicious/suspicious_01022.jpg,suspicious,additional_vid6,78
suspicious/suspicious_01023.jpg,suspicious,additional_vid6,79
suspicious/suspicious_01024.jpg,suspicious,additional_vid6,80
suspicious/suspicious_01025.jpg,suspicious,additional_vid6,81
suspicious/suspicious_01026.jpg,suspicious,additional_vid6,82
suspicious/suspicious_01027.jpg,suspicious,additional_vid6,83
suspicious/suspicious_01028.jpg,suspicious,additional_vid6,84
suspicious/suspicious_01029.jpg,suspicious,additional_vid6,85
suspicious/suspicious_01030.jpg,suspicious,additional_vid6,86
suspicious/suspicious_01031.jpg,suspicious,additional_vid6,87
suspicious/suspicious_01032.jpg,suspicious,additional_vid6,88
suspicious/suspicious_01033.jpg,suspicious,additional_vid6,89
suspicious/suspicious_01034.jpg,suspicious,additional_vid6,90
suspicious/suspicious_01035.jpg,suspicious,additional_vid6,91
suspicious/suspicious_01036.jpg,suspicious,additional_vid6,92
suspicious/suspicious_01037.jpg,suspicious,additional_vid6,93
suspicious/suspicious_01038.jpg,suspicious,additional_vid6,94
suspicious/suspicious_01039.jpg,suspicious,additional_vid6,95
suspicious/suspicious_01040.jpg,suspicious,additional_vid6,96
suspicious/suspicious_01041.jpg,suspicious,additional_vid6,97
suspicious/suspicious_01042.jpg,suspicious,additional_vid6,98
suspicious/suspicious_01043.jpg,suspicious,additional_vid6,99
suspicious/suspicious_01044.jpg,suspicious,additional_vid6,100
suspicious/suspicious_01045.jpg,suspicious,additional_vid6,101
suspicious/suspicious_01046.jpg,suspicious,additional_vid6,102
suspicious/suspicious_01047.jpg,suspicious,additional_vid6,103
suspicious/suspicious_01048.jpg,suspicious,additional_vid6,104
suspicious/suspicious_01049.jpg,suspicious,additional_vid6,105
suspicious/suspicious_01050.jpg,suspicious,additional_vid6,106
suspicious/suspicious_01051.jpg,suspicious,additional_vid6,107
suspicious/suspicious_01052.jpg,suspicious,additional_vid7,1
suspicious/suspicious_01053.jpg,suspicious,additional_vid7,2
suspicious/suspicious_01054.jpg,suspicious,additional_vid7,3
suspicious/suspicious_01055.jpg,suspicious,additional_vid7,4
suspicious/suspicious_01056.jpg,suspicious,additional_vid8,1
suspicious/suspicious_01057.jpg,suspicious,additional_vid8,2
suspicious/suspicious_01058.jpg,suspicious,additional_vid8,3
suspicious/suspicious_01059.jpg,suspicious,additional_vid8,4
suspicious/suspicious_01060.jpg,suspicious,additional_vid8,5
suspicious/suspicious_01061.jpg,suspicious,additional_vid8,6
suspicious/suspicious_01062.jpg,suspicious,additional_vid8,7
suspicious/suspicious_01063.jpg,suspicious,additional_vid8,8
suspicious/suspicious_01064.jpg,suspicious,additional_vid8,9
suspicious/suspicious_01065.jpg,suspicious,additional_vid8,10
suspicious/suspicious_01066.jpg,suspicious,additional_vid8,11
suspicious/suspicious_01067.jpg,suspicious,additional_vid8,12
suspicious/suspicious_01068.jpg,suspicious,additional_vid8,13
suspicious/suspicious_01069.jpg,suspicious,additional_vid8,14
suspicious/suspicious_01070.jpg,suspicious,additional_vid8,15
suspicious/suspicious_01071.jpg,suspicious,additional_vid8,16
suspicious/suspicious_01072.jpg,suspicious,additional_vid8,17
suspicious/suspicious_01073.jpg,suspicious,additional_vid8,18
suspicious/suspicious_01074.jpg,suspicious,additional_vid8,19
suspicious/suspicious_01075.jpg,suspicious,additional_vid8,20
suspicious/suspicious_01076.jpg,suspicious,additional_vid8,21
suspicious/suspicious_01077.jpg,suspicious,additional_vid8,22
suspicious/suspicious_01078.jpg,suspicious,additional_vid8,23
suspicious/suspicious_01079.jpg,suspicious,additional_vid8,24
suspicious/suspicious_01080.jpg,suspicious,additional_vid8,25
suspicious/suspicious_01081.jpg,suspicious,additional_vid8,26
suspicious/suspicious_01082.jpg,suspicious,additional_vid8,27
suspicious/suspicious_01083.jpg,suspicious,additional_vid8,28
suspicious/suspicious_01084.jpg,suspicious,additional_vid8,29
suspicious/suspicious_01085.jpg,suspicious,additional_vid8,30
suspicious/suspicious_01086.jpg,suspicious,additional_vid8,31
suspicious/suspicious_01087.jpg,suspicious,additional_vid8,32
suspicious/suspicious_01088.jpg,suspicious,additional_vid8,33
suspicious/suspicious_01089.jpg,suspicious,additional_vid8,34
suspicious/suspicious_01090.jpg,suspicious,additional_vid8,35
suspicious/suspicious_01091.jpg,suspicious,additional_vid8,36
suspicious/suspicious_01092.jpg,suspicious,additional_vid8,37
suspicious/suspicious_01093.jpg,suspicious,additional_vid8,38
suspicious/suspicious_01094.jpg,suspicious,additional_vid8,39
suspicious/suspicious_01095.jpg,suspicious,additional_vid8,40
suspicious/suspicious_01096.jpg,suspicious,additional_vid8,41
suspicious/suspicious_01097.jpg,suspicious,additional_vid8,42
suspicious/suspicious_01098.jpg,suspicious,additional_vid8,43
suspicious/suspicious_01099.jpg,suspicious,additional_vid8,44
suspicious/suspicious_01100.jpg,suspicious,additional_vid8,45
suspicious/suspicious_01101.jpg,suspicious,additional_vid8,46
suspicious/suspicious_01102.jpg,suspicious,additional_vid8,47
suspicious/suspicious_01103.jpg,suspicious,additional_vid8,48
suspicious/suspicious_01104.jpg,suspicious,additional_vid8,49
suspicious/suspicious_01105.jpg,suspicious,additional_vid8,50
suspicious/suspicious_01106.jpg,suspicious,additional_vid8,51
suspicious/suspicious_01107.jpg,suspicious,additional_vid8,52
suspicious/suspicious_01108.jpg,suspicious,additional_vid8,53
suspicious/suspicious_01109.jpg,suspicious,old_susp_vid1,1
suspicious/suspicious_01110.jpg,suspicious,old_susp_vid1,2
suspicious/suspicious_01111.jpg,suspicious,old_susp_vid1,3
suspicious/suspicious_01112.jpg,suspicious,old_susp_vid1,4
suspicious/suspicious_01113.jpg,suspicious,old_susp_vid1,5
suspicious/suspicious_01114.jpg,suspicious,old_susp_vid1,6
suspicious/suspicious_01115.jpg,suspicious,old_susp_vid1,7
suspicious/suspicious_01116.jpg,suspicious,old_susp_vid1,8
suspicious/suspicious_01117.jpg,suspicious,old_susp_vid1,9
suspicious/suspicious_01118.jpg,suspicious,old_susp_vid1,10
suspicious/suspicious_01119.jpg,suspicious,old_susp_vid1,11
suspicious/suspicious_01120.jpg,suspicious,old_susp_vid1,12
suspicious/suspicious_01121.jpg,suspicious,old_susp_vid1,13
suspicious/suspicious_01122.jpg,suspicious,old_susp_vid1,14
suspicious/suspicious_01123.jpg,suspicious,old_susp_vid1,15
suspicious/suspicious_01124.jpg,suspicious,old_susp_vid1,16
suspicious/suspicious_01125.jpg,suspicious,old_susp_vid1,17
suspicious/suspicious_01126.jpg,suspicious,old_susp_vid1,18
suspicious/suspicious_01127.jpg,suspicious,old_susp_vid1,19
suspicious/suspicious_01128.jpg,suspicious,old_susp_vid1,20
suspicious/suspicious_01129.jpg,suspicious,old_susp_vid1,21
suspicious/suspicious_01130.jpg,suspicious,old_susp_vid1,22
suspicious/suspicious_01131.jpg,suspicious,old_susp_vid1,23
suspicious/suspicious_01132.jpg,suspicious,old_susp_vid1,24
suspicious/suspicious_01133.jpg,suspicious,old_susp_vid1,25
suspicious/suspicious_01134.jpg,suspicious,old_susp_vid1,26
suspicious/suspicious_01135.jpg,suspicious,old_susp_vid1,27
suspicious/suspicious_01136.jpg,suspicious,old_susp_vid1,28
suspicious/suspicious_01137.jpg,suspicious,old_susp_vid1,29
suspicious/suspicious_01138.jpg,suspicious,old_susp_vid1,30
suspicious/suspicious_01139.jpg,suspicious,old_susp_vid1,31
suspicious/suspicious_01140.jpg,suspicious,old_susp_vid1,32
suspicious/suspicious_01141.jpg,suspicious,old_susp_vid1,33
suspicious/suspicious_01142.jpg,suspicious,old_susp_vid1,34
suspicious/suspicious_01143.jpg,suspicious,old_susp_vid1,35
suspicious/suspicious_01144.jpg,suspicious,old_susp_vid1,36
suspicious/suspicious_01145.jpg,suspicious,old_susp_vid1,37
suspicious/suspicious_01146.jpg,suspicious,old_susp_vid1,38
suspicious/suspicious_01147.jpg,suspicious,old_susp_vid1,39
suspicious/suspicious_01148.jpg,suspicious,old_susp_vid10,1
suspicious/suspicious_01149.jpg,suspicious,old_susp_vid10,2
suspicious/suspicious_01150.jpg,suspicious,old_susp_vid10,3
suspicious/suspicious_01151.jpg,suspicious,old_susp_vid10,4
suspicious/suspicious_01152.jpg,suspicious,old_susp_vid10,5
suspicious/suspicious_01153.jpg,suspicious,old_susp_vid10,6
suspicious/suspicious_01154.jpg,suspicious,old_susp_vid10,7
suspicious/suspicious_01155.jpg,suspicious,old_susp_vid10,8
suspicious/suspicious_01156.jpg,suspicious,old_susp_vid10,9
suspicious/suspicious_01157.jpg,suspicious,old_susp_vid10,10
suspicious/suspicious_01158.jpg,suspicious,old_susp_vid10,11
suspicious/suspicious_01159.jpg,suspicious,old_susp_vid10,12
suspicious/suspicious_01160.jpg,suspicious,old_susp_vid10,13
suspicious/suspicious_01161.jpg,suspicious,old_susp_vid10,14
suspicious/suspicious_01162.jpg,suspicious,old_susp_vid10,15
suspicious/suspicious_01163.jpg,suspicious,old_susp_vid10,16
suspicious/suspicious_01164.jpg,suspicious,old_susp_vid10,17
suspicious/suspicious_01165.jpg,suspicious,old_susp_vid10,18
suspicious/suspicious_01166.jpg,suspicious,old_susp_vid10,19
suspicious/suspicious_01167.jpg,suspicious,old_susp_vid10,20
suspicious/suspicious_01168.jpg,suspicious,old_susp_vid10,21
suspicious/suspicious_01169.jpg,suspicious,old_susp_vid10,22
suspicious/suspicious_01170.jpg,suspicious,old_susp_vid10,23
suspicious/suspicious_01171.jpg,suspicious,old_susp_vid10,24
suspicious/suspicious_01172.jpg,suspicious,old_susp_vid10,25
suspicious/suspicious_01173.jpg,suspicious,old_susp_vid10,26
suspicious/suspicious_01174.jpg,suspicious,old_susp_vid10,27
suspicious/suspicious_01175.jpg,suspicious,old_susp_vid10,28
suspicious/suspicious_01176.jpg,suspicious,old_susp_vid10,29
suspicious/suspicious_01177.jpg,suspicious,old_susp_vid10,30
suspicious/suspicious_01178.jpg,suspicious,old_susp_vid10,31
suspicious/suspicious_01179.jpg,suspicious,old_susp_vid10,32
suspicious/suspicious_01180.jpg,suspicious,old_susp_vid10,33
suspicious/suspicious_01181.jpg,suspicious,old_susp_vid10,34
suspicious/suspicious_01182.jpg,suspicious,old_susp_vid10,35
suspicious/suspicious_01183.jpg,suspicious,old_susp_vid10,36
suspicious/suspicious_01184.jpg,suspicious,old_susp_vid10,37
suspicious/suspicious_01185.jpg,suspicious,old_susp_vid10,38
suspicious/suspicious_01186.jpg,suspicious,old_susp_vid10,39
suspicious/suspicious_01187.jpg,suspicious,old_susp_vid10,40
suspicious/suspicious_01188.jpg,suspicious,old_susp_vid10,41
suspicious/suspicious_01189.jpg,suspicious,old_susp_vid10,42
suspicious/suspicious_01190.jpg,suspicious,old_susp_vid10,43
suspicious/suspicious_01191.jpg,suspicious,old_susp_vid10,44
suspicious/suspicious_01192.jpg,suspicious,old_susp_vid10,45
suspicious/suspicious_01193.jpg,suspicious,old_susp_vid10,46
suspicious/suspicious_01194.jpg,suspicious,old_susp_vid10,47
suspicious/suspicious_01195.jpg,suspicious,old_susp_vid10,48
suspicious/suspicious_01196.jpg,suspicious,old_susp_vid10,49
suspicious/suspicious_01197.jpg,suspicious,old_susp_vid10,50
suspicious/suspicious_01198.jpg,suspicious,old_susp_vid10,51
suspicious/suspicious_01199.jpg,suspicious,old_susp_vid10,52
suspicious/suspicious_01200.jpg,suspicious,old_susp_vid10,53
suspicious/suspicious_01201.jpg,suspicious,old_susp_vid10,54
suspicious/suspicious_01202.jpg,suspicious,old_susp_vid10,55
suspicious/suspicious_01203.jpg,suspicious,old_susp_vid10,56
suspicious/suspicious_01204.jpg,suspicious,old_susp_vid10,57
suspicious/suspicious_01205.jpg,suspicious,old_susp_vid10,58
suspicious/suspicious_01206.jpg,suspicious,old_susp_vid10,59
suspicious/suspicious_01207.jpg,suspicious,old_susp_vid10,60
suspicious/suspicious_01208.jpg,suspicious,old_susp_vid10,61
suspicious/suspicious_01209.jpg,suspicious,old_susp_vid10,62
suspicious/suspicious_01210.jpg,suspicious,old_susp_vid10,63
suspicious/suspicious_01211.jpg,suspicious,old_susp_vid10,64
suspicious/suspicious_01212.jpg,suspicious,old_susp_vid10,65
suspicious/suspicious_01213.jpg,suspicious,old_susp_vid10,66
suspicious/suspicious_01214.jpg,suspicious,old_susp_vid10,67
suspicious/suspicious_01215.jpg,suspicious,old_susp_vid10,68
suspicious/suspicious_01216.jpg,suspicious,old_susp_vid10,69
suspicious/suspicious_01217.jpg,suspicious,old_susp_vid10,70
suspicious/suspicious_01218.jpg,suspicious,old_susp_vid10,71
suspicious/suspicious_01219.jpg,suspicious,old_susp_vid10,72
suspicious/suspicious_01220.jpg,suspicious,old_susp_vid10,73
suspicious/suspicious_01221.jpg,suspicious,old_susp_vid10,74
suspicious/suspicious_01222.jpg,suspicious,old_susp_vid10,75
suspicious/suspicious_01223.jpg,suspicious,old_susp_vid10,76
suspicious/suspicious_01224.jpg,suspicious,old_susp_vid10,77
suspicious/suspicious_01225.jpg,suspicious,old_susp_vid10,78
suspicious/suspicious_01226.jpg,suspicious,old_susp_vid10,79
suspicious/suspicious_01227.jpg,suspicious,old_susp_vid10,80
suspicious/suspicious_01228.jpg,suspicious,old_susp_vid10,81
suspicious/suspicious_01229.jpg,suspicious,old_susp_vid10,82
suspicious/suspicious_01230.jpg,suspicious,old_susp_vid10,83
suspicious/suspicious_01231.jpg,suspicious,old_susp_vid10,84
suspicious/suspicious_01232.jpg,suspicious,old_susp_vid10,85
suspicious/suspicious_01233.jpg,suspicious,old_susp_vid10,86
suspicious/suspicious_01234.jpg,suspicious,old_susp_vid10,87
suspicious/suspicious_01235.jpg,suspicious,old_susp_vid10,88
suspicious/suspicious_01236.jpg,suspicious,old_susp_vid10,89
suspicious/suspicious_01237.jpg,suspicious,old_susp_vid10,90
suspicious/suspicious_01238.jpg,suspicious,old_susp_vid10,91
suspicious/suspicious_01239.jpg,suspicious,old_susp_vid10,92
suspicious/suspicious_01240.jpg,suspicious,old_susp_vid10,93
suspicious/suspicious_01241.jpg,suspicious,old_susp_vid10,94
suspicious/suspicious_01242.jpg,suspicious,old_susp_vid10,95
suspicious/suspicious_01243.jpg,suspicious,old_susp_vid10,96
suspicious/suspicious_01244.jpg,suspicious,old_susp_vid10,97
suspicious/suspicious_01245.jpg,suspicious,old_susp_vid10,98
suspicious/suspicious_01246.jpg,suspicious,old_susp_vid10,99
suspicious/suspicious_01247.jpg,suspicious,old_susp_vid10,100
suspicious/suspicious_01248.jpg,suspicious,old_susp_vid10,101
suspicious/suspicious_01249.jpg,suspicious,old_susp_vid10,102
suspicious/suspicious_01250.jpg,suspicious,old_susp_vid10,103
suspicious/suspicious_01251.jpg,suspicious,old_susp_vid10,104
suspicious/suspicious_01252.jpg,suspicious,old_susp_vid10,105
suspicious/suspicious_01253.jpg,suspicious,old_susp_vid10,106
suspicious/suspicious_01254.jpg,suspicious,old_susp_vid10,107
suspicious/suspicious_01255.jpg,suspicious,old_susp_vid10,108
suspicious/suspicious_01256.jpg,suspicious,old_susp_vid10,109
suspicious/suspicious_01257.jpg,suspicious,old_susp_vid10,110
suspicious/suspicious_01258.jpg,suspicious,old_susp_vid10,111
suspicious/suspicious_01259.jpg,suspicious,old_susp_vid10,112
suspicious/suspicious_01260.jpg,suspicious,old_susp_vid10,113
suspicious/suspicious_01261.jpg,suspicious,old_susp_vid10,114
suspicious/suspicious_01262.jpg,suspicious,old_susp_vid10,115
suspicious/suspicious_01263.jpg,suspicious,old_susp_vid10,116
suspicious/suspicious_01264.jpg,suspicious,old_susp_vid10,117
suspicious/suspicious_01265.jpg,suspicious,old_susp_vid10,118
suspicious/suspicious_01266.jpg,suspicious,old_susp_vid10,119
suspicious/suspicious_01267.jpg,suspicious,old_susp_vid10,120
suspicious/suspicious_01268.jpg,suspicious,old_susp_vid10,121
suspicious/suspicious_01269.jpg,suspicious,old_susp_vid10,122
suspicious/suspicious_01270.jpg,suspicious,old_susp_vid10,123
suspicious/suspicious_01271.jpg,suspicious,old_susp_vid10,124
suspicious/suspicious_01272.jpg,suspicious,old_susp_vid10,125
suspicious/suspicious_01273.jpg,suspicious,old_susp_vid10,126
suspicious/suspicious_01274.jpg,suspicious,old_susp_vid10,127
suspicious/suspicious_01275.jpg,suspicious,old_susp_vid10,128
suspicious/suspicious_01276.jpg,suspicious,old_susp_vid10,129
suspicious/suspicious_01277.jpg,suspicious,old_susp_vid10,130
suspicious/suspicious_01278.jpg,suspicious,old_susp_vid10,131
suspicious/suspicious_01279.jpg,suspicious,old_susp_vid10,132
suspicious/suspicious_01280.jpg,suspicious,old_susp_vid10,133
suspicious/suspicious_01281.jpg,suspicious,old_susp_vid10,134
suspicious/suspicious_01282.jpg,suspicious,old_susp_vid10,135
suspicious/suspicious_01283.jpg,suspicious,old_susp_vid10,136
suspicious/suspicious_01284.jpg,suspicious,old_susp_vid10,137
suspicious/suspicious_01285.jpg,suspicious,old_susp_vid10,138
suspicious/suspicious_01286.jpg,suspicious,old_susp_vid10,139
suspicious/suspicious_01287.jpg,suspicious,old_susp_vid10,140
suspicious/suspicious_01288.jpg,suspicious,old_susp_vid10,141
suspicious/suspicious_01289.jpg,suspicious,old_susp_vid10,142
suspicious/suspicious_01290.jpg,suspicious,old_susp_vid10,143
suspicious/suspicious_01291.jpg,suspicious,old_susp_vid10,144
suspicious/suspicious_01292.jpg,suspicious,old_susp_vid10,145
suspicious/suspicious_01293.jpg,suspicious,old_susp_vid10,146
suspicious/suspicious_01294.jpg,suspicious,old_susp_vid10,147
suspicious/suspicious_01295.jpg,suspicious,old_susp_vid10,148
suspicious/suspicious_01296.jpg,suspicious,old_susp_vid10,149
suspicious/suspicious_01297.jpg,suspicious,old_susp_vid10,150
suspicious/suspicious_01298.jpg,suspicious,old_susp_vid10,151
suspicious/suspicious_01299.jpg,suspicious,old_susp_vid10,152
suspicious/suspicious_01300.jpg,suspicious,old_susp_vid10,153
suspicious/suspicious_01301.jpg,suspicious,old_susp_vid10,154
suspicious/suspicious_01302.jpg,suspicious,old_susp_vid10,155
suspicious/suspicious_01303.jpg,suspicious,old_susp_vid10,156
suspicious/suspicious_01304.jpg,suspicious,old_susp_vid10,157
suspicious/suspicious_01305.jpg,suspicious,old_susp_vid10,158
suspicious/suspicious_01306.jpg,suspicious,old_susp_vid10,159
suspicious/suspicious_01307.jpg,suspicious,old_susp_vid10,160
suspicious/suspicious_01308.jpg,suspicious,old_susp_vid10,161
suspicious/suspicious_01309.jpg,suspicious,old_susp_vid10,162
suspicious/suspicious_01310.jpg,suspicious,old_susp_vid10,163
suspicious/suspicious_01311.jpg,suspicious,old_susp_vid10,164
suspicious/suspicious_01312.jpg,suspicious,old_susp_vid10,165
suspicious/suspicious_01313.jpg,suspicious,old_susp_vid10,166
suspicious/suspicious_01314.jpg,suspicious,old_susp_vid10,167
suspicious/suspicious_01315.jpg,suspicious,old_susp_vid10,168
suspicious/suspicious_01316.jpg,suspicious,old_susp_vid10,169
suspicious/suspicious_01317.jpg,suspicious,old_susp_vid10,170
suspicious/suspicious_01318.jpg,suspicious,old_susp_vid10,171
suspicious/suspicious_01319.jpg,suspicious,old_susp_vid10,172
suspicious/suspicious_01320.jpg,suspicious,old_susp_vid10,173
suspicious/suspicious_01321.jpg,suspicious,old_susp_vid10,174
suspicious/suspicious_01322.jpg,suspicious,old_susp_vid10,175
suspicious/suspicious_01323.jpg,suspicious,old_susp_vid10,176
suspicious/suspicious_01324.jpg,suspicious,old_susp_vid10,177
suspicious/suspicious_01325.jpg,suspicious,old_susp_vid10,178
suspicious/suspicious_01326.jpg,suspicious,old_susp_vid10,179
suspicious/suspicious_01327.jpg,suspicious,old_susp_vid10,180
suspicious/suspicious_01328.jpg,suspicious,old_susp_vid10,181
suspicious/suspicious_01329.jpg,suspicious,old_susp_vid10,182
suspicious/suspicious_01330.jpg,suspicious,old_susp_vid10,183
suspicious/suspicious_01331.jpg,suspicious,old_susp_vid10,184
suspicious/suspicious_01332.jpg,suspicious,old_susp_vid10,185
suspicious/suspicious_01333.jpg,suspicious,old_susp_vid10,186
suspicious/suspicious_01334.jpg,suspicious,old_susp_vid10,187
suspicious/suspicious_01335.jpg,suspicious,old_susp_vid10,188
suspicious/suspicious_01336.jpg,suspicious,old_susp_vid10,189
suspicious/suspicious_01337.jpg,suspicious,old_susp_vid10,190
suspicious/suspicious_01338.jpg,suspicious,old_susp_vid10,191
suspicious/suspicious_01339.jpg,suspicious,old_susp_vid10,192
suspicious/suspicious_01340.jpg,suspicious,old_susp_vid10,193
suspicious/suspicious_01341.jpg,suspicious,old_susp_vid10,194
suspicious/suspicious_01342.jpg,suspicious,old_susp_vid10,195
suspicious/suspicious_01343.jpg,suspicious,old_susp_vid10,196
suspicious/suspicious_01344.jpg,suspicious,old_susp_vid10,197
suspicious/suspicious_01345.jpg,suspicious,old_susp_vid10,198
suspicious/suspicious_01346.jpg,suspicious,old_susp_vid10,199
suspicious/suspicious_01347.jpg,suspicious,old_susp_vid10,200
suspicious/suspicious_01348.jpg,suspicious,old_susp_vid10,201
suspicious/suspicious_01349.jpg,suspicious,old_susp_vid10,202
suspicious/suspicious_01350.jpg,suspicious,old_susp_vid10,203
suspicious/suspicious_01351.jpg,suspicious,old_susp_vid10,204
suspicious/suspicious_01352.jpg,suspicious,old_susp_vid10,205
suspicious/suspicious_01353.jpg,suspicious,old_susp_vid10,206
suspicious/suspicious_01354.jpg,suspicious,old_susp_vid10,207
suspicious/suspicious_01355.jpg,suspicious,old_susp_vid10,208
suspicious/suspicious_01356.jpg,suspicious,old_susp_vid10,209
suspicious/suspicious_01357.jpg,suspicious,old_susp_vid10,210
suspicious/suspicious_01358.jpg,suspicious,old_susp_vid10,211
suspicious/suspicious_01359.jpg,suspicious,old_susp_vid10,212
suspicious/suspicious_01360.jpg,suspicious,old_susp_vid10,213
suspicious/suspicious_01361.jpg,suspicious,old_susp_vid10,214
suspicious/suspicious_01362.jpg,suspicious,old_susp_vid10,215
suspicious/suspicious_01363.jpg,suspicious,old_susp_vid10,216
suspicious/suspicious_01364.jpg,suspicious,old_susp_vid10,217
suspicious/suspicious_01365.jpg,suspicious,old_susp_vid10,218
suspicious/suspicious_01366.jpg,suspicious,old_susp_vid10,219
suspicious/suspicious_01367.jpg,suspicious,old_susp_vid10,220
suspicious/suspicious_01368.jpg,suspicious,old_susp_vid10,221
suspicious/suspicious_01369.jpg,suspicious,old_susp_vid10,222
suspicious/suspicious_01370.jpg,suspicious,old_susp_vid10,223
suspicious/suspicious_01371.jpg,suspicious,old_susp_vid10,224
suspicious/suspicious_01372.jpg,suspicious,old_susp_vid10,225
suspicious/suspicious_01373.jpg,suspicious,old_susp_vid10,226
suspicious/suspicious_01374.jpg,suspicious,old_susp_vid10,227
suspicious/suspicious_01375.jpg,suspicious,old_susp_vid10,228
suspicious/suspicious_01376.jpg,suspicious,old_susp_vid10,229
suspicious/suspicious_01377.jpg,suspicious,old_susp_vid10,230
suspicious/suspicious_01378.jpg,suspicious,old_susp_vid10,231
suspicious/suspicious_01379.jpg,suspicious,old_susp_vid10,232
suspicious/suspicious_01380.jpg,suspicious,old_susp_vid10,233
suspicious/suspicious_01381.jpg,suspicious,old_susp_vid10,234
suspicious/suspicious_01382.jpg,suspicious,old_susp_vid10,235
suspicious/suspicious_01383.jpg,suspicious,old_susp_vid10,236
suspicious/suspicious_01384.jpg,suspicious,old_susp_vid10,237
suspicious/suspicious_01385.jpg,suspicious,old_susp_vid10,238
suspicious/suspicious_01386.jpg,suspicious,old_susp_vid10,239
suspicious/suspicious_01387.jpg,suspicious,old_susp_vid10,240
suspicious/suspicious_01388.jpg,suspicious,old_susp_vid10,241
suspicious/suspicious_01389.jpg,suspicious,old_susp_vid10,242
suspicious/suspicious_01390.jpg,suspicious,old_susp_vid10,243
suspicious/suspicious_01391.jpg,suspicious,old_susp_vid10,244
suspicious/suspicious_01392.jpg,suspicious,old_susp_vid10,245
suspicious/suspicious_01393.jpg,suspicious,old_susp_vid10,246
suspicious/suspicious_01394.jpg,suspicious,old_susp_vid10,247
suspicious/suspicious_01395.jpg,suspicious,old_susp_vid10,248
suspicious/suspicious_01396.jpg,suspicious,old_susp_vid10,249
suspicious/suspicious_01397.jpg,suspicious,old_susp_vid10,250
suspicious/suspicious_01398.jpg,suspicious,old_susp_vid10,251
suspicious/suspicious_01399.jpg,suspicious,old_susp_vid10,252
suspicious/suspicious_01400.jpg,suspicious,old_susp_vid10,253
suspicious/suspicious_01401.jpg,suspicious,old_susp_vid10,254
suspicious/suspicious_01402.jpg,suspicious,old_susp_vid10,255
suspicious/suspicious_01403.jpg,suspicious,old_susp_vid10,256
suspicious/suspicious_01404.jpg,suspicious,old_susp_vid10,257
suspicious/suspicious_01405.jpg,suspicious,old_susp_vid10,258
suspicious/suspicious_01406.jpg,suspicious,old_susp_vid10,259
suspicious/suspicious_01407.jpg,suspicious,old_susp_vid10,260
suspicious/suspicious_01408.jpg,suspicious,old_susp_vid10,261
suspicious/suspicious_01409.jpg,suspicious,old_susp_vid10,262
suspicious/suspicious_01410.jpg,suspicious,old_susp_vid10,263
suspicious/suspicious_01411.jpg,suspicious,old_susp_vid10,264
suspicious/suspicious_01412.jpg,suspicious,old_susp_vid10,265
suspicious/suspicious_01413.jpg,suspicious,old_susp_vid10,266
suspicious/suspicious_01414.jpg,suspicious,old_susp_vid10,267
suspicious/suspicious_01415.jpg,suspicious,old_susp_vid10,268
suspicious/suspicious_01416.jpg,suspicious,old_susp_vid10,269
suspicious/suspicious_01417.jpg,suspicious,old_susp_vid10,270
suspicious/suspicious_01418.jpg,suspicious,old_susp_vid10,271
suspicious/suspicious_01419.jpg,suspicious,old_susp_vid10,272
suspicious/suspicious_01420.jpg,suspicious,old_susp_vid10,273
suspicious/suspicious_01421.jpg,suspicious,old_susp_vid10,274
suspicious/suspicious_01422.jpg,suspicious,old_susp_vid10,275
suspicious/suspicious_01423.jpg,suspicious,old_susp_vid10,276
suspicious/suspicious_01424.jpg,suspicious,old_susp_vid10,277
suspicious/suspicious_01425.jpg,suspicious,old_susp_vid10,278
suspicious/suspicious_01426.jpg,suspicious,old_susp_vid10,279
suspicious/suspicious_01427.jpg,suspicious,old_susp_vid10,280
suspicious/suspicious_01428.jpg,suspicious,old_susp_vid10,281
suspicious/suspicious_01429.jpg,suspicious,old_susp_vid10,282
suspicious/suspicious_01430.jpg,suspicious,old_susp_vid10,283
suspicious/suspicious_01431.jpg,suspicious,old_susp_vid10,284
suspicious/suspicious_01432.jpg,suspicious,old_susp_vid10,285
suspicious/suspicious_01433.jpg,suspicious,old_susp_vid10,286
suspicious/suspicious_01434.jpg,suspicious,old_susp_vid10,287
suspicious/suspicious_01435.jpg,suspicious,old_susp_vid10,288
suspicious/suspicious_01436.jpg,suspicious,old_susp_vid10,289
suspicious/suspicious_01437.jpg,suspicious,old_susp_vid10,290
suspicious/suspicious_01438.jpg,suspicious,old_susp_vid10,291
suspicious/suspicious_01439.jpg,suspicious,old_susp_vid10,292
suspicious/suspicious_01440.jpg,suspicious,old_susp_vid10,293
suspicious/suspicious_01441.jpg,suspicious,old_susp_vid10,294
suspicious/suspicious_01442.jpg,suspicious,old_susp_vid10,295
suspicious/suspicious_01443.jpg,suspicious,old_susp_vid10,296
suspicious/suspicious_01444.jpg,suspicious,old_susp_vid10,297
suspicious/suspicious_01445.jpg,suspicious,old_susp_vid10,298
suspicious/suspicious_01446.jpg,suspicious,old_susp_vid10,299
suspicious/suspicious_01447.jpg,suspicious,old_susp_vid10,300
suspicious/suspicious_01448.jpg,suspicious,old_susp_vid10,301
suspicious/suspicious_01449.jpg,suspicious,old_susp_vid10,302
suspicious/suspicious_01450.jpg,suspicious,old_susp_vid10,303
suspicious/suspicious_01451.jpg,suspicious,old_susp_vid10,304
suspicious/suspicious_01452.jpg,suspicious,old_susp_vid10,305
suspicious/suspicious_01453.jpg,suspicious,old_susp_vid10,306
suspicious/suspicious_01454.jpg,suspicious,old_susp_vid10,307
suspicious/suspicious_01455.jpg,suspicious,old_susp_vid10,308
suspicious/suspicious_01456.jpg,suspicious,old_susp_vid10,309
suspicious/suspicious_01457.jpg,suspicious,old_susp_vid10,310
suspicious/suspicious_01458.jpg,suspicious,old_susp_vid10,311
suspicious/suspicious_01459.jpg,suspicious,old_susp_vid10,312
suspicious/suspicious_01460.jpg,suspicious,old_susp_vid10,313
suspicious/suspicious_01461.jpg,suspicious,old_susp_vid10,314
suspicious/suspicious_01462.jpg,suspicious,old_susp_vid10,315
suspicious/suspicious_01463.jpg,suspicious,old_susp_vid10,316
suspicious/suspicious_01464.jpg,suspicious,old_susp_vid10,317
suspicious/suspicious_01465.jpg,suspicious,old_susp_vid10,318
suspicious/suspicious_01466.jpg,suspicious,old_susp_vid10,319
suspicious/suspicious_01467.jpg,suspicious,old_susp_vid10,320
suspicious/suspicious_01468.jpg,suspicious,old_susp_vid10,321
suspicious/suspicious_01469.jpg,suspicious,old_susp_vid10,322
suspicious/suspicious_01470.jpg,suspicious,old_susp_vid10,323
suspicious/suspicious_01471.jpg,suspicious,old_susp_vid10,324
suspicious/suspicious_01472.jpg,suspicious,old_susp_vid10,325
suspicious/suspicious_01473.jpg,suspicious,old_susp_vid10,326
suspicious/suspicious_01474.jpg,suspicious,old_susp_vid10,327
suspicious/suspicious_01475.jpg,suspicious,old_susp_vid10,328
suspicious/suspicious_01476.jpg,suspicious,old_susp_vid10,329
suspicious/suspicious_01477.jpg,suspicious,old_susp_vid10,330
suspicious/suspicious_01478.jpg,suspicious,old_susp_vid10,331
suspicious/suspicious_01479.jpg,suspicious,old_susp_vid10,332
suspicious/suspicious_01480.jpg,suspicious,old_susp_vid10,333
suspicious/suspicious_01481.jpg,suspicious,old_susp_vid10,334
suspicious/suspicious_01482.jpg,suspicious,old_susp_vid10,335
suspicious/suspicious_01483.jpg,suspicious,old_susp_vid10,336
suspicious/suspicious_01484.jpg,suspicious,old_susp_vid10,337
suspicious/suspicious_01485.jpg,suspicious,old_susp_vid10,338
suspicious/suspicious_01486.jpg,suspicious,old_susp_vid10,339
suspicious/suspicious_01487.jpg,suspicious,old_susp_vid10,340
suspicious/suspicious_01488.jpg,suspicious,old_susp_vid10,341
suspicious/suspicious_01489.jpg,suspicious,old_susp_vid10,342
suspicious/suspicious_01490.jpg,suspicious,old_susp_vid10,343
suspicious/suspicious_01491.jpg,suspicious,old_susp_vid10,344
suspicious/suspicious_01492.jpg,suspicious,old_susp_vid10,345
suspicious/suspicious_01493.jpg,suspicious,old_susp_vid10,346
suspicious/suspicious_01494.jpg,suspicious,old_susp_vid10,347
suspicious/suspicious_01495.jpg,suspicious,old_susp_vid10,348
suspicious/suspicious_01496.jpg,suspicious,old_susp_vid10,349
suspicious/suspicious_01497.jpg,suspicious,old_susp_vid10,350
suspicious/suspicious_01498.jpg,suspicious,old_susp_vid10,351
suspicious/suspicious_01499.jpg,suspicious,old_susp_vid10,352
suspicious/suspicious_01500.jpg,suspicious,old_susp_vid10,353
suspicious/suspicious_01501.jpg,suspicious,old_susp_vid10,354
suspicious/suspicious_01502.jpg,suspicious,old_susp_vid10,355
suspicious/suspicious_01503.jpg,suspicious,old_susp_vid10,356
suspicious/suspicious_01504.jpg,suspicious,old_susp_vid10,357
suspicious/suspicious_01505.jpg,suspicious,old_susp_vid10,358
suspicious/suspicious_01506.jpg,suspicious,old_susp_vid10,359
suspicious/suspicious_01507.jpg,suspicious,old_susp_vid10,360
suspicious/suspicious_01508.jpg,suspicious,old_susp_vid10,361
suspicious/suspicious_01509.jpg,suspicious,old_susp_vid10,362
suspicious/suspicious_01510.jpg,suspicious,old_susp_vid10,363
suspicious/suspicious_01511.jpg,suspicious,old_susp_vid10,364
suspicious/suspicious_01512.jpg,suspicious,old_susp_vid10,365
suspicious/suspicious_01513.jpg,suspicious,old_susp_vid11,1
suspicious/suspicious_01514.jpg,suspicious,old_susp_vid11,2
suspicious/suspicious_01515.jpg,suspicious,old_susp_vid11,3
suspicious/suspicious_01516.jpg,suspicious,old_susp_vid11,4
suspicious/suspicious_01517.jpg,suspicious,old_susp_vid11,5
suspicious/suspicious_01518.jpg,suspicious,old_susp_vid11,6
suspicious/suspicious_01519.jpg,suspicious,old_susp_vid11,7
suspicious/suspicious_01520.jpg,suspicious,old_susp_vid11,8
suspicious/suspicious_01521.jpg,suspicious,old_susp_vid11,9
suspicious/suspicious_01522.jpg,suspicious,old_susp_vid11,10
suspicious/suspicious_01523.jpg,suspicious,old_susp_vid11,11
suspicious/suspicious_01524.jpg,suspicious,old_susp_vid11,12
suspicious/suspicious_01525.jpg,suspicious,old_susp_vid11,13
suspicious/suspicious_01526.jpg,suspicious,old_susp_vid11,14
suspicious/suspicious_01527.jpg,suspicious,old_susp_vid11,15
suspicious/suspicious_01528.jpg,suspicious,old_susp_vid11,16
suspicious/suspicious_01529.jpg,suspicious,old_susp_vid11,17
suspicious/suspicious_01530.jpg,suspicious,old_susp_vid11,18
suspicious/suspicious_01531.jpg,suspicious,old_susp_vid11,19
suspicious/suspicious_01532.jpg,suspicious,old_susp_vid11,20
suspicious/suspicious_01533.jpg,suspicious,old_susp_vid12,1
suspicious/suspicious_01534.jpg,suspicious,old_susp_vid12,2
suspicious/suspicious_01535.jpg,suspicious,old_susp_vid12,3
suspicious/suspicious_01536.jpg,suspicious,old_susp_vid12,4
suspicious/suspicious_01537.jpg,suspicious,old_susp_vid12,5
suspicious/suspicious_01538.jpg,suspicious,old_susp_vid12,6
suspicious/suspicious_01539.jpg,suspicious,old_susp_vid12,7
suspicious/suspicious_01540.jpg,suspicious,old_susp_vid12,8
suspicious/suspicious_01541.jpg,suspicious,old_susp_vid12,9
suspicious/suspicious_01542.jpg,suspicious,old_susp_vid12,10
suspicious/suspicious_01543.jpg,suspicious,old_susp_vid12,11
suspicious/suspicious_01544.jpg,suspicious,old_susp_vid12,12
suspicious/suspicious_01545.jpg,suspicious,old_susp_vid12,13
suspicious/suspicious_01546.jpg,suspicious,old_susp_vid12,14
suspicious/suspicious_01547.jpg,suspicious,old_susp_vid12,15
suspicious/suspicious_01548.jpg,suspicious,old_susp_vid12,16
suspicious/suspicious_01549.jpg,suspicious,old_susp_vid12,17
suspicious/suspicious_01550.jpg,suspicious,old_susp_vid12,18
suspicious/suspicious_01551.jpg,suspicious,old_susp_vid12,19
suspicious/suspicious_01552.jpg,suspicious,old_susp_vid12,20
suspicious/suspicious_01553.jpg,suspicious,old_susp_vid12,21
suspicious/suspicious_01554.jpg,suspicious,old_susp_vid12,22
suspicious/suspicious_01555.jpg,suspicious,old_susp_vid12,23
suspicious/suspicious_01556.jpg,suspicious,old_susp_vid12,24
suspicious/suspicious_01557.jpg,suspicious,old_susp_vid12,25
suspicious/suspicious_01558.jpg,suspicious,old_susp_vid12,26
suspicious/suspicious_01559.jpg,suspicious,old_susp_vid12,27
suspicious/suspicious_01560.jpg,suspicious,old_susp_vid12,28
suspicious/suspicious_01561.jpg,suspicious,old_susp_vid12,29
suspicious/suspicious_01562.jpg,suspicious,old_susp_vid12,30
suspicious/suspicious_01563.jpg,suspicious,old_susp_vid12,31
suspicious/suspicious_01564.jpg,suspicious,old_susp_vid12,32
suspicious/suspicious_01565.jpg,suspicious,old_susp_vid12,33
suspicious/suspicious_01566.jpg,suspicious,old_susp_vid12,34
suspicious/suspicious_01567.jpg,suspicious,old_susp_vid12,35
suspicious/suspicious_01568.jpg,suspicious,old_susp_vid12,36
suspicious/suspicious_01569.jpg,suspicious,old_susp_vid12,37
suspicious/suspicious_01570.jpg,suspicious,old_susp_vid12,38
suspicious/suspicious_01571.jpg,suspicious,old_susp_vid12,39
suspicious/suspicious_01572.jpg,suspicious,old_susp_vid12,40
suspicious/suspicious_01573.jpg,suspicious,old_susp_vid12,41
suspicious/suspicious_01574.jpg,suspicious,old_susp_vid12,42
suspicious/suspicious_01575.jpg,suspicious,old_susp_vid12,43
suspicious/suspicious_01576.jpg,suspicious,old_susp_vid12,44
suspicious/suspicious_01577.jpg,suspicious,old_susp_vid12,45
suspicious/suspicious_01578.jpg,suspicious,old_susp_vid12,46
suspicious/suspicious_01579.jpg,suspicious,old_susp_vid12,47
suspicious/suspicious_01580.jpg,suspicious,old_susp_vid12,48
suspicious/suspicious_01581.jpg,suspicious,old_susp_vid12,49
suspicious/suspicious_01582.jpg,suspicious,old_susp_vid12,50
suspicious/suspicious_01583.jpg,suspicious,old_susp_vid12,51
suspicious/suspicious_01584.jpg,suspicious,old_susp_vid12,52
suspicious/suspicious_01585.jpg,suspicious,old_susp_vid12,53
suspicious/suspicious_01586.jpg,suspicious,old_susp_vid12,54
suspicious/suspicious_01587.jpg,suspicious,old_susp_vid12,55
suspicious/suspicious_01588.jpg,suspicious,old_susp_vid12,56
suspicious/suspicious_01589.jpg,suspicious,old_susp_vid12,57
suspicious/suspicious_01590.jpg,suspicious,old_susp_vid12,58
suspicious/suspicious_01591.jpg,suspicious,old_susp_vid12,59
suspicious/suspicious_01592.jpg,suspicious,old_susp_vid12,60
suspicious/suspicious_01593.jpg,suspicious,old_susp_vid12,61
suspicious/suspicious_01594.jpg,suspicious,old_susp_vid12,62
suspicious/suspicious_01595.jpg,suspicious,old_susp_vid12,63
suspicious/suspicious_01596.jpg,suspicious,old_susp_vid12,64
suspicious/suspicious_01597.jpg,suspicious,old_susp_vid12,65
suspicious/suspicious_01598.jpg,suspicious,old_susp_vid12,66
suspicious/suspicious_01599.jpg,suspicious,old_susp_vid12,67
suspicious/suspicious_01600.jpg,suspicious,old_susp_vid12,68
suspicious/suspicious_01601.jpg,suspicious,old_susp_vid12,69
suspicious/suspicious_01602.jpg,suspicious,old_susp_vid12,70
suspicious/suspicious_01603.jpg,suspicious,old_susp_vid12,71
suspicious/suspicious_01604.jpg,suspicious,old_susp_vid12,72
suspicious/suspicious_01605.jpg,suspicious,old_susp_vid12,73
suspicious/suspicious_01606.jpg,suspicious,old_susp_vid12,74
suspicious/suspicious_01607.jpg,suspicious,old_susp_vid12,75
suspicious/suspicious_01608.jpg,suspicious,old_susp_vid12,76
suspicious/suspicious_01609.jpg,suspicious,old_susp_vid12,77
suspicious/suspicious_01610.jpg,suspicious,old_susp_vid12,78
suspicious/suspicious_01611.jpg,suspicious,old_susp_vid12,79
suspicious/suspicious_01612.jpg,suspicious,old_susp_vid12,80
suspicious/suspicious_01613.jpg,suspicious,old_susp_vid12,81
suspicious/suspicious_01614.jpg,suspicious,old_susp_vid12,82
suspicious/suspicious_01615.jpg,suspicious,old_susp_vid12,83
suspicious/suspicious_01616.jpg,suspicious,old_susp_vid12,84
suspicious/suspicious_01617.jpg,suspicious,old_susp_vid12,85
suspicious/suspicious_01618.jpg,suspicious,old_susp_vid12,86
suspicious/suspicious_01619.jpg,suspicious,old_susp_vid12,87
suspicious/suspicious_01620.jpg,suspicious,old_susp_vid12,88
suspicious/suspicious_01621.jpg,suspicious,old_susp_vid12,89
suspicious/suspicious_01622.jpg,suspicious,old_susp_vid12,90
suspicious/suspicious_01623.jpg,suspicious,old_susp_vid12,91
suspicious/suspicious_01624.jpg,suspicious,old_susp_vid12,92
suspicious/suspicious_01625.jpg,suspicious,old_susp_vid12,93
suspicious/suspicious_01626.jpg,suspicious,old_susp_vid12,94
suspicious/suspicious_01627.jpg,suspicious,old_susp_vid12,95
suspicious/suspicious_01628.jpg,suspicious,old_susp_vid12,96
suspicious/suspicious_01629.jpg,suspicious,old_susp_vid12,97
suspicious/suspicious_01630.jpg,suspicious,old_susp_vid12,98
suspicious/suspicious_01631.jpg,suspicious,old_susp_vid12,99
suspicious/suspicious_01632.jpg,suspicious,old_susp_vid12,100
suspicious/suspicious_01633.jpg,suspicious,old_susp_vid12,101
suspicious/suspicious_01634.jpg,suspicious,old_susp_vid12,102
suspicious/suspicious_01635.jpg,suspicious,old_susp_vid12,103
suspicious/suspicious_01636.jpg,suspicious,old_susp_vid12,104
suspicious/suspicious_01637.jpg,suspicious,old_susp_vid12,105
suspicious/suspicious_01638.jpg,suspicious,old_susp_vid12,106
suspicious/suspicious_01639.jpg,suspicious,old_susp_vid12,107
suspicious/suspicious_01640.jpg,suspicious,old_susp_vid12,108
suspicious/suspicious_01641.jpg,suspicious,old_susp_vid12,109
suspicious/suspicious_01642.jpg,suspicious,old_susp_vid12,110
suspicious/suspicious_01643.jpg,suspicious,old_susp_vid12,111
suspicious/suspicious_01644.jpg,suspicious,old_susp_vid12,112
suspicious/suspicious_01645.jpg,suspicious,old_susp_vid12,113
suspicious/suspicious_01646.jpg,suspicious,old_susp_vid12,114
suspicious/suspicious_01647.jpg,suspicious,old_susp_vid12,115
suspicious/suspicious_01648.jpg,suspicious,old_susp_vid12,116
suspicious/suspicious_01649.jpg,suspicious,old_susp_vid12,117
suspicious/suspicious_01650.jpg,suspicious,old_susp_vid12,118
suspicious/suspicious_01651.jpg,suspicious,old_susp_vid12,119
suspicious/suspicious_01652.jpg,suspicious,old_susp_vid12,120
suspicious/suspicious_01653.jpg,suspicious,old_susp_vid12,121
suspicious/suspicious_01654.jpg,suspicious,old_susp_vid12,122
suspicious/suspicious_01655.jpg,suspicious,old_susp_vid12,123
suspicious/suspicious_01656.jpg,suspicious,old_susp_vid12,124
suspicious/suspicious_01657.jpg,suspicious,old_susp_vid12,125
suspicious/suspicious_01658.jpg,suspicious,old_susp_vid12,126
suspicious/suspicious_01659.jpg,suspicious,old_susp_vid12,127
suspicious/suspicious_01660.jpg,suspicious,old_susp_vid12,128
suspicious/suspicious_01661.jpg,suspicious,old_susp_vid12,129
suspicious/suspicious_01662.jpg,suspicious,old_susp_vid12,130
suspicious/suspicious_01663.jpg,suspicious,old_susp_vid12,131
suspicious/suspicious_01664.jpg,suspicious,old_susp_vid12,132
suspicious/suspicious_01665.jpg,suspicious,old_susp_vid12,133
suspicious/suspicious_01666.jpg,suspicious,old_susp_vid12,134
suspicious/suspicious_01667.jpg,suspicious,old_susp_vid12,135
suspicious/suspicious_01668.jpg,suspicious,old_susp_vid12,136
suspicious/suspicious_01669.jpg,suspicious,old_susp_vid12,137
suspicious/suspicious_01670.jpg,suspicious,old_susp_vid12,138
suspicious/suspicious_01671.jpg,suspicious,old_susp_vid12,139
suspicious/suspicious_01672.jpg,suspicious,old_susp_vid12,140
suspicious/suspicious_01673.jpg,suspicious,old_susp_vid12,141
suspicious/suspicious_01674.jpg,suspicious,old_susp_vid12,142
suspicious/suspicious_01675.jpg,suspicious,old_susp_vid12,143
suspicious/suspicious_01676.jpg,suspicious,old_susp_vid12,144
suspicious/suspicious_01677.jpg,suspicious,old_susp_vid12,145
suspicious/suspicious_01678.jpg,suspicious,old_susp_vid12,146
suspicious/suspicious_01679.jpg,suspicious,old_susp_vid12,147
suspicious/suspicious_01680.jpg,suspicious,old_susp_vid12,148
suspicious/suspicious_01681.jpg,suspicious,old_susp_vid12,149
suspicious/suspicious_01682.jpg,suspicious,old_susp_vid12,150
suspicious/suspicious_01683.jpg,suspicious,old_susp_vid12,151
suspicious/suspicious_01684.jpg,suspicious,old_susp_vid12,152
suspicious/suspicious_01685.jpg,suspicious,old_susp_vid12,153
suspicious/suspicious_01686.jpg,suspicious,old_susp_vid12,154
suspicious/suspicious_01687.jpg,suspicious,old_susp_vid12,155
suspicious/suspicious_01688.jpg,suspicious,old_susp_vid12,156
suspicious/suspicious_01689.jpg,suspicious,old_susp_vid12,157
suspicious/suspicious_01690.jpg,suspicious,old_susp_vid12,158
suspicious/suspicious_01691.jpg,suspicious,old_susp_vid12,159
suspicious/suspicious_01692.jpg,suspicious,old_susp_vid12,160
suspicious/suspicious_01693.jpg,suspicious,old_susp_vid12,161
suspicious/suspicious_01694.jpg,suspicious,old_susp_vid12,162
suspicious/suspicious_01695.jpg,suspicious,old_susp_vid12,163
suspicious/suspicious_01696.jpg,suspicious,old_susp_vid12,164
suspicious/suspicious_01697.jpg,suspicious,old_susp_vid12,165
suspicious/suspicious_01698.jpg,suspicious,old_susp_vid12,166
suspicious/suspicious_01699.jpg,suspicious,old_susp_vid12,167
suspicious/suspicious_01700.jpg,suspicious,old_susp_vid12,168
suspicious/suspicious_01701.jpg,suspicious,old_susp_vid12,169
suspicious/suspicious_01702.jpg,suspicious,old_susp_vid12,170
suspicious/suspicious_01703.jpg,suspicious,old_susp_vid12,171
suspicious/suspicious_01704.jpg,suspicious,old_susp_vid12,172
suspicious/suspicious_01705.jpg,suspicious,old_susp_vid12,173
suspicious/suspicious_01706.jpg,suspicious,old_susp_vid12,174
suspicious/suspicious_01707.jpg,suspicious,old_susp_vid12,175
suspicious/suspicious_01708.jpg,suspicious,old_susp_vid12,176
suspicious/suspicious_01709.jpg,suspicious,old_susp_vid12,177
suspicious/suspicious_01710.jpg,suspicious,old_susp_vid12,178
suspicious/suspicious_01711.jpg,suspicious,old_susp_vid12,179
suspicious/suspicious_01712.jpg,suspicious,old_susp_vid12,180
suspicious/suspicious_01713.jpg,suspicious,old_susp_vid12,181
suspicious/suspicious_01714.jpg,suspicious,old_susp_vid12,182
suspicious/suspicious_01715.jpg,suspicious,old_susp_vid12,183
suspicious/suspicious_01716.jpg,suspicious,old_susp_vid12,184
suspicious/suspicious_01717.jpg,suspicious,old_susp_vid12,185
suspicious/suspicious_01718.jpg,suspicious,old_susp_vid12,186
suspicious/suspicious_01719.jpg,suspicious,old_susp_vid12,187
suspicious/suspicious_01720.jpg,suspicious,old_susp_vid12,188
suspicious/suspicious_01721.jpg,suspicious,old_susp_vid12,189
suspicious/suspicious_01722.jpg,suspicious,old_susp_vid12,190
suspicious/suspicious_01723.jpg,suspicious,old_susp_vid12,191
suspicious/suspicious_01724.jpg,suspicious,old_susp_vid12,192
suspicious/suspicious_01725.jpg,suspicious,old_susp_vid12,193
suspicious/suspicious_01726.jpg,suspicious,old_susp_vid12,194
suspicious/suspicious_01727.jpg,suspicious,old_susp_vid12,195
suspicious/suspicious_01728.jpg,suspicious,old_susp_vid12,196
suspicious/suspicious_01729.jpg,suspicious,old_susp_vid12,197
suspicious/suspicious_01730.jpg,suspicious,old_susp_vid12,198
suspicious/suspicious_01731.jpg,suspicious,old_susp_vid12,199
suspicious/suspicious_01732.jpg,suspicious,old_susp_vid12,200
suspicious/suspicious_01733.jpg,suspicious,old_susp_vid12,201
suspicious/suspicious_01734.jpg,suspicious,old_susp_vid12,202
suspicious/suspicious_01735.jpg,suspicious,old_susp_vid12,203
suspicious/suspicious_01736.jpg,suspicious,old_susp_vid12,204
suspicious/suspicious_01737.jpg,suspicious,old_susp_vid12,205
suspicious/suspicious_01738.jpg,suspicious,old_susp_vid12,206
suspicious/suspicious_01739.jpg,suspicious,old_susp_vid12,207
suspicious/suspicious_01740.jpg,suspicious,old_susp_vid12,208
suspicious/suspicious_01741.jpg,suspicious,old_susp_vid12,209
suspicious/suspicious_01742.jpg,suspicious,old_susp_vid12,210
suspicious/suspicious_01743.jpg,suspicious,old_susp_vid12,211
suspicious/suspicious_01744.jpg,suspicious,old_susp_vid12,212
suspicious/suspicious_01745.jpg,suspicious,old_susp_vid12,213
suspicious/suspicious_01746.jpg,suspicious,old_susp_vid12,214
suspicious/suspicious_01747.jpg,suspicious,old_susp_vid12,215
suspicious/suspicious_01748.jpg,suspicious,old_susp_vid12,216
suspicious/suspicious_01749.jpg,suspicious,old_susp_vid12,217
suspicious/suspicious_01750.jpg,suspicious,old_susp_vid12,218
suspicious/suspicious_01751.jpg,suspicious,old_susp_vid12,219
suspicious/suspicious_01752.jpg,suspicious,old_susp_vid12,220
suspicious/suspicious_01753.jpg,suspicious,old_susp_vid12,221
suspicious/suspicious_01754.jpg,suspicious,old_susp_vid12,222
suspicious/suspicious_01755.jpg,suspicious,old_susp_vid13,1
suspicious/suspicious_01756.jpg,suspicious,old_susp_vid14,1
suspicious/suspicious_01757.jpg,suspicious,old_susp_vid14,2
suspicious/suspicious_01758.jpg,suspicious,old_susp_vid14,3
suspicious/suspicious_01759.jpg,suspicious,old_susp_vid14,4
suspicious/suspicious_01760.jpg,suspicious,old_susp_vid14,5
suspicious/suspicious_01761.jpg,suspicious,old_susp_vid14,6
suspicious/suspicious_01762.jpg,suspicious,old_susp_vid15,1
suspicious/suspicious_01763.jpg,suspicious,old_susp_vid15,2
suspicious/suspicious_01764.jpg,suspicious,old_susp_vid15,3
suspicious/suspicious_01765.jpg,suspicious,old_susp_vid15,4
suspicious/suspicious_01766.jpg,suspicious,old_susp_vid15,5
suspicious/suspicious_01767.jpg,suspicious,old_susp_vid15,6
suspicious/suspicious_01768.jpg,suspicious,old_susp_vid16,1
suspicious/suspicious_01769.jpg,suspicious,old_susp_vid16,2
suspicious/suspicious_01770.jpg,suspicious,old_susp_vid16,3
suspicious/suspicious_01771.jpg,suspicious,old_susp_vid16,4
suspicious/suspicious_01772.jpg,suspicious,old_susp_vid17,1
suspicious/suspicious_01773.jpg,suspicious,old_susp_vid17,2
suspicious/suspicious_01774.jpg,suspicious,old_susp_vid17,3
suspicious/suspicious_01775.jpg,suspicious,old_susp_vid17,4
suspicious/suspicious_01776.jpg,suspicious,old_susp_vid17,5
suspicious/suspicious_01777.jpg,suspicious,old_susp_vid17,6
suspicious/suspicious_01778.jpg,suspicious,old_susp_vid17,7
suspicious/suspicious_01779.jpg,suspicious,old_susp_vid17,8
suspicious/suspicious_01780.jpg,suspicious,old_susp_vid17,9
suspicious/suspicious_01781.jpg,suspicious,old_susp_vid17,10
suspicious/suspicious_01782.jpg,suspicious,old_susp_vid17,11
suspicious/suspicious_01783.jpg,suspicious,old_susp_vid17,12
suspicious/suspicious_01784.jpg,suspicious,old_susp_vid18,1
suspicious/suspicious_01785.jpg,suspicious,old_susp_vid2,1
suspicious/suspicious_01786.jpg,suspicious,old_susp_vid2,2
suspicious/suspicious_01787.jpg,suspicious,old_susp_vid2,3
suspicious/suspicious_01788.jpg,suspicious,old_susp_vid2,4
suspicious/suspicious_01789.jpg,suspicious,old_susp_vid2,5
suspicious/suspicious_01790.jpg,suspicious,old_susp_vid2,6
suspicious/suspicious_01791.jpg,suspicious,old_susp_vid2,7
suspicious/suspicious_01792.jpg,suspicious,old_susp_vid2,8
suspicious/suspicious_01793.jpg,suspicious,old_susp_vid2,9
suspicious/suspicious_01794.jpg,suspicious,old_susp_vid2,10
suspicious/suspicious_01795.jpg,suspicious,old_susp_vid2,11
suspicious/suspicious_01796.jpg,suspicious,old_susp_vid2,12
suspicious/suspicious_01797.jpg,suspicious,old_susp_vid2,13
suspicious/suspicious_01798.jpg,suspicious,old_susp_vid2,14
suspicious/suspicious_01799.jpg,suspicious,old_susp_vid3,1
suspicious/suspicious_01800.jpg,suspicious,old_susp_vid3,2
suspicious/suspicious_01801.jpg,suspicious,old_susp_vid3,3
suspicious/suspicious_01802.jpg,suspicious,old_susp_vid3,4
suspicious/suspicious_01803.jpg,suspicious,old_susp_vid3,5
suspicious/suspicious_01804.jpg,suspicious,old_susp_vid3,6
suspicious/suspicious_01805.jpg,suspicious,old_susp_vid3,7
suspicious/suspicious_01806.jpg,suspicious,old_susp_vid3,8
suspicious/suspicious_01807.jpg,suspicious,old_susp_vid3,9
suspicious/suspicious_01808.jpg,suspicious,old_susp_vid3,10
suspicious/suspicious_01809.jpg,suspicious,old_susp_vid3,11
suspicious/suspicious_01810.jpg,suspicious,old_susp_vid3,12
suspicious/suspicious_01811.jpg,suspicious,old_susp_vid3,13
suspicious/suspicious_01812.jpg,suspicious,old_susp_vid3,14
suspicious/suspicious_01813.jpg,suspicious,old_susp_vid3,15
suspicious/suspicious_01814.jpg,suspicious,old_susp_vid4,1
suspicious/suspicious_01815.jpg,suspicious,old_susp_vid4,2
suspicious/suspicious_01816.jpg,suspicious,old_susp_vid4,3
suspicious/suspicious_01817.jpg,suspicious,old_susp_vid4,4
suspicious/suspicious_01818.jpg,suspicious,old_susp_vid4,5
suspicious/suspicious_01819.jpg,suspicious,old_susp_vid4,6
suspicious/suspicious_01820.jpg,suspicious,old_susp_vid4,7
suspicious/suspicious_01821.jpg,suspicious,old_susp_vid4,8
suspicious/suspicious_01822.jpg,suspicious,old_susp_vid4,9
suspicious/suspicious_01823.jpg,suspicious,old_susp_vid4,10
suspicious/suspicious_01824.jpg,suspicious,old_susp_vid4,11
suspicious/suspicious_01825.jpg,suspicious,old_susp_vid4,12
suspicious/suspicious_01826.jpg,suspicious,old_susp_vid4,13
suspicious/suspicious_01827.jpg,suspicious,old_susp_vid4,14
suspicious/suspicious_01828.jpg,suspicious,old_susp_vid4,15
suspicious/suspicious_01829.jpg,suspicious,old_susp_vid4,16
suspicious/suspicious_01830.jpg,suspicious,old_susp_vid4,17
suspicious/suspicious_01831.jpg,suspicious,old_susp_vid4,18
suspicious/suspicious_01832.jpg,suspicious,old_susp_vid4,19
suspicious/suspicious_01833.jpg,suspicious,old_susp_vid4,20
suspicious/suspicious_01834.jpg,suspicious,old_susp_vid4,21
suspicious/suspicious_01835.jpg,suspicious,old_susp_vid4,22
suspicious/suspicious_01836.jpg,suspicious,old_susp_vid4,23
suspicious/suspicious_01837.jpg,suspicious,old_susp_vid4,24
suspicious/suspicious_01838.jpg,suspicious,old_susp_vid4,25
suspicious/suspicious_01839.jpg,suspicious,old_susp_vid4,26
suspicious/suspicious_01840.jpg,suspicious,old_susp_vid4,27
suspicious/suspicious_01841.jpg,suspicious,old_susp_vid4,28
suspicious/suspicious_01842.jpg,suspicious,old_susp_vid4,29
suspicious/suspicious_01843.jpg,suspicious,old_susp_vid4,30
suspicious/suspicious_01844.jpg,suspicious,old_susp_vid4,31
suspicious/suspicious_01845.jpg,suspicious,old_susp_vid4,32
suspicious/suspicious_01846.jpg,suspicious,old_susp_vid4,33
suspicious/suspicious_01847.jpg,suspicious,old_susp_vid4,34
suspicious/suspicious_01848.jpg,suspicious,old_susp_vid4,35
suspicious/suspicious_01849.jpg,suspicious,old_susp_vid4,36
suspicious/suspicious_01850.jpg,suspicious,old_susp_vid4,37
suspicious/suspicious_01851.jpg,suspicious,old_susp_vid4,38
suspicious/suspicious_01852.jpg,suspicious,old_susp_vid4,39
suspicious/suspicious_01853.jpg,suspicious,old_susp_vid4,40
suspicious/suspicious_01854.jpg,suspicious,old_susp_vid4,41
suspicious/suspicious_01855.jpg,suspicious,old_susp_vid4,42
suspicious/suspicious_01856.jpg,suspicious,old_susp_vid4,43
suspicious/suspicious_01857.jpg,suspicious,old_susp_vid4,44
suspicious/suspicious_01858.jpg,suspicious,old_susp_vid4,45
suspicious/suspicious_01859.jpg,suspicious,old_susp_vid4,46
suspicious/suspicious_01860.jpg,suspicious,old_susp_vid4,47
suspicious/suspicious_01861.jpg,suspicious,old_susp_vid4,48
suspicious/suspicious_01862.jpg,suspicious,old_susp_vid4,49
suspicious/suspicious_01863.jpg,suspicious,old_susp_vid4,50
suspicious/suspicious_01864.jpg,suspicious,old_susp_vid4,51
suspicious/suspicious_01865.jpg,suspicious,old_susp_vid4,52
suspicious/suspicious_01866.jpg,suspicious,old_susp_vid4,53
suspicious/suspicious_01867.jpg,suspicious,old_susp_vid4,54
suspicious/suspicious_01868.jpg,suspicious,old_susp_vid4,55
suspicious/suspicious_01869.jpg,suspicious,old_susp_vid4,56
suspicious/suspicious_01870.jpg,suspicious,old_susp_vid4,57
suspicious/suspicious_01871.jpg,suspicious,old_susp_vid4,58
suspicious/suspicious_01872.jpg,suspicious,old_susp_vid4,59
suspicious/suspicious_01873.jpg,suspicious,old_susp_vid4,60
suspicious/suspicious_01874.jpg,suspicious,old_susp_vid4,61
suspicious/suspicious_01875.jpg,suspicious,old_susp_vid4,62
suspicious/suspicious_01876.jpg,suspicious,old_susp_vid4,63
suspicious/suspicious_01877.jpg,suspicious,old_susp_vid4,64
suspicious/suspicious_01878.jpg,suspicious,old_susp_vid4,65
suspicious/suspicious_01879.jpg,suspicious,old_susp_vid4,66
suspicious/suspicious_01880.jpg,suspicious,old_susp_vid4,67
suspicious/suspicious_01881.jpg,suspicious,old_susp_vid4,68
suspicious/suspicious_01882.jpg,suspicious,old_susp_vid4,69
suspicious/suspicious_01883.jpg,suspicious,old_susp_vid4,70
suspicious/suspicious_01884.jpg,suspicious,old_susp_vid4,71
suspicious/suspicious_01885.jpg,suspicious,old_susp_vid4,72
suspicious/suspicious_01886.jpg,suspicious,old_susp_vid4,73
suspicious/suspicious_01887.jpg,suspicious,old_susp_vid4,74
suspicious/suspicious_01888.jpg,suspicious,old_susp_vid4,75
suspicious/suspicious_01889.jpg,suspicious,old_susp_vid4,76
suspicious/suspicious_01890.jpg,suspicious,old_susp_vid4,77
suspicious/suspicious_01891.jpg,suspicious,old_susp_vid4,78
suspicious/suspicious_01892.jpg,suspicious,old_susp_vid4,79
suspicious/suspicious_01893.jpg,suspicious,old_susp_vid4,80
suspicious/suspicious_01894.jpg,suspicious,old_susp_vid4,81
suspicious/suspicious_01895.jpg,suspicious,old_susp_vid4,82
suspicious/suspicious_01896.jpg,suspicious,old_susp_vid4,83
suspicious/suspicious_01897.jpg,suspicious,old_susp_vid4,84
suspicious/suspicious_01898.jpg,suspicious,old_susp_vid4,85
suspicious/suspicious_01899.jpg,suspicious,old_susp_vid4,86
suspicious/suspicious_01900.jpg,suspicious,old_susp_vid4,87
suspicious/suspicious_01901.jpg,suspicious,old_susp_vid4,88
suspicious/suspicious_01902.jpg,suspicious,old_susp_vid4,89
suspicious/suspicious_01903.jpg,suspicious,old_susp_vid4,90
suspicious/suspicious_01904.jpg,suspicious,old_susp_vid4,91
suspicious/suspicious_01905.jpg,suspicious,old_susp_vid4,92
suspicious/suspicious_01906.jpg,suspicious,old_susp_vid4,93
suspicious/suspicious_01907.jpg,suspicious,old_susp_vid4,94
suspicious/suspicious_01908.jpg,suspicious,old_susp_vid4,95
suspicious/suspicious_01909.jpg,suspicious,old_susp_vid4,96
suspicious/suspicious_01910.jpg,suspicious,old_susp_vid4,97
suspicious/suspicious_01911.jpg,suspicious,old_susp_vid4,98
suspicious/suspicious_01912.jpg,suspicious,old_susp_vid4,99
suspicious/suspicious_01913.jpg,suspicious,old_susp_vid4,100
suspicious/suspicious_01914.jpg,suspicious,old_susp_vid4,101
suspicious/suspicious_01915.jpg,suspicious,old_susp_vid4,102
suspicious/suspicious_01916.jpg,suspicious,old_susp_vid4,103
suspicious/suspicious_01917.jpg,suspicious,old_susp_vid4,104
suspicious/suspicious_01918.jpg,suspicious,old_susp_vid4,105
suspicious/suspicious_01919.jpg,suspicious,old_susp_vid4,106
suspicious/suspicious_01920.jpg,suspicious,old_susp_vid4,107
suspicious/suspicious_01921.jpg,suspicious,old_susp_vid4,108
suspicious/suspicious_01922.jpg,suspicious,old_susp_vid4,109
suspicious/suspicious_01923.jpg,suspicious,old_susp_vid4,110
suspicious/suspicious_01924.jpg,suspicious,old_susp_vid4,111
suspicious/suspicious_01925.jpg,suspicious,old_susp_vid4,112
suspicious/suspicious_01926.jpg,suspicious,old_susp_vid4,113
suspicious/suspicious_01927.jpg,suspicious,old_susp_vid4,114
suspicious/suspicious_01928.jpg,suspicious,old_susp_vid4,115
suspicious/suspicious_01929.jpg,suspicious,old_susp_vid4,116
suspicious/suspicious_01930.jpg,suspicious,old_susp_vid4,117
suspicious/suspicious_01931.jpg,suspicious,old_susp_vid4,118
suspicious/suspicious_01932.jpg,suspicious,old_susp_vid4,119
suspicious/suspicious_01933.jpg,suspicious,old_susp_vid4,120
suspicious/suspicious_01934.jpg,suspicious,old_susp_vid4,121
suspicious/suspicious_01935.jpg,suspicious,old_susp_vid4,122
suspicious/suspicious_01936.jpg,suspicious,old_susp_vid4,123
suspicious/suspicious_01937.jpg,suspicious,old_susp_vid4,124
suspicious/suspicious_01938.jpg,suspicious,old_susp_vid4,125
suspicious/suspicious_01939.jpg,suspicious,old_susp_vid4,126
suspicious/suspicious_01940.jpg,suspicious,old_susp_vid4,127
suspicious/suspicious_01941.jpg,suspicious,old_susp_vid4,128
suspicious/suspicious_01942.jpg,suspicious,old_susp_vid4,129
suspicious/suspicious_01943.jpg,suspicious,old_susp_vid4,130
suspicious/suspicious_01944.jpg,suspicious,old_susp_vid4,131
suspicious/suspicious_01945.jpg,suspicious,old_susp_vid4,132
suspicious/suspicious_01946.jpg,suspicious,old_susp_vid4,133
suspicious/suspicious_01947.jpg,suspicious,old_susp_vid4,134
suspicious/suspicious_01948.jpg,suspicious,old_susp_vid4,135
suspicious/suspicious_01949.jpg,suspicious,old_susp_vid4,136
suspicious/suspicious_01950.jpg,suspicious,old_susp_vid4,137
suspicious/suspicious_01951.jpg,suspicious,old_susp_vid4,138
suspicious/suspicious_01952.jpg,suspicious,old_susp_vid4,139
suspicious/suspicious_01953.jpg,suspicious,old_susp_vid4,140
suspicious/suspicious_01954.jpg,suspicious,old_susp_vid4,141
suspicious/suspicious_01955.jpg,suspicious,old_susp_vid4,142
suspicious/suspicious_01956.jpg,suspicious,old_susp_vid4,143
suspicious/suspicious_01957.jpg,suspicious,old_susp_vid4,144
suspicious/suspicious_01958.jpg,suspicious,old_susp_vid4,145
suspicious/suspicious_01959.jpg,suspicious,old_susp_vid4,146
suspicious/suspicious_01960.jpg,suspicious,old_susp_vid4,147
suspicious/suspicious_01961.jpg,suspicious,old_susp_vid4,148
suspicious/suspicious_01962.jpg,suspicious,old_susp_vid4,149
suspicious/suspicious_01963.jpg,suspicious,old_susp_vid4,150
suspicious/suspicious_01964.jpg,suspicious,old_susp_vid4,151
suspicious/suspicious_01965.jpg,suspicious,old_susp_vid4,152
suspicious/suspicious_01966.jpg,suspicious,old_susp_vid4,153
suspicious/suspicious_01967.jpg,suspicious,old_susp_vid4,154
suspicious/suspicious_01968.jpg,suspicious,old_susp_vid5,1
suspicious/suspicious_01969.jpg,suspicious,old_susp_vid5,2
suspicious/suspicious_01970.jpg,suspicious,old_susp_vid5,3
suspicious/suspicious_01971.jpg,suspicious,old_susp_vid5,4
suspicious/suspicious_01972.jpg,suspicious,old_susp_vid5,5
suspicious/suspicious_01973.jpg,suspicious,old_susp_vid5,6
suspicious/suspicious_01974.jpg,suspicious,old_susp_vid5,7
suspicious/suspicious_01975.jpg,suspicious,old_susp_vid5,8
suspicious/suspicious_01976.jpg,suspicious,old_susp_vid5,9
suspicious/suspicious_01977.jpg,suspicious,old_susp_vid5,10
suspicious/suspicious_01978.jpg,suspicious,old_susp_vid5,11
suspicious/suspicious_01979.jpg,suspicious,old_susp_vid5,12
suspicious/suspicious_01980.jpg,suspicious,old_susp_vid5,13
suspicious/suspicious_01981.jpg,suspicious,old_susp_vid5,14
suspicious/suspicious_01982.jpg,suspicious,old_susp_vid5,15
suspicious/suspicious_01983.jpg,suspicious,old_susp_vid5,16
suspicious/suspicious_01984.jpg,suspicious,old_susp_vid5,17
suspicious/suspicious_01985.jpg,suspicious,old_susp_vid5,18
suspicious/suspicious_01986.jpg,suspicious,old_susp_vid5,19
suspicious/suspicious_01987.jpg,suspicious,old_susp_vid5,20
suspicious/suspicious_01988.jpg,suspicious,old_susp_vid5,21
suspicious/suspicious_01989.jpg,suspicious,old_susp_vid5,22
suspicious/suspicious_01990.jpg,suspicious,old_susp_vid5,23
suspicious/suspicious_01991.jpg,suspicious,old_susp_vid5,24
suspicious/suspicious_01992.jpg,suspicious,old_susp_vid5,25
suspicious/suspicious_01993.jpg,suspicious,old_susp_vid5,26
suspicious/suspicious_01994.jpg,suspicious,old_susp_vid5,27
suspicious/suspicious_01995.jpg,suspicious,old_susp_vid5,28
suspicious/suspicious_01996.jpg,suspicious,old_susp_vid5,29
suspicious/suspicious_01997.jpg,suspicious,old_susp_vid5,30
suspicious/suspicious_01998.jpg,suspicious,old_susp_vid5,31
suspicious/suspicious_01999.jpg,suspicious,old_susp_vid5,32
suspicious/suspicious_02000.jpg,suspicious,old_susp_vid5,33
suspicious/suspicious_02001.jpg,suspicious,old_susp_vid5,34
suspicious/suspicious_02002.jpg,suspicious,old_susp_vid5,35
suspicious/suspicious_02003.jpg,suspicious,old_susp_vid5,36
suspicious/suspicious_02004.jpg,suspicious,old_susp_vid5,37
suspicious/suspicious_02005.jpg,suspicious,old_susp_vid5,38
suspicious/suspicious_02006.jpg,suspicious,old_susp_vid5,39
suspicious/suspicious_02007.jpg,suspicious,old_susp_vid5,40
suspicious/suspicious_02008.jpg,suspicious,old_susp_vid5,41
suspicious/suspicious_02009.jpg,suspicious,old_susp_vid5,42
suspicious/suspicious_02010.jpg,suspicious,old_susp_vid5,43
suspicious/suspicious_02011.jpg,suspicious,old_susp_vid5,44
suspicious/suspicious_02012.jpg,suspicious,old_susp_vid5,45
suspicious/suspicious_02013.jpg,suspicious,old_susp_vid5,46
suspicious/suspicious_02014.jpg,suspicious,old_susp_vid6,1
suspicious/suspicious_02015.jpg,suspicious,old_susp_vid6,2
suspicious/suspicious_02016.jpg,suspicious,old_susp_vid6,3
suspicious/suspicious_02017.jpg,suspicious,old_susp_vid6,4
suspicious/suspicious_02018.jpg,suspicious,old_susp_vid6,5
suspicious/suspicious_02019.jpg,suspicious,old_susp_vid6,6
suspicious/suspicious_02020.jpg,suspicious,old_susp_vid6,7
suspicious/suspicious_02021.jpg,suspicious,old_susp_vid6,8
suspicious/suspicious_02022.jpg,suspicious,old_susp_vid6,9
suspicious/suspicious_02023.jpg,suspicious,old_susp_vid6,10
suspicious/suspicious_02024.jpg,suspicious,old_susp_vid6,11
suspicious/suspicious_02025.jpg,suspicious,old_susp_vid6,12
suspicious/suspicious_02026.jpg,suspicious,old_susp_vid6,13
suspicious/suspicious_02027.jpg,suspicious,old_susp_vid6,14
suspicious/suspicious_02028.jpg,suspicious,old_susp_vid6,15
suspicious/suspicious_02029.jpg,suspicious,old_susp_vid6,16
suspicious/suspicious_02030.jpg,suspicious,old_susp_vid6,17
suspicious/suspicious_02031.jpg,suspicious,old_susp_vid6,18
suspicious/suspicious_02032.jpg,suspicious,old_susp_vid6,19
suspicious/suspicious_02033.jpg,suspicious,old_susp_vid6,20
suspicious/suspicious_02034.jpg,suspicious,old_susp_vid6,21
suspicious/suspicious_02035.jpg,suspicious,old_susp_vid6,22
suspicious/suspicious_02036.jpg,suspicious,old_susp_vid6,23
suspicious/suspicious_02037.jpg,suspicious,old_susp_vid6,24
suspicious/suspicious_02038.jpg,suspicious,old_susp_vid6,25
suspicious/suspicious_02039.jpg,suspicious,old_susp_vid6,26
suspicious/suspicious_02040.jpg,suspicious,old_susp_vid6,27
suspicious/suspicious_02041.jpg,suspicious,old_susp_vid6,28
suspicious/suspicious_02042.jpg,suspicious,old_susp_vid6,29
suspicious/suspicious_02043.jpg,suspicious,old_susp_vid6,30
suspicious/suspicious_02044.jpg,suspicious,old_susp_vid6,31
suspicious/suspicious_02045.jpg,suspicious,old_susp_vid6,32
suspicious/suspicious_02046.jpg,suspicious,old_susp_vid6,33
suspicious/suspicious_02047.jpg,suspicious,old_susp_vid6,34
suspicious/suspicious_02048.jpg,suspicious,old_susp_vid6,35
suspicious/suspicious_02049.jpg,suspicious,old_susp_vid6,36
suspicious/suspicious_02050.jpg,suspicious,old_susp_vid6,37
suspicious/suspicious_02051.jpg,suspicious,old_susp_vid6,38
suspicious/suspicious_02052.jpg,suspicious,old_susp_vid6,39
suspicious/suspicious_02053.jpg,suspicious,old_susp_vid6,40
suspicious/suspicious_02054.jpg,suspicious,old_susp_vid6,41
suspicious/suspicious_02055.jpg,suspicious,old_susp_vid6,42
suspicious/suspicious_02056.jpg,suspicious,old_susp_vid6,43
suspicious/suspicious_02057.jpg,suspicious,old_susp_vid6,44
suspicious/suspicious_02058.jpg,suspicious,old_susp_vid7,1
suspicious/suspicious_02059.jpg,suspicious,old_susp_vid7,2
suspicious/suspicious_02060.jpg,suspicious,old_susp_vid7,3
suspicious/suspicious_02061.jpg,suspicious,old_susp_vid7,4
suspicious/suspicious_02062.jpg,suspicious,old_susp_vid7,5
suspicious/suspicious_02063.jpg,suspicious,old_susp_vid7,6
suspicious/suspicious_02064.jpg,suspicious,old_susp_vid7,7
suspicious/suspicious_02065.jpg,suspicious,old_susp_vid7,8
suspicious/suspicious_02066.jpg,suspicious,old_susp_vid7,9
suspicious/suspicious_02067.jpg,suspicious,old_susp_vid7,10
suspicious/suspicious_02068.jpg,suspicious,old_susp_vid7,11
suspicious/suspicious_02069.jpg,suspicious,old_susp_vid7,12
suspicious/suspicious_02070.jpg,suspicious,old_susp_vid7,13
suspicious/suspicious_02071.jpg,suspicious,old_susp_vid7,14
suspicious/suspicious_02072.jpg,suspicious,old_susp_vid7,15
suspicious/suspicious_02073.jpg,suspicious,old_susp_vid7,16
suspicious/suspicious_02074.jpg,suspicious,old_susp_vid7,17
suspicious/suspicious_02075.jpg,suspicious,old_susp_vid7,18
suspicious/suspicious_02076.jpg,suspicious,old_susp_vid7,19
suspicious/suspicious_02077.jpg,suspicious,old_susp_vid7,20
suspicious/suspicious_02078.jpg,suspicious,old_susp_vid7,21
suspicious/suspicious_02079.jpg,suspicious,old_susp_vid7,22
suspicious/suspicious_02080.jpg,suspicious,old_susp_vid7,23
suspicious/suspicious_02081.jpg,suspicious,old_susp_vid7,24
suspicious/suspicious_02082.jpg,suspicious,old_susp_vid7,25
suspicious/suspicious_02083.jpg,suspicious,old_susp_vid7,26
suspicious/suspicious_02084.jpg,suspicious,old_susp_vid7,27
suspicious/suspicious_02085.jpg,suspicious,old_susp_vid7,28
suspicious/suspicious_02086.jpg,suspicious,old_susp_vid7,29
suspicious/suspicious_02087.jpg,suspicious,old_susp_vid7,30
suspicious/suspicious_02088.jpg,suspicious,old_susp_vid7,31
suspicious/suspicious_02089.jpg,suspicious,old_susp_vid7,32
suspicious/suspicious_02090.jpg,suspicious,old_susp_vid7,33
suspicious/suspicious_02091.jpg,suspicious,old_susp_vid7,34
suspicious/suspicious_02092.jpg,suspicious,old_susp_vid7,35
suspicious/suspicious_02093.jpg,suspicious,old_susp_vid7,36
suspicious/suspicious_02094.jpg,suspicious,old_susp_vid7,37
suspicious/suspicious_02095.jpg,suspicious,old_susp_vid7,38
suspicious/suspicious_02096.jpg,suspicious,old_susp_vid7,39
suspicious/suspicious_02097.jpg,suspicious,old_susp_vid7,40
suspicious/suspicious_02098.jpg,suspicious,old_susp_vid7,41
suspicious/suspicious_02099.jpg,suspicious,old_susp_vid7,42
suspicious/suspicious_02100.jpg,suspicious,old_susp_vid7,43
suspicious/suspicious_02101.jpg,suspicious,old_susp_vid7,44
suspicious/suspicious_02102.jpg,suspicious,old_susp_vid7,45
suspicious/suspicious_02103.jpg,suspicious,old_susp_vid7,46
suspicious/suspicious_02104.jpg,suspicious,old_susp_vid7,47
suspicious/suspicious_02105.jpg,suspicious,old_susp_vid7,48
suspicious/suspicious_02106.jpg,suspicious,old_susp_vid7,49
suspicious/suspicious_02107.jpg,suspicious,old_susp_vid7,50
suspicious/suspicious_02108.jpg,suspicious,old_susp_vid7,51
suspicious/suspicious_02109.jpg,suspicious,old_susp_vid7,52
suspicious/suspicious_02110.jpg,suspicious,old_susp_vid7,53
suspicious/suspicious_02111.jpg,suspicious,old_susp_vid7,54
suspicious/suspicious_02112.jpg,suspicious,old_susp_vid7,55
suspicious/suspicious_02113.jpg,suspicious,old_susp_vid7,56
suspicious/suspicious_02114.jpg,suspicious,old_susp_vid7,57
suspicious/suspicious_02115.jpg,suspicious,old_susp_vid7,58
suspicious/suspicious_02116.jpg,suspicious,old_susp_vid7,59
suspicious/suspicious_02117.jpg,suspicious,old_susp_vid7,60
suspicious/suspicious_02118.jpg,suspicious,old_susp_vid7,61
suspicious/suspicious_02119.jpg,suspicious,old_susp_vid7,62
suspicious/suspicious_02120.jpg,suspicious,old_susp_vid7,63
suspicious/suspicious_02121.jpg,suspicious,old_susp_vid7,64
suspicious/suspicious_02122.jpg,suspicious,old_susp_vid7,65
suspicious/suspicious_02123.jpg,suspicious,old_susp_vid7,66
suspicious/suspicious_02124.jpg,suspicious,old_susp_vid7,67
suspicious/suspicious_02125.jpg,suspicious,old_susp_vid7,68
suspicious/suspicious_02126.jpg,suspicious,old_susp_vid7,69
suspicious/suspicious_02127.jpg,suspicious,old_susp_vid7,70
suspicious/suspicious_02128.jpg,suspicious,old_susp_vid7,71
suspicious/suspicious_02129.jpg,suspicious,old_susp_vid7,72
suspicious/suspicious_02130.jpg,suspicious,old_susp_vid7,73
suspicious/suspicious_02131.jpg,suspicious,old_susp_vid7,74
suspicious/suspicious_02132.jpg,suspicious,old_susp_vid7,75
suspicious/suspicious_02133.jpg,suspicious,old_susp_vid7,76
suspicious/suspicious_02134.jpg,suspicious,old_susp_vid8,1
suspicious/suspicious_02135.jpg,suspicious,old_susp_vid8,2
suspicious/suspicious_02136.jpg,suspicious,old_susp_vid8,3
suspicious/suspicious_02137.jpg,suspicious,old_susp_vid8,4
suspicious/suspicious_02138.jpg,suspicious,old_susp_vid8,5
suspicious/suspicious_02139.jpg,suspicious,old_susp_vid8,6
suspicious/suspicious_02140.jpg,suspicious,old_susp_vid8,7
suspicious/suspicious_02141.jpg,suspicious,old_susp_vid8,8
suspicious/suspicious_02142.jpg,suspicious,old_susp_vid8,9
suspicious/suspicious_02143.jpg,suspicious,old_susp_vid8,10
suspicious/suspicious_02144.jpg,suspicious,old_susp_vid8,11
suspicious/suspicious_02145.jpg,suspicious,old_susp_vid8,12
suspicious/suspicious_02146.jpg,suspicious,old_susp_vid8,13
suspicious/suspicious_02147.jpg,suspicious,old_susp_vid8,14
suspicious/suspicious_02148.jpg,suspicious,old_susp_vid8,15
suspicious/suspicious_02149.jpg,suspicious,old_susp_vid8,16
suspicious/suspicious_02150.jpg,suspicious,old_susp_vid8,17
suspicious/suspicious_02151.jpg,suspicious,old_susp_vid8,18
suspicious/suspicious_02152.jpg,suspicious,old_susp_vid8,19
suspicious/suspicious_02153.jpg,suspicious,old_susp_vid8,20
suspicious/suspicious_02154.jpg,suspicious,old_susp_vid8,21
suspicious/suspicious_02155.jpg,suspicious,old_susp_vid8,22
suspicious/suspicious_02156.jpg,suspicious,old_susp_vid8,23
suspicious/suspicious_02157.jpg,suspicious,old_susp_vid8,24
suspicious/suspicious_02158.jpg,suspicious,old_susp_vid8,25
suspicious/suspicious_02159.jpg,suspicious,old_susp_vid8,26
suspicious/suspicious_02160.jpg,suspicious,old_susp_vid8,27
suspicious/suspicious_02161.jpg,suspicious,old_susp_vid8,28
suspicious/suspicious_02162.jpg,suspicious,old_susp_vid8,29
suspicious/suspicious_02163.jpg,suspicious,old_susp_vid8,30
suspicious/suspicious_02164.jpg,suspicious,old_susp_vid8,31
suspicious/suspicious_02165.jpg,suspicious,old_susp_vid8,32
suspicious/suspicious_02166.jpg,suspicious,old_susp_vid8,33
suspicious/suspicious_02167.jpg,suspicious,old_susp_vid8,34
suspicious/suspicious_02168.jpg,suspicious,old_susp_vid8,35
suspicious/suspicious_02169.jpg,suspicious,old_susp_vid8,36
suspicious/suspicious_02170.jpg,suspicious,old_susp_vid8,37
suspicious/suspicious_02171.jpg,suspicious,old_susp_vid8,38
suspicious/suspicious_02172.jpg,suspicious,old_susp_vid8,39
suspicious/suspicious_02173.jpg,suspicious,old_susp_vid8,40
suspicious/suspicious_02174.jpg,suspicious,old_susp_vid8,41
suspicious/suspicious_02175.jpg,suspicious,old_susp_vid8,42
suspicious/suspicious_02176.jpg,suspicious,old_susp_vid8,43
suspicious/suspicious_02177.jpg,suspicious,old_susp_vid8,44
suspicious/suspicious_02178.jpg,suspicious,old_susp_vid8,45
suspicious/suspicious_02179.jpg,suspicious,old_susp_vid8,46
suspicious/suspicious_02180.jpg,suspicious,old_susp_vid8,47
suspicious/suspicious_02181.jpg,suspicious,old_susp_vid8,48
suspicious/suspicious_02182.jpg,suspicious,old_susp_vid8,49
suspicious/suspicious_02183.jpg,suspicious,old_susp_vid8,50
suspicious/suspicious_02184.jpg,suspicious,old_susp_vid8,51
suspicious/suspicious_02185.jpg,suspicious,old_susp_vid8,52
suspicious/suspicious_02186.jpg,suspicious,old_susp_vid8,53
suspicious/suspicious_02187.jpg,suspicious,old_susp_vid8,54
suspicious/suspicious_02188.jpg,suspicious,old_susp_vid8,55
suspicious/suspicious_02189.jpg,suspicious,old_susp_vid8,56
suspicious/suspicious_02190.jpg,suspicious,old_susp_vid9,1
suspicious/suspicious_02191.jpg,suspicious,old_susp_vid9,2
suspicious/suspicious_02192.jpg,suspicious,old_susp_vid9,3
suspicious/suspicious_02193.jpg,suspicious,old_susp_vid9,4
suspicious/suspicious_02194.jpg,suspicious,old_susp_vid9,5
suspicious/suspicious_02195.jpg,suspicious,old_susp_vid9,6
suspicious/suspicious_02196.jpg,suspicious,old_susp_vid9,7
suspicious/suspicious_02197.jpg,suspicious,old_susp_vid9,8
suspicious/suspicious_02198.jpg,suspicious,old_susp_vid9,9
suspicious/suspicious_02199.jpg,suspicious,old_susp_vid9,10
suspicious/suspicious_02200.jpg,suspicious,old_susp_vid9,11
suspicious/suspicious_02201.jpg,suspicious,old_susp_vid9,12
suspicious/suspicious_02202.jpg,suspicious,old_susp_vid9,13
suspicious/suspicious_02203.jpg,suspicious,old_susp_vid9,14
suspicious/suspicious_02204.jpg,suspicious,old_susp_vid9,15
suspicious/suspicious_02205.jpg,suspicious,old_susp_vid9,16
suspicious/suspicious_02206.jpg,suspicious,old_susp_vid9,17
suspicious/suspicious_02207.jpg,suspicious,old_susp_vid9,18
suspicious/suspicious_02208.jpg,suspicious,old_susp_vid9,19
suspicious/suspicious_02209.jpg,suspicious,old_susp_vid9,20
suspicious/suspicious_02210.jpg,suspicious,old_susp_vid9,21
suspicious/suspicious_02211.jpg,suspicious,old_susp_vid9,22
suspicious/suspicious_02212.jpg,suspicious,old_susp_vid9,23
suspicious/suspicious_02213.jpg,suspicious,old_susp_vid9,24
suspicious/suspicious_02214.jpg,suspicious,old_susp_vid9,25
suspicious/suspicious_02215.jpg,suspicious,old_susp_vid9,26
suspicious/suspicious_02216.jpg,suspicious,old_susp_vid9,27
suspicious/suspicious_02217.jpg,suspicious,old_susp_vid9,28
suspicious/suspicious_02218.jpg,suspicious,old_susp_vid9,29
suspicious/suspicious_02219.jpg,suspicious,old_susp_vid9,30
suspicious/suspicious_02220.jpg,suspicious,old_susp_vid9,31
suspicious/suspicious_02221.jpg,suspicious,old_susp_vid9,32
suspicious/suspicious_02222.jpg,suspicious,old_susp_vid9,33
suspicious/suspicious_02223.jpg,suspicious,old_susp_vid9,34
suspicious/suspicious_02224.jpg,suspicious,old_susp_vid9,35
suspicious/suspicious_02225.jpg,suspicious,old_susp_vid9,36
suspicious/suspicious_02226.jpg,suspicious,old_susp_vid9,37
suspicious/suspicious_02227.jpg,suspicious,old_susp_vid9,38
suspicious/suspicious_02228.jpg,suspicious,old_susp_vid9,39
suspicious/suspicious_02229.jpg,suspicious,old_susp_vid9,40
suspicious/suspicious_02230.jpg,suspicious,old_susp_vid9,41
suspicious/suspicious_02231.jpg,suspicious,old_susp_vid9,42
suspicious/suspicious_02232.jpg,suspicious,old_susp_vid9,43
suspicious/suspicious_02233.jpg,suspicious,old_susp_vid9,44
suspicious/suspicious_02234.jpg,suspicious,old_susp_vid9,45
suspicious/suspicious_02235.jpg,suspicious,old_susp_vid9,46
suspicious/suspicious_02236.jpg,suspicious,old_susp_vid9,47
suspicious/suspicious_02237.jpg,suspicious,old_susp_vid9,48
suspicious/suspicious_02238.jpg,suspicious,old_susp_vid9,49
suspicious/suspicious_02239.jpg,suspicious,old_susp_vid9,50
suspicious/suspicious_02240.jpg,suspicious,old_susp_vid9,51
suspicious/suspicious_02241.jpg,suspicious,old_susp_vid9,52
suspicious/suspicious_02242.jpg,suspicious,old_susp_vid9,53
suspicious/suspicious_02243.jpg,suspicious,old_susp_vid9,54
suspicious/suspicious_02244.jpg,suspicious,old_susp_vid9,55
suspicious/suspicious_02245.jpg,suspicious,old_susp_vid9,56
suspicious/suspicious_02246.jpg,suspicious,old_susp_vid9,57
suspicious/suspicious_02247.jpg,suspicious,old_susp_vid9,58
suspicious/suspicious_02248.jpg,suspicious,old_susp_vid9,59
suspicious/suspicious_02249.jpg,suspicious,old_susp_vid9,60
suspicious/suspicious_02250.jpg,suspicious,old_susp_vid9,61
suspicious/suspicious_02251.jpg,suspicious,old_susp_vid9,62
suspicious/suspicious_02252.jpg,suspicious,old_susp_vid9,63
suspicious/suspicious_02253.jpg,suspicious,old_susp_vid9,64
suspicious/suspicious_02254.jpg,suspicious,old_susp_vid9,65
suspicious/suspicious_02255.jpg,suspicious,old_susp_vid9,66
suspicious/suspicious_02256.jpg,suspicious,old_susp_vid9,67
suspicious/suspicious_02257.jpg,suspicious,old_susp_vid9,68
suspicious/suspicious_02258.jpg,suspicious,old_susp_vid9,69
suspicious/suspicious_02259.jpg,suspicious,old_susp_vid9,70
suspicious/suspicious_02260.jpg,suspicious,old_susp_vid9,71
suspicious/suspicious_02261.jpg,suspicious,old_susp_vid9,72
suspicious/suspicious_02262.jpg,suspicious,old_susp_vid9,73
suspicious/suspicious_02263.jpg,suspicious,old_susp_vid9,74
suspicious/suspicious_02264.jpg,suspicious,old_susp_vid9,75
suspicious/suspicious_02265.jpg,suspicious,old_susp_vid9,76
suspicious/suspicious_02266.jpg,suspicious,old_susp_vid9,77
suspicious/suspicious_02267.jpg,suspicious,old_susp_vid9,78
suspicious/suspicious_02268.jpg,suspicious,old_susp_vid9,79
suspicious/suspicious_02269.jpg,suspicious,old_susp_vid9,80
suspicious/suspicious_02270.jpg,suspicious,old_susp_vid9,81
suspicious/suspicious_02271.jpg,suspicious,old_susp_vid9,82
suspicious/suspicious_02272.jpg,suspicious,old_susp_vid9,83
suspicious/suspicious_02273.jpg,suspicious,old_susp_vid9,84
suspicious/suspicious_02274.jpg,suspicious,old_susp_vid9,85
suspicious/suspicious_02275.jpg,suspicious,old_susp_vid9,86
suspicious/suspicious_02276.jpg,suspicious,old_susp_vid9,87
suspicious/suspicious_02277.jpg,suspicious,old_susp_vid9,88
suspicious/suspicious_02278.jpg,suspicious,old_susp_vid9,89
suspicious/suspicious_02279.jpg,suspicious,old_susp_vid9,90
suspicious/suspicious_02280.jpg,suspicious,old_susp_vid9,91
suspicious/suspicious_02281.jpg,suspicious,old_susp_vid9,92
suspicious/suspicious_02282.jpg,suspicious,old_susp_vid9,93
suspicious/suspicious_02283.jpg,suspicious,old_susp_vid9,94
suspicious/suspicious_02284.jpg,suspicious,old_susp_vid9,95
suspicious/suspicious_02285.jpg,suspicious,old_susp_vid9,96
suspicious/suspicious_02286.jpg,suspicious,old_susp_vid9,97
suspicious/suspicious_02287.jpg,suspicious,old_susp_vid9,98
suspicious/suspicious_02288.jpg,suspicious,old_susp_vid9,99
suspicious/suspicious_02289.jpg,suspicious,old_susp_vid9,100
suspicious/suspicious_02290.jpg,suspicious,old_susp_vid9,101
suspicious/suspicious_02291.jpg,suspicious,old_susp_vid9,102
suspicious/suspicious_02292.jpg,suspicious,old_susp_vid9,103
suspicious/suspicious_02293.jpg,suspicious,old_susp_vid9,104
suspicious/suspicious_02294.jpg,suspicious,old_susp_vid9,105
suspicious/suspicious_02295.jpg,suspicious,old_susp_vid9,106
suspicious/suspicious_02296.jpg,suspicious,old_susp_vid9,107
suspicious/suspicious_02297.jpg,suspicious,old_susp_vid9,108
suspicious/suspicious_02298.jpg,suspicious,old_susp_vid9,109
suspicious/suspicious_02299.jpg,suspicious,old_susp_vid9,110
suspicious/suspicious_02300.jpg,suspicious,old_susp_vid9,111
suspicious/suspicious_02301.jpg,suspicious,old_susp_vid9,112
suspicious/suspicious_02302.jpg,suspicious,old_susp_vid9,113
suspicious/suspicious_02303.jpg,suspicious,old_susp_vid9,114
suspicious/suspicious_02304.jpg,suspicious,old_susp_vid9,115
suspicious/suspicious_02305.jpg,suspicious,old_susp_vid9,116
suspicious/suspicious_02306.jpg,suspicious,old_susp_vid9,117
suspicious/suspicious_02307.jpg,suspicious,old_susp_vid9,118
suspicious/suspicious_02308.jpg,suspicious,old_susp_vid9,119
suspicious/suspicious_02309.jpg,suspicious,old_susp_vid9,120
suspicious/suspicious_02310.jpg,suspicious,old_susp_vid9,121
suspicious/suspicious_02311.jpg,suspicious,old_susp_vid9,122
suspicious/suspicious_02312.jpg,suspicious,old_susp_vid9,123
suspicious/suspicious_02313.jpg,suspicious,old_susp_vid9,124
suspicious/suspicious_02314.jpg,suspicious,old_susp_vid9,125
suspicious/suspicious_02315.jpg,suspicious,old_susp_vid9,126
suspicious/suspicious_02316.jpg,suspicious,old_susp_vid9,127
suspicious/suspicious_02317.jpg,suspicious,old_susp_vid9,128
suspicious/suspicious_02318.jpg,suspicious,old_susp_vid9,129
suspicious/suspicious_02319.jpg,suspicious,old_susp_vid9,130
suspicious/suspicious_02320.jpg,suspicious,old_susp_vid9,131
suspicious/suspicious_02321.jpg,suspicious,old_susp_vid9,132
suspicious/suspicious_02322.jpg,suspicious,old_susp_vid9,133
suspicious/suspicious_02323.jpg,suspicious,old_susp_vid9,134
suspicious/suspicious_02324.jpg,suspicious,old_susp_vid9,135
suspicious/suspicious_02325.jpg,suspicious,old_susp_vid9,136
suspicious/suspicious_02326.jpg,suspicious,old_susp_vid9,137
suspicious/suspicious_02327.jpg,suspicious,old_susp_vid9,138
suspicious/suspicious_02328.jpg,suspicious,old_susp_vid9,139
suspicious/suspicious_02329.jpg,suspicious,old_susp_vid9,140
suspicious/suspicious_02330.jpg,suspicious,old_susp_vid9,141
suspicious/suspicious_02331.jpg,suspicious,old_susp_vid9,142
suspicious/suspicious_02332.jpg,suspicious,old_susp_vid9,143
suspicious/suspicious_02333.jpg,suspicious,old_susp_vid9,144
suspicious/suspicious_02334.jpg,suspicious,old_susp_vid9,145
suspicious/suspicious_02335.jpg,suspicious,old_susp_vid9,146
suspicious/suspicious_02336.jpg,suspicious,old_susp_vid9,147
suspicious/suspicious_02337.jpg,suspicious,old_susp_vid9,148
suspicious/suspicious_02338.jpg,suspicious,old_susp_vid9,149
suspicious/suspicious_02339.jpg,suspicious,old_susp_vid9,150
suspicious/suspicious_02340.jpg,suspicious,old_susp_vid9,151
suspicious/suspicious_02341.jpg,suspicious,old_susp_vid9,152
suspicious/suspicious_02342.jpg,suspicious,old_susp_vid9,153
suspicious/suspicious_02343.jpg,suspicious,old_susp_vid9,154
suspicious/suspicious_02344.jpg,suspicious,old_susp_vid9,155
suspicious/suspicious_02345.jpg,suspicious,old_susp_vid9,156
suspicious/suspicious_02346.jpg,suspicious,old_susp_vid9,157
suspicious/suspicious_02347.jpg,suspicious,old_susp_vid9,158
suspicious/suspicious_02348.jpg,suspicious,old_susp_vid9,159
suspicious/suspicious_02349.jpg,suspicious,old_susp_vid9,160
suspicious/suspicious_02350.jpg,suspicious,old_susp_vid9,161
suspicious/suspicious_02351.jpg,suspicious,old_susp_vid9,162
suspicious/suspicious_02352.jpg,suspicious,old_susp_vid9,163
suspicious/suspicious_02353.jpg,suspicious,old_susp_vid9,164
suspicious/suspicious_02354.jpg,suspicious,old_susp_vid9,165
suspicious/suspicious_02355.jpg,suspicious,old_susp_vid9,166
suspicious/suspicious_02356.jpg,suspicious,old_susp_vid9,167
suspicious/suspicious_02357.jpg,suspicious,old_susp_vid9,168
suspicious/suspicious_02358.jpg,suspicious,old_susp_vid9,169
suspicious/suspicious_02359.jpg,suspicious,old_susp_vid9,170
suspicious/suspicious_02360.jpg,suspicious,old_susp_vid9,171
suspicious/suspicious_02361.jpg,suspicious,old_susp_vid9,172
suspicious/suspicious_02362.jpg,suspicious,old_susp_vid9,173
suspicious/suspicious_02363.jpg,suspicious,old_susp_vid9,174
suspicious/suspicious_02364.jpg,suspicious,old_susp_vid9,175
suspicious/suspicious_02365.jpg,suspicious,old_susp_vid9,176
suspicious/suspicious_02366.jpg,suspicious,old_susp_vid9,177
suspicious/suspicious_02367.jpg,suspicious,old_susp_vid9,178
suspicious/suspicious_02368.jpg,suspicious,old_susp_vid9,179
suspicious/suspicious_02369.jpg,suspicious,old_susp_vid9,180
suspicious/suspicious_02370.jpg,suspicious,old_susp_vid9,181
suspicious/suspicious_02371.jpg,suspicious,old_susp_vid9,182
suspicious/suspicious_02372.jpg,suspicious,old_susp_vid9,183
suspicious/suspicious_02373.jpg,suspicious,old_susp_vid9,184
suspicious/suspicious_02374.jpg,suspicious,old_susp_vid9,185
suspicious/suspicious_02375.jpg,suspicious,old_susp_vid9,186
suspicious/suspicious_02376.jpg,suspicious,old_susp_vid9,187
suspicious/suspicious_02377.jpg,suspicious,old_susp_vid9,188
suspicious/suspicious_02378.jpg,suspicious,old_susp_vid9,189
suspicious/suspicious_02379.jpg,suspicious,old_susp_vid9,190
suspicious/suspicious_02380.jpg,suspicious,old_susp_vid9,191
suspicious/suspicious_02381.jpg,suspicious,old_susp_vid9,192
suspicious/suspicious_02382.jpg,suspicious,old_susp_vid9,193
suspicious/suspicious_02383.jpg,suspicious,old_susp_vid9,194
suspicious/suspicious_02384.jpg,suspicious,old_susp_vid9,195
suspicious/suspicious_02385.jpg,suspicious,old_susp_vid9,196
suspicious/suspicious_02386.jpg,suspicious,old_susp_vid9,197
suspicious/suspicious_02387.jpg,suspicious,old_susp_vid9,198
suspicious/suspicious_02388.jpg,suspicious,old_susp_vid9,199
suspicious/suspicious_02389.jpg,suspicious,old_susp_vid9,200
suspicious/suspicious_02390.jpg,suspicious,old_susp_vid9,201
suspicious/suspicious_02391.jpg,suspicious,old_susp_vid9,202
suspicious/suspicious_02392.jpg,suspicious,old_susp_vid9,203
suspicious/suspicious_02393.jpg,suspicious,old_susp_vid9,204
suspicious/suspicious_02394.jpg,suspicious,old_susp_vid9,205
suspicious/suspicious_02395.jpg,suspicious,old_susp_vid9,206
suspicious/suspicious_02396.jpg,suspicious,old_susp_vid9,207
suspicious/suspicious_02397.jpg,suspicious,old_susp_vid9,208
suspicious/suspicious_02398.jpg,suspicious,old_susp_vid9,209
suspicious/suspicious_02399.jpg,suspicious,old_susp_vid9,210
suspicious/suspicious_02400.jpg,suspicious,old_susp_vid9,211
suspicious/suspicious_02401.jpg,suspicious,old_susp_vid9,212
suspicious/suspicious_02402.jpg,suspicious,old_susp_vid9,213
suspicious/suspicious_02403.jpg,suspicious,old_susp_vid9,214
suspicious/suspicious_02404.jpg,suspicious,old_susp_vid9,215
suspicious/suspicious_02405.jpg,suspicious,old_susp_vid9,216
suspicious/suspicious_02406.jpg,suspicious,old_susp_vid9,217
suspicious/suspicious_02407.jpg,suspicious,old_susp_vid9,218
suspicious/suspicious_02408.jpg,suspicious,old_susp_vid9,219
suspicious/suspicious_02409.jpg,suspicious,old_susp_vid9,220
suspicious/suspicious_02410.jpg,suspicious,old_susp_vid9,221
suspicious/suspicious_02411.jpg,suspicious,old_susp_vid9,222
suspicious/suspicious_02412.jpg,suspicious,old_susp_vid9,223
suspicious/suspicious_02413.jpg,suspicious,old_susp_vid9,224
suspicious/suspicious_02414.jpg,suspicious,old_susp_vid9,225
suspicious/suspicious_02415.jpg,suspicious,old_susp_vid9,226
suspicious/suspicious_02416.jpg,suspicious,old_susp_vid9,227
suspicious/suspicious_02417.jpg,suspicious,old_susp_vid9,228
suspicious/suspicious_02418.jpg,suspicious,old_susp_vid9,229
suspicious/suspicious_02419.jpg,suspicious,old_susp_vid9,230
suspicious/suspicious_02420.jpg,suspicious,old_susp_vid9,231
suspicious/suspicious_02421.jpg,suspicious,old_susp_vid9,232
suspicious/suspicious_02422.jpg,suspicious,old_susp_vid9,233
suspicious/suspicious_02423.jpg,suspicious,old_susp_vid9,234
suspicious/suspicious_02424.jpg,suspicious,old_susp_vid9,235
suspicious/suspicious_02425.jpg,suspicious,old_susp_vid9,236
suspicious/suspicious_02426.jpg,suspicious,old_susp_vid9,237
suspicious/suspicious_02427.jpg,suspicious,old_susp_vid9,238
suspicious/suspicious_02428.jpg,suspicious,old_susp_vid9,239
suspicious/suspicious_02429.jpg,suspicious,old_susp_vid9,240
suspicious/suspicious_02430.jpg,suspicious,old_susp_vid9,241
suspicious/suspicious_02431.jpg,suspicious,old_susp_vid9,242
suspicious/suspicious_02432.jpg,suspicious,old_susp_vid9,243
suspicious/suspicious_02433.jpg,suspicious,old_susp_vid9,244
suspicious/suspicious_02434.jpg,suspicious,old_susp_vid9,245
suspicious/suspicious_02435.jpg,suspicious,old_susp_vid9,246
suspicious/suspicious_02436.jpg,suspicious,old_susp_vid9,247
suspicious/suspicious_02437.jpg,suspicious,old_susp_vid9,248
suspicious/suspicious_02438.jpg,suspicious,old_susp_vid9,249
suspicious/suspicious_02439.jpg,suspicious,old_susp_vid9,250
suspicious/suspicious_02440.jpg,suspicious,old_susp_vid9,251
suspicious/suspicious_02441.jpg,suspicious,old_susp_vid9,252
suspicious/suspicious_02442.jpg,suspicious,old_susp_vid9,253
suspicious/suspicious_02443.jpg,suspicious,old_susp_vid9,254
suspicious/suspicious_02444.jpg,suspicious,old_susp_vid9,255
suspicious/suspicious_02445.jpg,suspicious,old_susp_vid9,256
suspicious/suspicious_02446.jpg,suspicious,old_susp_vid9,257
suspicious/suspicious_02447.jpg,suspicious,old_susp_vid9,258
suspicious/suspicious_02448.jpg,suspicious,old_susp_vid9,259
suspicious/suspicious_02449.jpg,suspicious,old_susp_vid9,260
suspicious/suspicious_02450.jpg,suspicious,old_susp_vid9,261
suspicious/suspicious_02451.jpg,suspicious,old_susp_vid9,262
suspicious/suspicious_02452.jpg,suspicious,old_susp_vid9,263
suspicious/suspicious_02453.jpg,suspicious,old_susp_vid9,264
suspicious/suspicious_02454.jpg,suspicious,old_susp_vid9,265
suspicious/suspicious_02455.jpg,suspicious,old_susp_vid9,266
suspicious/suspicious_02456.jpg,suspicious,old_susp_vid9,267
suspicious/suspicious_02457.jpg,suspicious,old_susp_vid9,268
suspicious/suspicious_02458.jpg,suspicious,old_susp_vid9,269
suspicious/suspicious_02459.jpg,suspicious,old_susp_vid9,270
suspicious/suspicious_02460.jpg,suspicious,old_susp_vid9,271
suspicious/suspicious_02461.jpg,suspicious,old_susp_vid9,272
suspicious/suspicious_02462.jpg,suspicious,old_susp_vid9,273
suspicious/suspicious_02463.jpg,suspicious,old_susp_vid9,274
suspicious/suspicious_02464.jpg,suspicious,old_susp_vid9,275
suspicious/suspicious_02465.jpg,suspicious,old_susp_vid9,276
suspicious/suspicious_02466.jpg,suspicious,old_susp_vid9,277
suspicious/suspicious_02467.jpg,suspicious,old_susp_vid9,278
suspicious/suspicious_02468.jpg,suspicious,old_susp_vid9,279
suspicious/suspicious_02469.jpg,suspicious,old_susp_vid9,280
suspicious/suspicious_02470.jpg,suspicious,old_susp_vid9,281
suspicious/suspicious_02471.jpg,suspicious,old_susp_vid9,282
suspicious/suspicious_02472.jpg,suspicious,old_susp_vid9,283
suspicious/suspicious_02473.jpg,suspicious,old_susp_vid9,284
suspicious/suspicious_02474.jpg,suspicious,old_susp_vid9,285
suspicious/suspicious_02475.jpg,suspicious,old_susp_vid9,286
suspicious/suspicious_02476.jpg,suspicious,old_susp_vid9,287
suspicious/suspicious_02477.jpg,suspicious,old_susp_vid9,288
suspicious/suspicious_02478.jpg,suspicious,old_susp_vid9,289
suspicious/suspicious_02479.jpg,suspicious,old_susp_vid9,290
suspicious/suspicious_02480.jpg,suspicious,old_susp_vid9,291
suspicious/suspicious_02481.jpg,suspicious,old_susp_vid9,292
suspicious/suspicious_02482.jpg,suspicious,old_susp_vid9,293
suspicious/suspicious_02483.jpg,suspicious,old_susp_vid9,294
suspicious/suspicious_02484.jpg,suspicious,old_susp_vid9,295
suspicious/suspicious_02485.jpg,suspicious,old_susp_vid9,296
suspicious/suspicious_02486.jpg,suspicious,old_susp_vid9,297
suspicious/suspicious_02487.jpg,suspicious,old_susp_vid9,298
suspicious/suspicious_02488.jpg,suspicious,old_susp_vid9,299
suspicious/suspicious_02489.jpg,suspicious,old_susp_vid9,300
suspicious/suspicious_02490.jpg,suspicious,old_susp_vid9,301
suspicious/suspicious_02491.jpg,suspicious,old_susp_vid9,302
suspicious/suspicious_02492.jpg,suspicious,old_susp_vid9,303
suspicious/suspicious_02493.jpg,suspicious,old_susp_vid9,304
suspicious/suspicious_02494.jpg,suspicious,old_susp_vid9,305
suspicious/suspicious_02495.jpg,suspicious,old_susp_vid9,306
suspicious/suspicious_02496.jpg,suspicious,old_susp_vid9,307
suspicious/suspicious_02497.jpg,suspicious,old_susp_vid9,308
suspicious/suspicious_02498.jpg,suspicious,old_susp_vid9,309
suspicious/suspicious_02499.jpg,suspicious,old_susp_vid9,310
suspicious/suspicious_02500.jpg,suspicious,old_susp_vid9,311
suspicious/suspicious_02501.jpg,suspicious,old_susp_vid9,312
suspicious/suspicious_02502.jpg,suspicious,old_susp_vid9,313
suspicious/suspicious_02503.jpg,suspicious,old_susp_vid9,314
suspicious/suspicious_02504.jpg,suspicious,old_susp_vid9,315
suspicious/suspicious_02505.jpg,suspicious,old_susp_vid9,316
suspicious/suspicious_02506.jpg,suspicious,old_susp_vid9,317
suspicious/suspicious_02507.jpg,suspicious,old_susp_vid9,318
suspicious/suspicious_02508.jpg,suspicious,old_susp_vid9,319
suspicious/suspicious_02509.jpg,suspicious,old_susp_vid9,320
suspicious/suspicious_02510.jpg,suspicious,old_susp_vid9,321
suspicious/suspicious_02511.jpg,suspicious,old_susp_vid9,322
suspicious/suspicious_02512.jpg,suspicious,old_susp_vid9,323
suspicious/suspicious_02513.jpg,suspicious,old_susp_vid9,324
suspicious/suspicious_02514.jpg,suspicious,old_susp_vid9,325
suspicious/suspicious_02515.jpg,suspicious,old_susp_vid9,326
suspicious/suspicious_02516.jpg,suspicious,old_susp_vid9,327
suspicious/suspicious_02517.jpg,suspicious,old_susp_vid9,328
suspicious/suspicious_02518.jpg,suspicious,old_susp_vid9,329
suspicious/suspicious_02519.jpg,suspicious,old_susp_vid9,330
suspicious/suspicious_02520.jpg,suspicious,old_susp_vid9,331
suspicious/suspicious_02521.jpg,suspicious,old_susp_vid9,332
suspicious/suspicious_02522.jpg,suspicious,old_susp_vid9,333
suspicious/suspicious_02523.jpg,suspicious,old_susp_vid9,334
suspicious/suspicious_02524.jpg,suspicious,old_susp_vid9,335
suspicious/suspicious_02525.jpg,suspicious,old_susp_vid9,336
suspicious/suspicious_02526.jpg,suspicious,old_susp_vid9,337
suspicious/suspicious_02527.jpg,suspicious,old_susp_vid9,338
suspicious/suspicious_02528.jpg,suspicious,old_susp_vid9,339
suspicious/suspicious_02529.jpg,suspicious,old_susp_vid9,340
suspicious/suspicious_02530.jpg,suspicious,old_susp_vid9,341
suspicious/suspicious_02531.jpg,suspicious,old_susp_vid9,342
suspicious/suspicious_02532.jpg,suspicious,old_susp_vid9,343
suspicious/suspicious_02533.jpg,suspicious,old_susp_vid9,344
suspicious/suspicious_02534.jpg,suspicious,old_susp_vid9,345
suspicious/suspicious_02535.jpg,suspicious,old_susp_vid9,346
suspicious/suspicious_02536.jpg,suspicious,old_susp_vid9,347
suspicious/suspicious_02537.jpg,suspicious,old_susp_vid9,348
suspicious/suspicious_02538.jpg,suspicious,old_susp_vid9,349
suspicious/suspicious_02539.jpg,suspicious,old_susp_vid9,350
suspicious/suspicious_02540.jpg,suspicious,old_susp_vid9,351
suspicious/suspicious_02541.jpg,suspicious,old_susp_vid9,352
suspicious/suspicious_02542.jpg,suspicious,old_susp_vid9,353
suspicious/suspicious_02543.jpg,suspicious,old_susp_vid9,354
suspicious/suspicious_02544.jpg,suspicious,old_susp_vid9,355
suspicious/suspicious_02545.jpg,suspicious,old_susp_vid9,356
suspicious/suspicious_02546.jpg,suspicious,old_susp_vid9,357
suspicious/suspicious_02547.jpg,suspicious,old_susp_vid9,358
suspicious/suspicious_02548.jpg,suspicious,old_susp_vid9,359
suspicious/suspicious_02549.jpg,suspicious,old_susp_vid9,360
suspicious/suspicious_02550.jpg,suspicious,old_susp_vid9,361
suspicious/suspicious_02551.jpg,suspicious,old_susp_vid9,362
suspicious/suspicious_02552.jpg,suspicious,old_susp_vid9,363
suspicious/suspicious_02553.jpg,suspicious,old_susp_vid9,364
suspicious/suspicious_02554.jpg,suspicious,old_susp_vid9,365
suspicious/suspicious_02555.jpg,suspicious,old_susp_vid9,366
suspicious/suspicious_02556.jpg,suspicious,old_susp_vid9,367
suspicious/suspicious_02557.jpg,suspicious,old_susp_vid9,368
suspicious/suspicious_02558.jpg,suspicious,old_susp_vid9,369
suspicious/suspicious_02559.jpg,suspicious,old_susp_vid9,370
suspicious/suspicious_02560.jpg,suspicious,old_susp_vid9,371
suspicious/suspicious_02561.jpg,suspicious,old_susp_vid9,372
suspicious/suspicious_02562.jpg,suspicious,old_susp_vid9,373
suspicious/suspicious_02563.jpg,suspicious,old_susp_vid9,374
suspicious/suspicious_02564.jpg,suspicious,old_susp_vid9,375
suspicious/suspicious_02565.jpg,suspicious,old_susp_vid9,376
suspicious/suspicious_02566.jpg,suspicious,old_susp_vid9,377
suspicious/suspicious_02567.jpg,suspicious,old_susp_vid9,378
suspicious/suspicious_02568.jpg,suspicious,old_susp_vid9,379
suspicious/suspicious_02569.jpg,suspicious,old_susp_vid9,380
suspicious/suspicious_02570.jpg,suspicious,old_susp_vid9,381
suspicious/suspicious_02571.jpg,suspicious,old_susp_vid9,382
suspicious/suspicious_02572.jpg,suspicious,old_susp_vid9,383
suspicious/suspicious_02573.jpg,suspicious,old_susp_vid9,384
suspicious/suspicious_02574.jpg,suspicious,old_susp_vid9,385
suspicious/suspicious_02575.jpg,suspicious,old_susp_vid9,386
suspicious/suspicious_02576.jpg,suspicious,old_susp_vid9,387
suspicious/suspicious_02577.jpg,suspicious,old_susp_vid9,388
suspicious/suspicious_02578.jpg,suspicious,old_susp_vid9,389
suspicious/suspicious_02579.jpg,suspicious,old_susp_vid9,390
suspicious/suspicious_02580.jpg,suspicious,old_susp_vid9,391
suspicious/suspicious_02581.jpg,suspicious,old_susp_vid9,392
suspicious/suspicious_02582.jpg,suspicious,old_susp_vid9,393
suspicious/suspicious_02583.jpg,suspicious,old_susp_vid9,394
suspicious/suspicious_02584.jpg,suspicious,old_susp_vid9,395
suspicious/suspicious_02585.jpg,suspicious,old_susp_vid9,396
suspicious/suspicious_02586.jpg,suspicious,old_susp_vid9,397
suspicious/suspicious_02587.jpg,suspicious,old_susp_vid9,398
suspicious/suspicious_02588.jpg,suspicious,old_susp_vid9,399
suspicious/suspicious_02589.jpg,suspicious,old_susp_vid9,400
suspicious/suspicious_02590.jpg,suspicious,old_susp_vid9,401
suspicious/suspicious_02591.jpg,suspicious,old_susp_vid9,402
suspicious/suspicious_02592.jpg,suspicious,old_susp_vid9,403
suspicious/suspicious_02593.jpg,suspicious,old_susp_vid9,404
suspicious/suspicious_02594.jpg,suspicious,old_susp_vid9,405
suspicious/suspicious_02595.jpg,suspicious,old_susp_vid9,406
suspicious/suspicious_02596.jpg,suspicious,old_susp_vid9,407
suspicious/suspicious_02597.jpg,suspicious,old_susp_vid9,408
suspicious/suspicious_02598.jpg,suspicious,old_susp_vid9,409
suspicious/suspicious_02599.jpg,suspicious,old_susp_vid9,410
suspicious/suspicious_02600.jpg,suspicious,old_susp_vid9,411
suspicious/suspicious_02601.jpg,suspicious,old_susp_vid9,412
suspicious/suspicious_02602.jpg,suspicious,old_susp_vid9,413
suspicious/suspicious_02603.jpg,suspicious,old_susp_vid9,414
suspicious/suspicious_02604.jpg,suspicious,old_susp_vid9,415
suspicious/suspicious_02605.jpg,suspicious,old_susp_vid9,416
suspicious/suspicious_02606.jpg,suspicious,old_susp_vid9,417
suspicious/suspicious_02607.jpg,suspicious,old_susp_vid9,418
suspicious/suspicious_02608.jpg,suspicious,old_susp_vid9,419
suspicious/suspicious_02609.jpg,suspicious,old_susp_vid9,420
suspicious/suspicious_02610.jpg,suspicious,old_susp_vid9,421
suspicious/suspicious_02611.jpg,suspicious,old_susp_vid9,422
suspicious/suspicious_02612.jpg,suspicious,old_susp_vid9,423
suspicious/suspicious_02613.jpg,suspicious,old_susp_vid9,424
suspicious/suspicious_02614.jpg,suspicious,old_susp_vid9,425
suspicious/suspicious_02615.jpg,suspicious,old_susp_vid9,426
suspicious/suspicious_02616.jpg,suspicious,old_susp_vid9,427
suspicious/suspicious_02617.jpg,suspicious,old_susp_vid9,428
suspicious/suspicious_02618.jpg,suspicious,old_susp_vid9,429
suspicious/suspicious_02619.jpg,suspicious,old_susp_vid9,430
suspicious/suspicious_02620.jpg,suspicious,old_susp_vid9,431
suspicious/suspicious_02621.jpg,suspicious,old_susp_vid9,432
suspicious/suspicious_02622.jpg,suspicious,old_susp_vid9,433
suspicious/suspicious_02623.jpg,suspicious,old_susp_vid9,434
suspicious/suspicious_02624.jpg,suspicious,old_susp_vid9,435
suspicious/suspicious_02625.jpg,suspicious,old_susp_vid9,436
suspicious/suspicious_02626.jpg,suspicious,old_susp_vid9,437
suspicious/suspicious_02627.jpg,suspicious,old_susp_vid9,438
suspicious/suspicious_02628.jpg,suspicious,old_susp_vid9,439
suspicious/suspicious_02629.jpg,suspicious,old_susp_vid9,440
suspicious/suspicious_02630.jpg,suspicious,old_susp_vid9,441
suspicious/suspicious_02631.jpg,suspicious,old_susp_vid9,442
suspicious/suspicious_02632.jpg,suspicious,old_susp_vid9,443
suspicious/suspicious_02633.jpg,suspicious,old_susp_vid9,444
suspicious/suspicious_02634.jpg,suspicious,old_susp_vid9,445
suspicious/suspicious_02635.jpg,suspicious,old_susp_vid9,446
suspicious/suspicious_02636.jpg,suspicious,old_susp_vid9,447
suspicious/suspicious_02637.jpg,suspicious,old_susp_vid9,448
suspicious/suspicious_02638.jpg,suspicious,old_susp_vid9,449
suspicious/suspicious_02639.jpg,suspicious,old_susp_vid9,450
suspicious/suspicious_02640.jpg,suspicious,old_susp_vid9,451
suspicious/suspicious_02641.jpg,suspicious,old_susp_vid9,452
suspicious/suspicious_02642.jpg,suspicious,old_susp_vid9,453
suspicious/suspicious_02643.jpg,suspicious,old_susp_vid9,454
suspicious/suspicious_02644.jpg,suspicious,old_susp_vid9,455
suspicious/suspicious_02645.jpg,suspicious,old_susp_vid9,456
suspicious/suspicious_02646.jpg,suspicious,old_susp_vid9,457
suspicious/suspicious_02647.jpg,suspicious,old_susp_vid9,458
suspicious/suspicious_02648.jpg,suspicious,old_susp_vid9,459
suspicious/suspicious_02649.jpg,suspicious,old_susp_vid9,460
suspicious/suspicious_02650.jpg,suspicious,old_susp_vid9,461
suspicious/suspicious_02651.jpg,suspicious,old_susp_vid9,462
suspicious/suspicious_02652.jpg,suspicious,old_susp_vid9,463
suspicious/suspicious_02653.jpg,suspicious,old_susp_vid9,464
suspicious/suspicious_02654.jpg,suspicious,old_susp_vid9,465
suspicious/suspicious_02655.jpg,suspicious,old_susp_vid9,466
suspicious/suspicious_02656.jpg,suspicious,old_susp_vid9,467
suspicious/suspicious_02657.jpg,suspicious,old_susp_vid9,468
suspicious/suspicious_02658.jpg,suspicious,old_susp_vid9,469
suspicious/suspicious_02659.jpg,suspicious,old_susp_vid9,470
suspicious/suspicious_02660.jpg,suspicious,old_susp_vid9,471
suspicious/suspicious_02661.jpg,suspicious,old_susp_vid9,472
suspicious/suspicious_02662.jpg,suspicious,old_susp_vid9,473
suspicious/suspicious_02663.jpg,suspicious,old_susp_vid9,474
suspicious/suspicious_02664.jpg,suspicious,old_susp_vid9,475
suspicious/suspicious_02665.jpg,suspicious,old_susp_vid9,476
suspicious/suspicious_02666.jpg,suspicious,old_susp_vid9,477
suspicious/suspicious_02667.jpg,suspicious,old_susp_vid9,478
suspicious/suspicious_02668.jpg,suspicious,old_susp_vid9,479
suspicious/suspicious_02669.jpg,suspicious,old_susp_vid9,480
suspicious/suspicious_02670.jpg,suspicious,old_susp_vid9,481
suspicious/suspicious_02671.jpg,suspicious,old_susp_vid9,482
suspicious/suspicious_02672.jpg,suspicious,old_susp_vid9,483
suspicious/suspicious_02673.jpg,suspicious,old_susp_vid9,484
suspicious/suspicious_02674.jpg,suspicious,old_susp_vid9,485
suspicious/suspicious_02675.jpg,suspicious,old_susp_vid9,486
suspicious/suspicious_02676.jpg,suspicious,old_susp_vid9,487
suspicious/suspicious_02677.jpg,suspicious,old_susp_vid9,488
suspicious/suspicious_02678.jpg,suspicious,old_susp_vid9,489
suspicious/suspicious_02679.jpg,suspicious,old_susp_vid9,490
suspicious/suspicious_02680.jpg,suspicious,old_susp_vid9,491
suspicious/suspicious_02681.jpg,suspicious,old_susp_vid9,492
suspicious/suspicious_02682.jpg,suspicious,old_susp_vid9,493
suspicious/suspicious_02683.jpg,suspicious,old_susp_vid9,494
suspicious/suspicious_02684.jpg,suspicious,old_susp_vid9,495
suspicious/suspicious_02685.jpg,suspicious,old_susp_vid9,496
suspicious/suspicious_02686.jpg,suspicious,old_susp_vid9,497
suspicious/suspicious_02687.jpg,suspicious,old_susp_vid9,498
suspicious/suspicious_02688.jpg,suspicious,old_susp_vid9,499
suspicious/suspicious_02689.jpg,suspicious,old_susp_vid9,500
suspicious/suspicious_02690.jpg,suspicious,old_susp_vid9,501
suspicious/suspicious_02691.jpg,suspicious,old_susp_vid9,502
suspicious/suspicious_02692.jpg,suspicious,old_susp_vid9,503
suspicious/suspicious_02693.jpg,suspicious,old_susp_vid9,504
suspicious/suspicious_02694.jpg,suspicious,old_susp_vid9,505
suspicious/suspicious_02695.jpg,suspicious,old_susp_vid9,506
suspicious/suspicious_02696.jpg,suspicious,old_susp_vid9,507
suspicious/suspicious_02697.jpg,suspicious,old_susp_vid9,508
suspicious/suspicious_02698.jpg,suspicious,old_susp_vid9,509
suspicious/suspicious_02699.jpg,suspicious,old_susp_vid9,510
suspicious/suspicious_02700.jpg,suspicious,old_susp_vid9,511
suspicious/suspicious_02701.jpg,suspicious,old_susp_vid9,512
suspicious/suspicious_02702.jpg,suspicious,old_susp_vid9,513
suspicious/suspicious_02703.jpg,suspicious,old_susp_vid9,514
suspicious/suspicious_02704.jpg,suspicious,old_susp_vid9,515
suspicious/suspicious_02705.jpg,suspicious,old_susp_vid9,516
suspicious/suspicious_02706.jpg,suspicious,old_susp_vid9,517
suspicious/suspicious_02707.jpg,suspicious,old_susp_vid9,518
suspicious/suspicious_02708.jpg,suspicious,old_susp_vid9,519
suspicious/suspicious_02709.jpg,suspicious,old_susp_vid9,520
suspicious/suspicious_02710.jpg,suspicious,old_susp_vid9,521
suspicious/suspicious_02711.jpg,suspicious,old_susp_vid9,522
suspicious/suspicious_02712.jpg,suspicious,old_susp_vid9,523
suspicious/suspicious_02713.jpg,suspicious,old_susp_vid9,524
suspicious/suspicious_02714.jpg,suspicious,old_susp_vid9,525
suspicious/suspicious_02715.jpg,suspicious,old_susp_vid9,526
suspicious/suspicious_02716.jpg,suspicious,old_susp_vid9,527
suspicious/suspicious_02717.jpg,suspicious,old_susp_vid9,528
suspicious/suspicious_02718.jpg,suspicious,old_susp_vid9,529
suspicious/suspicious_02719.jpg,suspicious,old_susp_vid9,530
suspicious/suspicious_02720.jpg,suspicious,old_susp_vid9,531
suspicious/suspicious_02721.jpg,suspicious,old_susp_vid9,532
suspicious/suspicious_02722.jpg,suspicious,old_susp_vid9,533
suspicious/suspicious_02723.jpg,suspicious,old_susp_vid9,534
suspicious/suspicious_02724.jpg,suspicious,old_susp_vid9,535
suspicious/suspicious_02725.jpg,suspicious,old_susp_vid9,536
suspicious/suspicious_02726.jpg,suspicious,old_susp_vid9,537
suspicious/suspicious_02727.jpg,suspicious,old_susp_vid9,538
suspicious/suspicious_02728.jpg,suspicious,old_susp_vid9,539
suspicious/suspicious_02729.jpg,suspicious,old_susp_vid9,540
suspicious/suspicious_02730.jpg,suspicious,old_susp_vid9,541
suspicious/suspicious_02731.jpg,suspicious,old_susp_vid9,542
suspicious/suspicious_02732.jpg,suspicious,old_susp_vid9,543
suspicious/suspicious_02733.jpg,suspicious,old_susp_vid9,544
suspicious/suspicious_02734.jpg,suspicious,old_susp_vid9,545
suspicious/suspicious_02735.jpg,suspicious,old_susp_vid9,546
suspicious/suspicious_02736.jpg,suspicious,old_susp_vid9,547
suspicious/suspicious_02737.jpg,suspicious,old_susp_vid9,548
suspicious/suspicious_02738.jpg,suspicious,old_susp_vid9,549
suspicious/suspicious_02739.jpg,suspicious,old_susp_vid9,550
suspicious/suspicious_02740.jpg,suspicious,old_susp_vid9,551
suspicious/suspicious_02741.jpg,suspicious,old_susp_vid9,552
suspicious/suspicious_02742.jpg,suspicious,old_susp_vid9,553
suspicious/suspicious_02743.jpg,suspicious,old_susp_vid9,554
suspicious/suspicious_02744.jpg,suspicious,old_susp_vid9,555
suspicious/suspicious_02745.jpg,suspicious,old_susp_vid9,556
suspicious/suspicious_02746.jpg,suspicious,old_susp_vid9,557
suspicious/suspicious_02747.jpg,suspicious,old_susp_vid9,558
suspicious/suspicious_02748.jpg,suspicious,old_susp_vid9,559
suspicious/suspicious_02749.jpg,suspicious,old_susp_vid9,560
suspicious/suspicious_02750.jpg,suspicious,old_susp_vid9,561
suspicious/suspicious_02751.jpg,suspicious,old_susp_vid9,562
suspicious/suspicious_02752.jpg,suspicious,old_susp_vid9,563
suspicious/suspicious_02753.jpg,suspicious,old_susp_vid9,564
suspicious/suspicious_02754.jpg,suspicious,old_susp_vid9,565
suspicious/suspicious_02755.jpg,suspicious,old_susp_vid9,566
suspicious/suspicious_02756.jpg,suspicious,old_susp_vid9,567
suspicious/suspicious_02757.jpg,suspicious,old_susp_vid9,568
suspicious/suspicious_02758.jpg,suspicious,old_susp_vid9,569
suspicious/suspicious_02759.jpg,suspicious,old_susp_vid9,570
suspicious/suspicious_02760.jpg,suspicious,old_susp_vid9,571
suspicious/suspicious_02761.jpg,suspicious,old_susp_vid9,572
suspicious/suspicious_02762.jpg,suspicious,old_susp_vid9,573
suspicious/suspicious_02763.jpg,suspicious,old_susp_vid9,574
suspicious/suspicious_02764.jpg,suspicious,old_susp_vid9,575
suspicious/suspicious_02765.jpg,suspicious,old_susp_vid9,576
suspicious/suspicious_02766.jpg,suspicious,old_susp_vid9,577
suspicious/suspicious_02767.jpg,suspicious,old_susp_vid9,578
suspicious/suspicious_02768.jpg,suspicious,old_susp_vid9,579
suspicious/suspicious_02769.jpg,suspicious,old_susp_vid9,580
suspicious/suspicious_02770.jpg,suspicious,old_susp_vid9,581
suspicious/suspicious_02771.jpg,suspicious,old_susp_vid9,582
suspicious/suspicious_02772.jpg,suspicious,old_susp_vid9,583
suspicious/suspicious_02773.jpg,suspicious,old_susp_vid9,584
suspicious/suspicious_02774.jpg,suspicious,old_susp_vid9,585
suspicious/suspicious_02775.jpg,suspicious,old_susp_vid9,586
suspicious/suspicious_02776.jpg,suspicious,old_susp_vid9,587
suspicious/suspicious_02777.jpg,suspicious,old_susp_vid9,588
suspicious/suspicious_02778.jpg,suspicious,old_susp_vid9,589
suspicious/suspicious_02779.jpg,suspicious,old_susp_vid9,590
suspicious/suspicious_02780.jpg,suspicious,old_susp_vid9,591
suspicious/suspicious_02781.jpg,suspicious,old_susp_vid9,592
suspicious/suspicious_02782.jpg,suspicious,old_susp_vid9,593
suspicious/suspicious_02783.jpg,suspicious,old_susp_vid9,594
suspicious/suspicious_02784.jpg,suspicious,old_susp_vid9,595
suspicious/suspicious_02785.jpg,suspicious,old_susp_vid9,596
suspicious/suspicious_02786.jpg,suspicious,old_susp_vid9,597
suspicious/suspicious_02787.jpg,suspicious,old_susp_vid9,598
suspicious/suspicious_02788.jpg,suspicious,old_susp_vid9,599
suspicious/suspicious_02789.jpg,suspicious,old_susp_vid9,600
suspicious/suspicious_02790.jpg,suspicious,old_susp_vid9,601
suspicious/suspicious_02791.jpg,suspicious,old_susp_vid9,602
suspicious/suspicious_02792.jpg,suspicious,old_susp_vid9,603
suspicious/suspicious_02793.jpg,suspicious,old_susp_vid9,604
suspicious/suspicious_02794.jpg,suspicious,old_susp_vid9,605
suspicious/suspicious_02795.jpg,suspicious,old_susp_vid9,606
suspicious/suspicious_02796.jpg,suspicious,old_susp_vid9,607
suspicious/suspicious_02797.jpg,suspicious,old_susp_vid9,608
suspicious/suspicious_02798.jpg,suspicious,old_susp_vid9,609
suspicious/suspicious_02799.jpg,suspicious,old_susp_vid9,610
suspicious/suspicious_02800.jpg,suspicious,old_susp_vid9,611
suspicious/suspicious_02801.jpg,suspicious,old_susp_vid9,612
suspicious/suspicious_02802.jpg,suspicious,old_susp_vid9,613
suspicious/suspicious_02803.jpg,suspicious,old_susp_vid9,614
suspicious/suspicious_02804.jpg,suspicious,old_susp_vid9,615
suspicious/suspicious_02805.jpg,suspicious,old_susp_vid9,616
suspicious/suspicious_02806.jpg,suspicious,old_susp_vid9,617
suspicious/suspicious_02807.jpg,suspicious,old_susp_vid9,618
suspicious/suspicious_02808.jpg,suspicious,old_susp_vid9,619
suspicious/suspicious_02809.jpg,suspicious,old_susp_vid9,620
suspicious/suspicious_02810.jpg,suspicious,old_susp_vid9,621
suspicious/suspicious_02811.jpg,suspicious,old_susp_vid9,622
suspicious/suspicious_02812.jpg,suspicious,old_susp_vid9,623
suspicious/suspicious_02813.jpg,suspicious,old_susp_vid9,624
suspicious/suspicious_02814.jpg,suspicious,old_susp_vid9,625
suspicious/suspicious_02815.jpg,suspicious,old_susp_vid9,626
suspicious/suspicious_02816.jpg,suspicious,old_susp_vid9,627
suspicious/suspicious_02817.jpg,suspicious,old_susp_vid9,628
suspicious/suspicious_02818.jpg,suspicious,old_susp_vid9,629
suspicious/suspicious_02819.jpg,suspicious,old_susp_vid9,630
suspicious/suspicious_02820.jpg,suspicious,old_susp_vid9,631
suspicious/suspicious_02821.jpg,suspicious,old_susp_vid9,632
suspicious/suspicious_02822.jpg,suspicious,old_susp_vid9,633
suspicious/suspicious_02823.jpg,suspicious,old_susp_vid9,634
suspicious/suspicious_02824.jpg,suspicious,old_susp_vid9,635
suspicious/suspicious_02825.jpg,suspicious,old_susp_vid9,636
suspicious/suspicious_02826.jpg,suspicious,old_susp_vid9,637
suspicious/suspicious_02827.jpg,suspicious,old_susp_vid9,638
suspicious/suspicious_02828.jpg,suspicious,old_susp_vid9,639
suspicious/suspicious_02829.jpg,suspicious,old_susp_vid9,640
suspicious/suspicious_02830.jpg,suspicious,old_susp_vid9,641
suspicious/suspicious_02831.jpg,suspicious,old_susp_vid9,642
suspicious/suspicious_02832.jpg,suspicious,old_susp_vid9,643
suspicious/suspicious_02833.jpg,suspicious,old_susp_vid9,644
suspicious/suspicious_02834.jpg,suspicious,old_susp_vid9,645
suspicious/suspicious_02835.jpg,suspicious,old_susp_vid9,646
suspicious/suspicious_02836.jpg,suspicious,old_susp_vid9,647
suspicious/suspicious_02837.jpg,suspicious,old_susp_vid9,648
suspicious/suspicious_02838.jpg,suspicious,old_susp_vid9,649
suspicious/suspicious_02839.jpg,suspicious,old_susp_vid9,650
suspicious/suspicious_02840.jpg,suspicious,old_susp_vid9,651
suspicious/suspicious_02841.jpg,suspicious,old_susp_vid9,652
suspicious/suspicious_02842.jpg,suspicious,old_susp_vid9,653
suspicious/suspicious_02843.jpg,suspicious,old_susp_vid9,654
suspicious/suspicious_02844.jpg,suspicious,old_susp_vid9,655
suspicious/suspicious_02845.jpg,suspicious,old_susp_vid9,656
suspicious/suspicious_02846.jpg,suspicious,old_susp_vid9,657
suspicious/suspicious_02847.jpg,suspicious,old_susp_vid9,658
suspicious/suspicious_02848.jpg,suspicious,old_susp_vid9,659
suspicious/suspicious_02849.jpg,suspicious,old_susp_vid9,660
suspicious/suspicious_02850.jpg,suspicious,old_susp_vid9,661
suspicious/suspicious_02851.jpg,suspicious,old_susp_vid9,662
suspicious/suspicious_02852.jpg,suspicious,old_susp_vid9,663
suspicious/suspicious_02853.jpg,suspicious,old_susp_vid9,664
suspicious/suspicious_02854.jpg,suspicious,old_susp_vid9,665
suspicious/suspicious_02855.jpg,suspicious,old_susp_vid9,666
suspicious/suspicious_02856.jpg,suspicious,old_susp_vid9,667
suspicious/suspicious_02857.jpg,suspicious,old_susp_vid9,668
suspicious/suspicious_02858.jpg,suspicious,old_susp_vid9,669
suspicious/suspicious_02859.jpg,suspicious,old_susp_vid9,670
suspicious/suspicious_02860.jpg,suspicious,old_susp_vid9,671
suspicious/suspicious_02861.jpg,suspicious,old_susp_vid9,672
suspicious/suspicious_02862.jpg,suspicious,old_susp_vid9,673
suspicious/suspicious_02863.jpg,suspicious,old_susp_vid9,674
suspicious/suspicious_02864.jpg,suspicious,old_susp_vid9,675
suspicious/suspicious_02865.jpg,suspicious,old_susp_vid9,676
suspicious/suspicious_02866.jpg,suspicious,old_susp_vid9,677
suspicious/suspicious_02867.jpg,suspicious,old_susp_vid9,678
suspicious/suspicious_02868.jpg,suspicious,old_susp_vid9,679
suspicious/suspicious_02869.jpg,suspicious,old_susp_vid9,680
suspicious/suspicious_02870.jpg,suspicious,old_susp_vid9,681
suspicious/suspicious_02871.jpg,suspicious,old_susp_vid9,682
suspicious/suspicious_02872.jpg,suspicious,old_susp_vid9,683
suspicious/suspicious_02873.jpg,suspicious,old_susp_vid9,684
suspicious/suspicious_02874.jpg,suspicious,old_susp_vid9,685
suspicious/suspicious_02875.jpg,suspicious,old_susp_vid9,686
suspicious/suspicious_02876.jpg,suspicious,old_susp_vid9,687
suspicious/suspicious_02877.jpg,suspicious,old_susp_vid9,688
suspicious/suspicious_02878.jpg,suspicious,old_susp_vid9,689
suspicious/suspicious_02879.jpg,suspicious,old_susp_vid9,690
suspicious/suspicious_02880.jpg,suspicious,old_susp_vid9,691
suspicious/suspicious_02881.jpg,suspicious,old_susp_vid9,692
suspicious/suspicious_02882.jpg,suspicious,old_susp_vid9,693
suspicious/suspicious_02883.jpg,suspicious,old_susp_vid9,694
suspicious/suspicious_02884.jpg,suspicious,old_susp_vid9,695
suspicious/suspicious_02885.jpg,suspicious,old_susp_vid9,696
suspicious/suspicious_02886.jpg,suspicious,old_susp_vid9,697
suspicious/suspicious_02887.jpg,suspicious,old_susp_vid9,698
suspicious/suspicious_02888.jpg,suspicious,old_susp_vid9,699
suspicious/suspicious_02889.jpg,suspicious,old_susp_vid9,700
suspicious/suspicious_02890.jpg,suspicious,old_susp_vid9,701
suspicious/suspicious_02891.jpg,suspicious,old_susp_vid9,702
suspicious/suspicious_02892.jpg,suspicious,old_susp_vid9,703
suspicious/suspicious_02893.jpg,suspicious,old_susp_vid9,704
suspicious/suspicious_02894.jpg,suspicious,old_susp_vid9,705
suspicious/suspicious_02895.jpg,suspicious,old_susp_vid9,706
suspicious/suspicious_02896.jpg,suspicious,old_susp_vid9,707
suspicious/suspicious_02897.jpg,suspicious,old_susp_vid9,708
suspicious/suspicious_02898.jpg,suspicious,old_susp_vid9,709
suspicious/suspicious_02899.jpg,suspicious,old_susp_vid9,710
suspicious/suspicious_02900.jpg,suspicious,old_susp_vid9,711
suspicious/suspicious_02901.jpg,suspicious,old_susp_vid9,712
suspicious/suspicious_02902.jpg,suspicious,old_susp_vid9,713
suspicious/suspicious_02903.jpg,suspicious,old_susp_vid9,714
suspicious/suspicious_02904.jpg,suspicious,old_susp_vid9,715
suspicious/suspicious_02905.jpg,suspicious,old_susp_vid9,716
suspicious/suspicious_02906.jpg,suspicious,old_susp_vid9,717
suspicious/suspicious_02907.jpg,suspicious,old_susp_vid9,718
suspicious/suspicious_02908.jpg,suspicious,old_susp_vid9,719
suspicious/suspicious_02909.jpg,suspicious,old_susp_vid9,720
suspicious/suspicious_02910.jpg,suspicious,old_susp_vid9,721
suspicious/suspicious_02911.jpg,suspicious,old_susp_vid9,722
suspicious/suspicious_02912.jpg,suspicious,old_susp_vid9,723
suspicious/suspicious_02913.jpg,suspicious,old_susp_vid9,724
suspicious/suspicious_02914.jpg,suspicious,old_susp_vid9,725
suspicious/suspicious_02915.jpg,suspicious,old_susp_vid9,726
suspicious/suspicious_02916.jpg,suspicious,old_susp_vid9,727
suspicious/suspicious_02917.jpg,suspicious,old_susp_vid9,728
suspicious/suspicious_02918.jpg,suspicious,old_susp_vid9,729
suspicious/suspicious_02919.jpg,suspicious,old_susp_vid9,730
suspicious/suspicious_02920.jpg,suspicious,old_susp_vid9,731
suspicious/suspicious_02921.jpg,suspicious,old_susp_vid9,732
suspicious/suspicious_02922.jpg,suspicious,old_susp_vid9,733
suspicious/suspicious_02923.jpg,suspicious,old_susp_vid9,734
suspicious/suspicious_02924.jpg,suspicious,old_susp_vid9,735
suspicious/suspicious_02925.jpg,suspicious,old_susp_vid9,736
suspicious/suspicious_02926.jpg,suspicious,old_susp_vid9,737
suspicious/suspicious_02927.jpg,suspicious,old_susp_vid9,738
suspicious/suspicious_02928.jpg,suspicious,old_susp_vid9,739
suspicious/suspicious_02929.jpg,suspicious,old_susp_vid9,740
suspicious/suspicious_02930.jpg,suspicious,old_susp_vid9,741
suspicious/suspicious_02931.jpg,suspicious,old_susp_vid9,742
suspicious/suspicious_02932.jpg,suspicious,old_susp_vid9,743
suspicious/suspicious_02933.jpg,suspicious,old_susp_vid9,744
suspicious/suspicious_02934.jpg,suspicious,old_susp_vid9,745
suspicious/suspicious_02935.jpg,suspicious,old_susp_vid9,746
suspicious/suspicious_02936.jpg,suspicious,old_susp_vid9,747
suspicious/suspicious_02937.jpg,suspicious,old_susp_vid9,748
suspicious/suspicious_02938.jpg,suspicious,old_susp_vid9,749
suspicious/suspicious_02939.jpg,suspicious,old_susp_vid9,750
suspicious/suspicious_02940.jpg,suspicious,old_susp_vid9,751
suspicious/suspicious_02941.jpg,suspicious,old_susp_vid9,752
suspicious/suspicious_02942.jpg,suspicious,old_susp_vid9,753
suspicious/suspicious_02943.jpg,suspicious,old_susp_vid9,754
suspicious/suspicious_02944.jpg,suspicious,old_susp_vid9,755
suspicious/suspicious_02945.jpg,suspicious,old_susp_vid9,756
suspicious/suspicious_02946.jpg,suspicious,old_susp_vid9,757
suspicious/suspicious_02947.jpg,suspicious,old_susp_vid9,758
suspicious/suspicious_02948.jpg,suspicious,old_susp_vid9,759
suspicious/suspicious_02949.jpg,suspicious,old_susp_vid9,760
suspicious/suspicious_02950.jpg,suspicious,old_susp_vid9,761
suspicious/suspicious_02951.jpg,suspicious,old_susp_vid9,762
suspicious/suspicious_02952.jpg,suspicious,old_susp_vid9,763
suspicious/suspicious_02953.jpg,suspicious,old_susp_vid9,764
suspicious/suspicious_02954.jpg,suspicious,old_susp_vid9,765
suspicious/suspicious_02955.jpg,suspicious,old_susp_vid9,766
suspicious/suspicious_02956.jpg,suspicious,old_susp_vid9,767
suspicious/suspicious_02957.jpg,suspicious,old_susp_vid9,768
suspicious/suspicious_02958.jpg,suspicious,old_susp_vid9,769
suspicious/suspicious_02959.jpg,suspicious,old_susp_vid9,770
suspicious/suspicious_02960.jpg,suspicious,old_susp_vid9,771
suspicious/suspicious_02961.jpg,suspicious,old_susp_vid9,772
suspicious/suspicious_02962.jpg,suspicious,old_susp_vid9,773
suspicious/suspicious_02963.jpg,suspicious,old_susp_vid9,774
suspicious/suspicious_02964.jpg,suspicious,old_susp_vid9,775
suspicious/suspicious_02965.jpg,suspicious,old_susp_vid9,776
suspicious/suspicious_02966.jpg,suspicious,old_susp_vid9,777
suspicious/suspicious_02967.jpg,suspicious,old_susp_vid9,778
suspicious/suspicious_02968.jpg,suspicious,old_susp_vid9,779
suspicious/suspicious_02969.jpg,suspicious,old_susp_vid9,780
suspicious/suspicious_02970.jpg,suspicious,old_susp_vid9,781
suspicious/suspicious_02971.jpg,suspicious,old_susp_vid9,782
suspicious/suspicious_02972.jpg,suspicious,old_susp_vid9,783
suspicious/suspicious_02973.jpg,suspicious,old_susp_vid9,784
suspicious/suspicious_02974.jpg,suspicious,old_susp_vid9,785
suspicious/suspicious_02975.jpg,suspicious,old_susp_vid9,786
suspicious/suspicious_02976.jpg,suspicious,old_susp_vid9,787
suspicious/suspicious_02977.jpg,suspicious,old_susp_vid9,788
suspicious/suspicious_02978.jpg,suspicious,old_susp_vid9,789
suspicious/suspicious_02979.jpg,suspicious,old_susp_vid9,790
suspicious/suspicious_02980.jpg,suspicious,old_susp_vid9,791
suspicious/suspicious_02981.jpg,suspicious,old_susp_vid9,792
suspicious/suspicious_02982.jpg,suspicious,old_susp_vid9,793
suspicious/suspicious_02983.jpg,suspicious,old_susp_vid9,794
suspicious/suspicious_02984.jpg,suspicious,old_susp_vid9,795
suspicious/suspicious_02985.jpg,suspicious,old_susp_vid9,796
suspicious/suspicious_02986.jpg,suspicious,old_susp_vid9,797
suspicious/suspicious_02987.jpg,suspicious,old_susp_vid9,798
suspicious/suspicious_02988.jpg,suspicious,old_susp_vid9,799
suspicious/suspicious_02989.jpg,suspicious,old_susp_vid9,800
suspicious/suspicious_02990.jpg,suspicious,old_susp_vid9,801
suspicious/suspicious_02991.jpg,suspicious,old_susp_vid9,802
suspicious/suspicious_02992.jpg,suspicious,old_susp_vid9,803
suspicious/suspicious_02993.jpg,suspicious,old_susp_vid9,804
suspicious/suspicious_02994.jpg,suspicious,old_susp_vid9,805
suspicious/suspicious_02995.jpg,suspicious,old_susp_vid9,806
suspicious/suspicious_02996.jpg,suspicious,old_susp_vid9,807
suspicious/suspicious_02997.jpg,suspicious,old_susp_vid9,808
suspicious/suspicious_02998.jpg,suspicious,old_susp_vid9,809
suspicious/suspicious_02999.jpg,suspicious,old_susp_vid9,810
suspicious/suspicious_03000.jpg,suspicious,old_susp_vid9,811
suspicious/suspicious_03001.jpg,suspicious,old_susp_vid9,812
suspicious/suspicious_03002.jpg,suspicious,old_susp_vid9,813
suspicious/suspicious_03003.jpg,suspicious,old_susp_vid9,814
suspicious/suspicious_03004.jpg,suspicious,old_susp_vid9,815
suspicious/suspicious_03005.jpg,suspicious,old_susp_vid9,816
suspicious/suspicious_03006.jpg,suspicious,old_susp_vid9,817
suspicious/suspicious_03007.jpg,suspicious,old_susp_vid9,818
suspicious/suspicious_03008.jpg,suspicious,old_susp_vid9,819
suspicious/suspicious_03009.jpg,suspicious,old_susp_vid9,820
suspicious/suspicious_03010.jpg,suspicious,old_susp_vid9,821
suspicious/suspicious_03011.jpg,suspicious,old_susp_vid9,822
suspicious/suspicious_03012.jpg,suspicious,old_susp_vid9,823
suspicious/suspicious_03013.jpg,suspicious,old_susp_vid9,824
suspicious/suspicious_03014.jpg,suspicious,old_susp_vid9,825
suspicious/suspicious_03015.jpg,suspicious,old_susp_vid9,826
suspicious/suspicious_03016.jpg,suspicious,old_susp_vid9,827
suspicious/suspicious_03017.jpg,suspicious,old_susp_vid9,828
suspicious/suspicious_03018.jpg,suspicious,old_susp_vid9,829
suspicious/suspicious_03019.jpg,suspicious,old_susp_vid9,830
suspicious/suspicious_03020.jpg,suspicious,old_susp_vid9,831
suspicious/suspicious_03021.jpg,suspicious,old_susp_vid9,832
suspicious/suspicious_03022.jpg,suspicious,old_susp_vid9,833
suspicious/suspicious_03023.jpg,suspicious,old_susp_vid9,834
suspicious/suspicious_03024.jpg,suspicious,old_susp_vid9,835
suspicious/suspicious_03025.jpg,suspicious,old_susp_vid9,836
suspicious/suspicious_03026.jpg,suspicious,old_susp_vid9,837
suspicious/suspicious_03027.jpg,suspicious,old_susp_vid9,838
suspicious/suspicious_03028.jpg,suspicious,old_susp_vid9,839
suspicious/suspicious_03029.jpg,suspicious,old_susp_vid9,840
suspicious/suspicious_03030.jpg,suspicious,old_susp_vid9,841
suspicious/suspicious_03031.jpg,suspicious,old_susp_vid9,842
suspicious/suspicious_03032.jpg,suspicious,old_susp_vid9,843
suspicious/suspicious_03033.jpg,suspicious,old_susp_vid9,844
suspicious/suspicious_03034.jpg,suspicious,old_susp_vid9,845
suspicious/suspicious_03035.jpg,suspicious,old_susp_vid9,846
suspicious/suspicious_03036.jpg,suspicious,old_susp_vid9,847
suspicious/suspicious_03037.jpg,suspicious,old_susp_vid9,848
suspicious/suspicious_03038.jpg,suspicious,old_susp_vid9,849
suspicious/suspicious_03039.jpg,suspicious,old_susp_vid9,850
suspicious/suspicious_03040.jpg,suspicious,old_susp_vid9,851
suspicious/suspicious_03041.jpg,suspicious,old_susp_vid9,852
suspicious/suspicious_03042.jpg,suspicious,old_susp_vid9,853
suspicious/suspicious_03043.jpg,suspicious,old_susp_vid9,854
suspicious/suspicious_03044.jpg,suspicious,old_susp_vid9,855
suspicious/suspicious_03045.jpg,suspicious,old_susp_vid9,856
suspicious/suspicious_03046.jpg,suspicious,old_susp_vid9,857
suspicious/suspicious_03047.jpg,suspicious,old_susp_vid9,858
suspicious/suspicious_03048.jpg,suspicious,old_susp_vid9,859
suspicious/suspicious_03049.jpg,suspicious,old_susp_vid9,860
suspicious/suspicious_03050.jpg,suspicious,old_susp_vid9,861
suspicious/suspicious_03051.jpg,suspicious,old_susp_vid9,862
suspicious/suspicious_03052.jpg,suspicious,old_susp_vid9,863
suspicious/suspicious_03053.jpg,suspicious,old_susp_vid9,864
suspicious/suspicious_03054.jpg,suspicious,old_susp_vid9,865
suspicious/suspicious_03055.jpg,suspicious,old_susp_vid9,866
suspicious/suspicious_03056.jpg,suspicious,old_susp_vid9,867
suspicious/suspicious_03057.jpg,suspicious,old_susp_vid9,868
suspicious/suspicious_03058.jpg,suspicious,old_susp_vid9,869
suspicious/suspicious_03059.jpg,suspicious,old_susp_vid9,870
suspicious/suspicious_03060.jpg,suspicious,old_susp_vid9,871
suspicious/suspicious_03061.jpg,suspicious,old_susp_vid9,872
suspicious/suspicious_03062.jpg,suspicious,old_susp_vid9,873
suspicious/suspicious_03063.jpg,suspicious,old_susp_vid9,874
suspicious/suspicious_03064.jpg,suspicious,old_susp_vid9,875
suspicious/suspicious_03065.jpg,suspicious,old_susp_vid9,876
suspicious/suspicious_03066.jpg,suspicious,old_susp_vid9,877
suspicious/suspicious_03067.jpg,suspicious,old_susp_vid9,878
suspicious/suspicious_03068.jpg,suspicious,old_susp_vid9,879
suspicious/suspicious_03069.jpg,suspicious,old_susp_vid9,880
suspicious/suspicious_03070.jpg,suspicious,old_susp_vid9,881
suspicious/suspicious_03071.jpg,suspicious,old_susp_vid9,882
suspicious/suspicious_03072.jpg,suspicious,old_susp_vid9,883
suspicious/suspicious_03073.jpg,suspicious,old_susp_vid9,884
suspicious/suspicious_03074.jpg,suspicious,old_susp_vid9,885
suspicious/suspicious_03075.jpg,suspicious,old_susp_vid9,886
suspicious/suspicious_03076.jpg,suspicious,old_susp_vid9,887
suspicious/suspicious_03077.jpg,suspicious,old_susp_vid9,888
suspicious/suspicious_03078.jpg,suspicious,old_susp_vid9,889
suspicious/suspicious_03079.jpg,suspicious,old_susp_vid9,890
suspicious/suspicious_03080.jpg,suspicious,old_susp_vid9,891
suspicious/suspicious_03081.jpg,suspicious,old_susp_vid9,892
suspicious/suspicious_03082.jpg,suspicious,old_susp_vid9,893
suspicious/suspicious_03083.jpg,suspicious,old_susp_vid9,894
suspicious/suspicious_03084.jpg,suspicious,old_susp_vid9,895
suspicious/suspicious_03085.jpg,suspicious,old_susp_vid9,896
suspicious/suspicious_03086.jpg,suspicious,old_susp_vid9,897
suspicious/suspicious_03087.jpg,suspicious,old_susp_vid9,898
suspicious/suspicious_03088.jpg,suspicious,old_susp_vid9,899
suspicious/suspicious_03089.jpg,suspicious,old_susp_vid9,900
suspicious/suspicious_03090.jpg,suspicious,old_susp_vid9,901
suspicious/suspicious_03091.jpg,suspicious,old_susp_vid9,902
suspicious/suspicious_03092.jpg,suspicious,old_susp_vid9,903
suspicious/suspicious_03093.jpg,suspicious,old_susp_vid9,904
suspicious/suspicious_03094.jpg,suspicious,old_susp_vid9,905
suspicious/suspicious_03095.jpg,suspicious,old_susp_vid9,906
suspicious/suspicious_03096.jpg,suspicious,old_susp_vid9,907
suspicious/suspicious_03097.jpg,suspicious,old_susp_vid9,908
suspicious/suspicious_03098.jpg,suspicious,old_susp_vid9,909
suspicious/suspicious_03099.jpg,suspicious,old_susp_vid9,910
suspicious/suspicious_03100.jpg,suspicious,old_susp_vid9,911
suspicious/suspicious_03101.jpg,suspicious,old_susp_vid9,912
suspicious/suspicious_03102.jpg,suspicious,old_susp_vid9,913
suspicious/suspicious_03103.jpg,suspicious,old_susp_vid9,914
suspicious/suspicious_03104.jpg,suspicious,old_susp_vid9,915
suspicious/suspicious_03105.jpg,suspicious,old_susp_vid9,916
suspicious/suspicious_03106.jpg,suspicious,old_susp_vid9,917
suspicious/suspicious_03107.jpg,suspicious,old_susp_vid9,918
suspicious/suspicious_03108.jpg,suspicious,old_susp_vid9,919
suspicious/suspicious_03109.jpg,suspicious,old_susp_vid9,920
suspicious/suspicious_03110.jpg,suspicious,old_susp_vid9,921
suspicious/suspicious_03111.jpg,suspicious,old_susp_vid9,922
suspicious/suspicious_03112.jpg,suspicious,old_susp_vid9,923
suspicious/suspicious_03113.jpg,suspicious,old_susp_vid9,924
suspicious/suspicious_03114.jpg,suspicious,old_susp_vid9,925
suspicious/suspicious_03115.jpg,suspicious,old_susp_vid9,926
suspicious/suspicious_03116.jpg,suspicious,old_susp_vid9,927
suspicious/suspicious_03117.jpg,suspicious,old_susp_vid9,928
suspicious/suspicious_03118.jpg,suspicious,old_susp_vid9,929
suspicious/suspicious_03119.jpg,suspicious,old_susp_vid9,930
suspicious/suspicious_03120.jpg,suspicious,old_susp_vid9,931
suspicious/suspicious_03121.jpg,suspicious,old_susp_vid9,932
suspicious/suspicious_03122.jpg,suspicious,old_susp_vid9,933
suspicious/suspicious_03123.jpg,suspicious,old_susp_vid9,934
suspicious/suspicious_03124.jpg,suspicious,old_susp_vid9,935
suspicious/suspicious_03125.jpg,suspicious,old_susp_vid9,936
suspicious/suspicious_03126.jpg,suspicious,old_susp_vid9,937
suspicious/suspicious_03127.jpg,suspicious,old_susp_vid9,938
suspicious/suspicious_03128.jpg,suspicious,old_susp_vid9,939
suspicious/suspicious_03129.jpg,suspicious,old_susp_vid9,940
suspicious/suspicious_03130.jpg,suspicious,old_susp_vid9,941
suspicious/suspicious_03131.jpg,suspicious,old_susp_vid9,942
suspicious/suspicious_03132.jpg,suspicious,old_susp_vid9,943
suspicious/suspicious_03133.jpg,suspicious,old_susp_vid9,944
suspicious/suspicious_03134.jpg,suspicious,old_susp_vid9,945
suspicious/suspicious_03135.jpg,suspicious,old_susp_vid9,946
suspicious/suspicious_03136.jpg,suspicious,old_susp_vid9,947
suspicious/suspicious_03137.jpg,suspicious,old_susp_vid9,948
suspicious/suspicious_03138.jpg,suspicious,old_susp_vid9,949
suspicious/suspicious_03139.jpg,suspicious,old_susp_vid9,950
suspicious/suspicious_03140.jpg,suspicious,old_susp_vid9,951
suspicious/suspicious_03141.jpg,suspicious,old_susp_vid9,952
suspicious/suspicious_03142.jpg,suspicious,old_susp_vid9,953
suspicious/suspicious_03143.jpg,suspicious,old_susp_vid9,954
suspicious/suspicious_03144.jpg,suspicious,old_susp_vid9,955
suspicious/suspicious_03145.jpg,suspicious,old_susp_vid9,956
suspicious/suspicious_03146.jpg,suspicious,old_susp_vid9,957
suspicious/suspicious_03147.jpg,suspicious,old_susp_vid9,958
suspicious/suspicious_03148.jpg,suspicious,old_susp_vid9,959
suspicious/suspicious_03149.jpg,suspicious,old_susp_vid9,960
suspicious/suspicious_03150.jpg,suspicious,old_susp_vid9,961
suspicious/suspicious_03151.jpg,suspicious,old_susp_vid9,962
suspicious/suspicious_03152.jpg,suspicious,old_susp_vid9,963
suspicious/suspicious_03153.jpg,suspicious,old_susp_vid9,964
suspicious/suspicious_03154.jpg,suspicious,old_susp_vid9,965
suspicious/suspicious_03155.jpg,suspicious,old_susp_vid9,966
suspicious/suspicious_03156.jpg,suspicious,old_susp_vid9,967
suspicious/suspicious_03157.jpg,suspicious,old_susp_vid9,968
suspicious/suspicious_03158.jpg,suspicious,old_susp_vid9,969
suspicious/suspicious_03159.jpg,suspicious,old_susp_vid9,970
suspicious/suspicious_03160.jpg,suspicious,old_susp_vid9,971
suspicious/suspicious_03161.jpg,suspicious,old_susp_vid9,972
suspicious/suspicious_03162.jpg,suspicious,old_susp_vid9,973
suspicious/suspicious_03163.jpg,suspicious,old_susp_vid9,974
suspicious/suspicious_03164.jpg,suspicious,old_susp_vid9,975
suspicious/suspicious_03165.jpg,suspicious,old_susp_vid9,976
suspicious/suspicious_03166.jpg,suspicious,old_susp_vid9,977
suspicious/suspicious_03167.jpg,suspicious,old_susp_vid9,978
suspicious/suspicious_03168.jpg,suspicious,old_susp_vid9,979
suspicious/suspicious_03169.jpg,suspicious,old_susp_vid9,980
suspicious/suspicious_03170.jpg,suspicious,old_susp_vid9,981
suspicious/suspicious_03171.jpg,suspicious,old_susp_vid9,982
suspicious/suspicious_03172.jpg,suspicious,old_susp_vid9,983
suspicious/suspicious_03173.jpg,suspicious,old_susp_vid9,984
suspicious/suspicious_03174.jpg,suspicious,old_susp_vid9,985
suspicious/suspicious_03175.jpg,suspicious,old_susp_vid9,986
suspicious/suspicious_03176.jpg,suspicious,old_susp_vid9,987
suspicious/suspicious_03177.jpg,suspicious,old_susp_vid9,988
suspicious/suspicious_03178.jpg,suspicious,old_susp_vid9,989
suspicious/suspicious_03179.jpg,suspicious,old_susp_vid9,990
suspicious/suspicious_03180.jpg,suspicious,old_susp_vid9,991
suspicious/suspicious_03181.jpg,suspicious,old_susp_vid9,992
suspicious/suspicious_03182.jpg,suspicious,old_susp_vid9,993
suspicious/suspicious_03183.jpg,suspicious,old_susp_vid9,994
suspicious/suspicious_03184.jpg,suspicious,old_susp_vid9,995
suspicious/suspicious_03185.jpg,suspicious,old_susp_vid9,996
suspicious/suspicious_03186.jpg,suspicious,old_susp_vid9,997
suspicious/suspicious_03187.jpg,suspicious,old_susp_vid9,998
suspicious/suspicious_03188.jpg,suspicious,old_susp_vid9,999
suspicious/suspicious_03189.jpg,suspicious,old_susp_vid9,1000
suspicious/suspicious_03190.jpg,suspicious,old_susp_vid9,1001
suspicious/suspicious_03191.jpg,suspicious,old_susp_vid9,1002
suspicious/suspicious_03192.jpg,suspicious,old_susp_vid9,1003
suspicious/suspicious_03193.jpg,suspicious,old_susp_vid9,1004
suspicious/suspicious_03194.jpg,suspicious,old_susp_vid9,1005
suspicious/suspicious_03195.jpg,suspicious,old_susp_vid9,1006
suspicious/suspicious_03196.jpg,suspicious,old_susp_vid9,1007
suspicious/suspicious_03197.jpg,suspicious,old_susp_vid9,1008
suspicious/suspicious_03198.jpg,suspicious,old_susp_vid9,1009
suspicious/suspicious_03199.jpg,suspicious,old_susp_vid9,1010
suspicious/suspicious_03200.jpg,suspicious,old_susp_vid9,1011
suspicious/suspicious_03201.jpg,suspicious,old_susp_vid9,1012
suspicious/suspicious_03202.jpg,suspicious,old_susp_vid9,1013
suspicious/suspicious_03203.jpg,suspicious,old_susp_vid9,1014
suspicious/suspicious_03204.jpg,suspicious,old_susp_vid9,1015
suspicious/suspicious_03205.jpg,suspicious,old_susp_vid9,1016
suspicious/suspicious_03206.jpg,suspicious,old_susp_vid9,1017
suspicious/suspicious_03207.jpg,suspicious,old_susp_vid9,1018
suspicious/suspicious_03208.jpg,suspicious,old_susp_vid9,1019
suspicious/suspicious_03209.jpg,suspicious,old_susp_vid9,1020
suspicious/suspicious_03210.jpg,suspicious,old_susp_vid9,1021
suspicious/suspicious_03211.jpg,suspicious,old_susp_vid9,1022
suspicious/suspicious_03212.jpg,suspicious,old_susp_vid9,1023
suspicious/suspicious_03213.jpg,suspicious,old_susp_vid9,1024
suspicious/suspicious_03214.jpg,suspicious,old_susp_vid9,1025
suspicious/suspicious_03215.jpg,suspicious,old_susp_vid9,1026
suspicious/suspicious_03216.jpg,suspicious,old_susp_vid9,1027
suspicious/suspicious_03217.jpg,suspicious,old_susp_vid9,1028
suspicious/suspicious_03218.jpg,suspicious,old_susp_vid9,1029
suspicious/suspicious_03219.jpg,suspicious,old_susp_vid9,1030
suspicious/suspicious_03220.jpg,suspicious,old_susp_vid9,1031
suspicious/suspicious_03221.jpg,suspicious,old_susp_vid9,1032
suspicious/suspicious_03222.jpg,suspicious,old_susp_vid9,1033
suspicious/suspicious_03223.jpg,suspicious,old_susp_vid9,1034
suspicious/suspicious_03224.jpg,suspicious,old_susp_vid9,1035
suspicious/suspicious_03225.jpg,suspicious,old_susp_vid9,1036
suspicious/suspicious_03226.jpg,suspicious,old_susp_vid9,1037
suspicious/suspicious_03227.jpg,suspicious,old_susp_vid9,1038
suspicious/suspicious_03228.jpg,suspicious,old_susp_vid9,1039
suspicious/suspicious_03229.jpg,suspicious,old_susp_vid9,1040
suspicious/suspicious_03230.jpg,suspicious,old_susp_vid9,1041
suspicious/suspicious_03231.jpg,suspicious,old_susp_vid9,1042
suspicious/suspicious_03232.jpg,suspicious,old_susp_vid9,1043
suspicious/suspicious_03233.jpg,suspicious,old_susp_vid9,1044
suspicious/suspicious_03234.jpg,suspicious,old_susp_vid9,1045
suspicious/suspicious_03235.jpg,suspicious,old_susp_vid9,1046
suspicious/suspicious_03236.jpg,suspicious,old_susp_vid9,1047
suspicious/suspicious_03237.jpg,suspicious,old_susp_vid9,1048
suspicious/suspicious_03238.jpg,suspicious,old_susp_vid9,1049
suspicious/suspicious_03239.jpg,suspicious,old_susp_vid9,1050
suspicious/suspicious_03240.jpg,suspicious,old_susp_vid9,1051
suspicious/suspicious_03241.jpg,suspicious,old_susp_vid9,1052
suspicious/suspicious_03242.jpg,suspicious,old_susp_vid9,1053
suspicious/suspicious_03243.jpg,suspicious,old_susp_vid9,1054
suspicious/suspicious_03244.jpg,suspicious,old_susp_vid9,1055
suspicious/suspicious_03245.jpg,suspicious,old_susp_vid9,1056
suspicious/suspicious_03246.jpg,suspicious,old_susp_vid9,1057
suspicious/suspicious_03247.jpg,suspicious,old_susp_vid9,1058
suspicious/suspicious_03248.jpg,suspicious,old_susp_vid9,1059
suspicious/suspicious_03249.jpg,suspicious,old_susp_vid9,1060
suspicious/suspicious_03250.jpg,suspicious,old_susp_vid9,1061
suspicious/suspicious_03251.jpg,suspicious,old_susp_vid9,1062
suspicious/suspicious_03252.jpg,suspicious,old_susp_vid9,1063
suspicious/suspicious_03253.jpg,suspicious,old_susp_vid9,1064
suspicious/suspicious_03254.jpg,suspicious,old_susp_vid9,1065
suspicious/suspicious_03255.jpg,suspicious,old_susp_vid9,1066
suspicious/suspicious_03256.jpg,suspicious,old_susp_vid9,1067
suspicious/suspicious_03257.jpg,suspicious,old_susp_vid9,1068
suspicious/suspicious_03258.jpg,suspicious,old_susp_vid9,1069
suspicious/suspicious_03259.jpg,suspicious,old_susp_vid9,1070
suspicious/suspicious_03260.jpg,suspicious,old_susp_vid9,1071
suspicious/suspicious_03261.jpg,suspicious,old_susp_vid9,1072
suspicious/suspicious_03262.jpg,suspicious,old_susp_vid9,1073
suspicious/suspicious_03263.jpg,suspicious,old_susp_vid9,1074
suspicious/suspicious_03264.jpg,suspicious,old_susp_vid9,1075
suspicious/suspicious_03265.jpg,suspicious,old_susp_vid9,1076
suspicious/suspicious_03266.jpg,suspicious,old_susp_vid9,1077
suspicious/suspicious_03267.jpg,suspicious,old_susp_vid9,1078
suspicious/suspicious_03268.jpg,suspicious,old_susp_vid9,1079
suspicious/suspicious_03269.jpg,suspicious,old_susp_vid9,1080
suspicious/suspicious_03270.jpg,suspicious,old_susp_vid9,1081
suspicious/suspicious_03271.jpg,suspicious,old_susp_vid9,1082
suspicious/suspicious_03272.jpg,suspicious,old_susp_vid9,1083
suspicious/suspicious_03273.jpg,suspicious,old_susp_vid9,1084
suspicious/suspicious_03274.jpg,suspicious,old_susp_vid9,1085
suspicious/suspicious_03275.jpg,suspicious,old_susp_vid9,1086
suspicious/suspicious_03276.jpg,suspicious,old_susp_vid9,1087
suspicious/suspicious_03277.jpg,suspicious,old_susp_vid9,1088
suspicious/suspicious_03278.jpg,suspicious,old_susp_vid9,1089
suspicious/suspicious_03279.jpg,suspicious,old_susp_vid9,1090
suspicious/suspicious_03280.jpg,suspicious,old_susp_vid9,1091
suspicious/suspicious_03281.jpg,suspicious,old_susp_vid9,1092
suspicious/suspicious_03282.jpg,suspicious,old_susp_vid9,1093
suspicious/suspicious_03283.jpg,suspicious,old_susp_vid9,1094
suspicious/suspicious_03284.jpg,suspicious,old_susp_vid9,1095
suspicious/suspicious_03285.jpg,suspicious,old_susp_vid9,1096
suspicious/suspicious_03286.jpg,suspicious,old_susp_vid9,1097
suspicious/suspicious_03287.jpg,suspicious,old_susp_vid9,1098
suspicious/suspicious_03288.jpg,suspicious,old_susp_vid9,1099
suspicious/suspicious_03289.jpg,suspicious,old_susp_vid9,1100
suspicious/suspicious_03290.jpg,suspicious,old_susp_vid9,1101
suspicious/suspicious_03291.jpg,suspicious,old_susp_vid9,1102
suspicious/suspicious_03292.jpg,suspicious,old_susp_vid9,1103
suspicious/suspicious_03293.jpg,suspicious,old_susp_vid9,1104
suspicious/suspicious_03294.jpg,suspicious,old_susp_vid9,1105
suspicious/suspicious_03295.jpg,suspicious,old_susp_vid9,1106
suspicious/suspicious_03296.jpg,suspicious,old_susp_vid9,1107
suspicious/suspicious_03297.jpg,suspicious,old_susp_vid9,1108
suspicious/suspicious_03298.jpg,suspicious,old_susp_vid9,1109
suspicious/suspicious_03299.jpg,suspicious,old_susp_vid9,1110
suspicious/suspicious_03300.jpg,suspicious,old_susp_vid9,1111
suspicious/suspicious_03301.jpg,suspicious,old_susp_vid9,1112
suspicious/suspicious_03302.jpg,suspicious,old_susp_vid9,1113
suspicious/suspicious_03303.jpg,suspicious,old_susp_vid9,1114
suspicious/suspicious_03304.jpg,suspicious,old_susp_vid9,1115
suspicious/suspicious_03305.jpg,suspicious,old_susp_vid9,1116
suspicious/suspicious_03306.jpg,suspicious,old_susp_vid9,1117
suspicious/suspicious_03307.jpg,suspicious,old_susp_vid9,1118
suspicious/suspicious_03308.jpg,suspicious,old_susp_vid9,1119
suspicious/suspicious_03309.jpg,suspicious,old_susp_vid9,1120
suspicious/suspicious_03310.jpg,suspicious,old_susp_vid9,1121
suspicious/suspicious_03311.jpg,suspicious,old_susp_vid9,1122
suspicious/suspicious_03312.jpg,suspicious,old_susp_vid9,1123
suspicious/suspicious_03313.jpg,suspicious,old_susp_vid9,1124
suspicious/suspicious_03314.jpg,suspicious,old_susp_vid9,1125
suspicious/suspicious_03315.jpg,suspicious,old_susp_vid9,1126
suspicious/suspicious_03316.jpg,suspicious,old_susp_vid9,1127
suspicious/suspicious_03317.jpg,suspicious,old_susp_vid9,1128
suspicious/suspicious_03318.jpg,suspicious,old_susp_vid9,1129
suspicious/suspicious_03319.jpg,suspicious,old_susp_vid9,1130
suspicious/suspicious_03320.jpg,suspicious,old_susp_vid9,1131
suspicious/suspicious_03321.jpg,suspicious,old_susp_vid9,1132
suspicious/suspicious_03322.jpg,suspicious,old_susp_vid9,1133
suspicious/suspicious_03323.jpg,suspicious,old_susp_vid9,1134
suspicious/suspicious_03324.jpg,suspicious,old_susp_vid9,1135
suspicious/suspicious_03325.jpg,suspicious,old_susp_vid9,1136
suspicious/suspicious_03326.jpg,suspicious,old_susp_vid9,1137
suspicious/suspicious_03327.jpg,suspicious,old_susp_vid9,1138
suspicious/suspicious_03328.jpg,suspicious,old_susp_vid9,1139
suspicious/suspicious_03329.jpg,suspicious,old_susp_vid9,1140
suspicious/suspicious_03330.jpg,suspicious,old_susp_vid9,1141
suspicious/suspicious_03331.jpg,suspicious,old_susp_vid9,1142
suspicious/suspicious_03332.jpg,suspicious,old_susp_vid9,1143
suspicious/suspicious_03333.jpg,suspicious,old_susp_vid9,1144
suspicious/suspicious_03334.jpg,suspicious,old_susp_vid9,1145
suspicious/suspicious_03335.jpg,suspicious,old_susp_vid9,1146
suspicious/suspicious_03336.jpg,suspicious,old_susp_vid9,1147
suspicious/suspicious_03337.jpg,suspicious,old_susp_vid9,1148
suspicious/suspicious_03338.jpg,suspicious,old_susp_vid9,1149
suspicious/suspicious_03339.jpg,suspicious,old_susp_vid9,1150
suspicious/suspicious_03340.jpg,suspicious,old_susp_vid9,1151
suspicious/suspicious_03341.jpg,suspicious,old_susp_vid9,1152
suspicious/suspicious_03342.jpg,suspicious,old_susp_vid9,1153
suspicious/suspicious_03343.jpg,suspicious,old_susp_vid9,1154
suspicious/suspicious_03344.jpg,suspicious,old_susp_vid9,1155
suspicious/suspicious_03345.jpg,suspicious,old_susp_vid9,1156
suspicious/suspicious_03346.jpg,suspicious,old_susp_vid9,1157
suspicious/suspicious_03347.jpg,suspicious,old_susp_vid9,1158
suspicious/suspicious_03348.jpg,suspicious,old_susp_vid9,1159
suspicious/suspicious_03349.jpg,suspicious,old_susp_vid9,1160
suspicious/suspicious_03350.jpg,suspicious,old_susp_vid9,1161
suspicious/suspicious_03351.jpg,suspicious,old_susp_vid9,1162
suspicious/suspicious_03352.jpg,suspicious,old_susp_vid9,1163
suspicious/suspicious_03353.jpg,suspicious,old_susp_vid9,1164
suspicious/suspicious_03354.jpg,suspicious,old_susp_vid9,1165
suspicious/suspicious_03355.jpg,suspicious,old_susp_vid9,1166
suspicious/suspicious_03356.jpg,suspicious,old_susp_vid9,1167
suspicious/suspicious_03357.jpg,suspicious,old_susp_vid9,1168
suspicious/suspicious_03358.jpg,suspicious,old_susp_vid9,1169
suspicious/suspicious_03359.jpg,suspicious,old_susp_vid9,1170
suspicious/suspicious_03360.jpg,suspicious,old_susp_vid9,1171
suspicious/suspicious_03361.jpg,suspicious,old_susp_vid9,1172
suspicious/suspicious_03362.jpg,suspicious,old_susp_vid9,1173
suspicious/suspicious_03363.jpg,suspicious,old_susp_vid9,1174
suspicious/suspicious_03364.jpg,suspicious,old_susp_vid9,1175
suspicious/suspicious_03365.jpg,suspicious,old_susp_vid9,1176
suspicious/suspicious_03366.jpg,suspicious,old_susp_vid9,1177
suspicious/suspicious_03367.jpg,suspicious,old_susp_vid9,1178
suspicious/suspicious_03368.jpg,suspicious,old_susp_vid9,1179
suspicious/suspicious_03369.jpg,suspicious,old_susp_vid9,1180
suspicious/suspicious_03370.jpg,suspicious,old_susp_vid9,1181
suspicious/suspicious_03371.jpg,suspicious,old_susp_vid9,1182
suspicious/suspicious_03372.jpg,suspicious,old_susp_vid9,1183
suspicious/suspicious_03373.jpg,suspicious,old_susp_vid9,1184
suspicious/suspicious_03374.jpg,suspicious,old_susp_vid9,1185
suspicious/suspicious_03375.jpg,suspicious,old_susp_vid9,1186
suspicious/suspicious_03376.jpg,suspicious,old_susp_vid9,1187
suspicious/suspicious_03377.jpg,suspicious,old_susp_vid9,1188
suspicious/suspicious_03378.jpg,suspicious,old_susp_vid9,1189
suspicious/suspicious_03379.jpg,suspicious,old_susp_vid9,1190
suspicious/suspicious_03380.jpg,suspicious,old_susp_vid9,1191
suspicious/suspicious_03381.jpg,suspicious,old_susp_vid9,1192
suspicious/suspicious_03382.jpg,suspicious,old_susp_vid9,1193
suspicious/suspicious_03383.jpg,suspicious,old_susp_vid9,1194
suspicious/suspicious_03384.jpg,suspicious,old_susp_vid9,1195
suspicious/suspicious_03385.jpg,suspicious,old_susp_vid9,1196
suspicious/suspicious_03386.jpg,suspicious,old_susp_vid9,1197
suspicious/suspicious_03387.jpg,suspicious,old_susp_vid9,1198
suspicious/suspicious_03388.jpg,suspicious,old_susp_vid9,1199
suspicious/suspicious_03389.jpg,suspicious,old_susp_vid9,1200
suspicious/suspicious_03390.jpg,suspicious,old_susp_vid9,1201
suspicious/suspicious_03391.jpg,suspicious,old_susp_vid9,1202
suspicious/suspicious_03392.jpg,suspicious,old_susp_vid9,1203
suspicious/suspicious_03393.jpg,suspicious,old_susp_vid9,1204
suspicious/suspicious_03394.jpg,suspicious,old_susp_vid9,1205
suspicious/suspicious_03395.jpg,suspicious,old_susp_vid9,1206
suspicious/suspicious_03396.jpg,suspicious,old_susp_vid9,1207
suspicious/suspicious_03397.jpg,suspicious,old_susp_vid9,1208
suspicious/suspicious_03398.jpg,suspicious,old_susp_vid9,1209
suspicious/suspicious_03399.jpg,suspicious,old_susp_vid9,1210
suspicious/suspicious_03400.jpg,suspicious,old_susp_vid9,1211
suspicious/suspicious_03401.jpg,suspicious,old_susp_vid9,1212
suspicious/suspicious_03402.jpg,suspicious,old_susp_vid9,1213
suspicious/suspicious_03403.jpg,suspicious,old_susp_vid9,1214
suspicious/suspicious_03404.jpg,suspicious,old_susp_vid9,1215
suspicious/suspicious_03405.jpg,suspicious,old_susp_vid9,1216
suspicious/suspicious_03406.jpg,suspicious,old_susp_vid9,1217
suspicious/suspicious_03407.jpg,suspicious,old_susp_vid9,1218
suspicious/suspicious_03408.jpg,suspicious,old_susp_vid9,1219
suspicious/suspicious_03409.jpg,suspicious,old_susp_vid9,1220
suspicious/suspicious_03410.jpg,suspicious,old_susp_vid9,1221
suspicious/suspicious_03411.jpg,suspicious,old_susp_vid9,1222
suspicious/suspicious_03412.jpg,suspicious,old_susp_vid9,1223
suspicious/suspicious_03413.jpg,suspicious,old_susp_vid9,1224
suspicious/suspicious_03414.jpg,suspicious,old_susp_vid9,1225
suspicious/suspicious_03415.jpg,suspicious,old_susp_vid9,1226
suspicious/suspicious_03416.jpg,suspicious,old_susp_vid9,1227
suspicious/suspicious_03417.jpg,suspicious,old_susp_vid9,1228
suspicious/suspicious_03418.jpg,suspicious,old_susp_vid9,1229
suspicious/suspicious_03419.jpg,suspicious,old_susp_vid9,1230
suspicious/suspicious_03420.jpg,suspicious,old_susp_vid9,1231
suspicious/suspicious_03421.jpg,suspicious,old_susp_vid9,1232
suspicious/suspicious_03422.jpg,suspicious,old_susp_vid9,1233
suspicious/suspicious_03423.jpg,suspicious,old_susp_vid9,1234
suspicious/suspicious_03424.jpg,suspicious,old_susp_vid9,1235
suspicious/suspicious_03425.jpg,suspicious,old_susp_vid9,1236
suspicious/suspicious_03426.jpg,suspicious,old_susp_vid9,1237
suspicious/suspicious_03427.jpg,suspicious,old_susp_vid9,1238
suspicious/suspicious_03428.jpg,suspicious,old_susp_vid9,1239
suspicious/suspicious_03429.jpg,suspicious,old_susp_vid9,1240
suspicious/suspicious_03430.jpg,suspicious,old_susp_vid9,1241
suspicious/suspicious_03431.jpg,suspicious,old_susp_vid9,1242
suspicious/suspicious_03432.jpg,suspicious,old_susp_vid9,1243
suspicious/suspicious_03433.jpg,suspicious,old_susp_vid9,1244
suspicious/suspicious_03434.jpg,suspicious,old_susp_vid9,1245
suspicious/suspicious_03435.jpg,suspicious,old_susp_vid9,1246
suspicious/suspicious_03436.jpg,suspicious,old_susp_vid9,1247
suspicious/suspicious_03437.jpg,suspicious,old_susp_vid9,1248
suspicious/suspicious_03438.jpg,suspicious,old_susp_vid9,1249
suspicious/suspicious_03439.jpg,suspicious,old_susp_vid9,1250
suspicious/suspicious_03440.jpg,suspicious,old_susp_vid9,1251
suspicious/suspicious_03441.jpg,suspicious,old_susp_vid9,1252
suspicious/suspicious_03442.jpg,suspicious,old_susp_vid9,1253
suspicious/suspicious_03443.jpg,suspicious,old_susp_vid9,1254
suspicious/suspicious_03444.jpg,suspicious,old_susp_vid9,1255
suspicious/suspicious_03445.jpg,suspicious,old_susp_vid9,1256
suspicious/suspicious_03446.jpg,suspicious,old_susp_vid9,1257
suspicious/suspicious_03447.jpg,suspicious,old_susp_vid9,1258
suspicious/suspicious_03448.jpg,suspicious,old_susp_vid9,1259
suspicious/suspicious_03449.jpg,suspicious,old_susp_vid9,1260
suspicious/suspicious_03450.jpg,suspicious,old_susp_vid9,1261
suspicious/suspicious_03451.jpg,suspicious,old_susp_vid9,1262
suspicious/suspicious_03452.jpg,suspicious,old_susp_vid9,1263
suspicious/suspicious_03453.jpg,suspicious,old_susp_vid9,1264
suspicious/suspicious_03454.jpg,suspicious,old_susp_vid9,1265
suspicious/suspicious_03455.jpg,suspicious,old_susp_vid9,1266
suspicious/suspicious_03456.jpg,suspicious,old_susp_vid9,1267
suspicious/suspicious_03457.jpg,suspicious,old_susp_vid9,1268
suspicious/suspicious_03458.jpg,suspicious,old_susp_vid9,1269
suspicious/suspicious_03459.jpg,suspicious,old_susp_vid9,1270
suspicious/suspicious_03460.jpg,suspicious,old_susp_vid9,1271
suspicious/suspicious_03461.jpg,suspicious,old_susp_vid9,1272
suspicious/suspicious_03462.jpg,suspicious,old_susp_vid9,1273
suspicious/suspicious_03463.jpg,suspicious,old_susp_vid9,1274
suspicious/suspicious_03464.jpg,suspicious,old_susp_vid9,1275
suspicious/suspicious_03465.jpg,suspicious,old_susp_vid9,1276
suspicious/suspicious_03466.jpg,suspicious,old_susp_vid9,1277
suspicious/suspicious_03467.jpg,suspicious,old_susp_vid9,1278
suspicious/suspicious_03468.jpg,suspicious,old_susp_vid9,1279
suspicious/suspicious_03469.jpg,suspicious,old_susp_vid9,1280
suspicious/suspicious_03470.jpg,suspicious,old_susp_vid9,1281
suspicious/suspicious_03471.jpg,suspicious,old_susp_vid9,1282
suspicious/suspicious_03472.jpg,suspicious,old_susp_vid9,1283
suspicious/suspicious_03473.jpg,suspicious,old_susp_vid9,1284
suspicious/suspicious_03474.jpg,suspicious,old_susp_vid9,1285
suspicious/suspicious_03475.jpg,suspicious,old_susp_vid9,1286
suspicious/suspicious_03476.jpg,suspicious,old_susp_vid9,1287
suspicious/suspicious_03477.jpg,suspicious,old_susp_vid9,1288
suspicious/suspicious_03478.jpg,suspicious,old_susp_vid9,1289
suspicious/suspicious_03479.jpg,suspicious,old_susp_vid9,1290
suspicious/suspicious_03480.jpg,suspicious,old_susp_vid9,1291
suspicious/suspicious_03481.jpg,suspicious,old_susp_vid9,1292
suspicious/suspicious_03482.jpg,suspicious,old_susp_vid9,1293
suspicious/suspicious_03483.jpg,suspicious,old_susp_vid9,1294
suspicious/suspicious_03484.jpg,suspicious,old_susp_vid9,1295
suspicious/suspicious_03485.jpg,suspicious,old_susp_vid9,1296
suspicious/suspicious_03486.jpg,suspicious,old_susp_vid9,1297
suspicious/suspicious_03487.jpg,suspicious,old_susp_vid9,1298
suspicious/suspicious_03488.jpg,suspicious,old_susp_vid9,1299
suspicious/suspicious_03489.jpg,suspicious,old_susp_vid9,1300
suspicious/suspicious_03490.jpg,suspicious,old_susp_vid9,1301
suspicious/suspicious_03491.jpg,suspicious,old_susp_vid9,1302
suspicious/suspicious_03492.jpg,suspicious,old_susp_vid9,1303
suspicious/suspicious_03493.jpg,suspicious,old_susp_vid9,1304
suspicious/suspicious_03494.jpg,suspicious,old_susp_vid9,1305
suspicious/suspicious_03495.jpg,suspicious,old_susp_vid9,1306
suspicious/suspicious_03496.jpg,suspicious,old_susp_vid9,1307
suspicious/suspicious_03497.jpg,suspicious,old_susp_vid9,1308
suspicious/suspicious_03498.jpg,suspicious,old_susp_vid9,1309
suspicious/suspicious_03499.jpg,suspicious,old_susp_vid9,1310
suspicious/suspicious_03500.jpg,suspicious,old_susp_vid9,1311
suspicious/suspicious_03501.jpg,suspicious,old_susp_vid9,1312
suspicious/suspicious_03502.jpg,suspicious,old_susp_vid9,1313
suspicious/suspicious_03503.jpg,suspicious,old_susp_vid9,1314
suspicious/suspicious_03504.jpg,suspicious,old_susp_vid9,1315
suspicious/suspicious_03505.jpg,suspicious,old_susp_vid9,1316
suspicious/suspicious_03506.jpg,suspicious,old_susp_vid9,1317
suspicious/suspicious_03507.jpg,suspicious,old_susp_vid9,1318
suspicious/suspicious_03508.jpg,suspicious,old_susp_vid9,1319
suspicious/suspicious_03509.jpg,suspicious,old_susp_vid9,1320
suspicious/suspicious_03510.jpg,suspicious,old_susp_vid9,1321
suspicious/suspicious_03511.jpg,suspicious,old_susp_vid9,1322
suspicious/suspicious_03512.jpg,suspicious,old_susp_vid9,1323
suspicious/suspicious_03513.jpg,suspicious,old_susp_vid9,1324
suspicious/suspicious_03514.jpg,suspicious,old_susp_vid9,1325
suspicious/suspicious_03515.jpg,suspicious,old_susp_vid9,1326
suspicious/suspicious_03516.jpg,suspicious,old_susp_vid9,1327
suspicious/suspicious_03517.jpg,suspicious,old_susp_vid9,1328
suspicious/suspicious_03518.jpg,suspicious,old_susp_vid9,1329
suspicious/suspicious_03519.jpg,suspicious,old_susp_vid9,1330
suspicious/suspicious_03520.jpg,suspicious,old_susp_vid9,1331
suspicious/suspicious_03521.jpg,suspicious,old_susp_vid9,1332
suspicious/suspicious_03522.jpg,suspicious,old_susp_vid9,1333
suspicious/suspicious_03523.jpg,suspicious,old_susp_vid9,1334
suspicious/suspicious_03524.jpg,suspicious,old_susp_vid9,1335
suspicious/suspicious_03525.jpg,suspicious,old_susp_vid9,1336
suspicious/suspicious_03526.jpg,suspicious,old_susp_vid9,1337
suspicious/suspicious_03527.jpg,suspicious,old_susp_vid9,1338
suspicious/suspicious_03528.jpg,suspicious,old_susp_vid9,1339
suspicious/suspicious_03529.jpg,suspicious,old_susp_vid9,1340
suspicious/suspicious_03530.jpg,suspicious,old_susp_vid9,1341
suspicious/suspicious_03531.jpg,suspicious,old_susp_vid9,1342
suspicious/suspicious_03532.jpg,suspicious,old_susp_vid9,1343
suspicious/suspicious_03533.jpg,suspicious,old_susp_vid9,1344
suspicious/suspicious_03534.jpg,suspicious,old_susp_vid9,1345
suspicious/suspicious_03535.jpg,suspicious,old_susp_vid9,1346
suspicious/suspicious_03536.jpg,suspicious,old_susp_vid9,1347
suspicious/suspicious_03537.jpg,suspicious,old_susp_vid9,1348
suspicious/suspicious_03538.jpg,suspicious,old_susp_vid9,1349
suspicious/suspicious_03539.jpg,suspicious,old_susp_vid9,1350
suspicious/suspicious_03540.jpg,suspicious,old_susp_vid9,1351
suspicious/suspicious_03541.jpg,suspicious,old_susp_vid9,1352
suspicious/suspicious_03542.jpg,suspicious,old_susp_vid9,1353
suspicious/suspicious_03543.jpg,suspicious,old_susp_vid9,1354
suspicious/suspicious_03544.jpg,suspicious,old_susp_vid9,1355
suspicious/suspicious_03545.jpg,suspicious,old_susp_vid9,1356
suspicious/suspicious_03546.jpg,suspicious,old_susp_vid9,1357
suspicious/suspicious_03547.jpg,suspicious,old_susp_vid9,1358
suspicious/suspicious_03548.jpg,suspicious,old_susp_vid9,1359
suspicious/suspicious_03549.jpg,suspicious,old_susp_vid9,1360
suspicious/suspicious_03550.jpg,suspicious,old_susp_vid9,1361
suspicious/suspicious_03551.jpg,suspicious,old_susp_vid9,1362
suspicious/suspicious_03552.jpg,suspicious,old_susp_vid9,1363
suspicious/suspicious_03553.jpg,suspicious,old_susp_vid9,1364
suspicious/suspicious_03554.jpg,suspicious,old_susp_vid9,1365
suspicious/suspicious_03555.jpg,suspicious,old_susp_vid9,1366
suspicious/suspicious_03556.jpg,suspicious,old_susp_vid9,1367
suspicious/suspicious_03557.jpg,suspicious,old_susp_vid9,1368
suspicious/suspicious_03558.jpg,suspicious,old_susp_vid9,1369
suspicious/suspicious_03559.jpg,suspicious,old_susp_vid9,1370
suspicious/suspicious_03560.jpg,suspicious,old_susp_vid9,1371
suspicious/suspicious_03561.jpg,suspicious,old_susp_vid9,1372
suspicious/suspicious_03562.jpg,suspicious,old_susp_vid9,1373
suspicious/suspicious_03563.jpg,suspicious,old_susp_vid9,1374
suspicious/suspicious_03564.jpg,suspicious,old_susp_vid9,1375
suspicious/suspicious_03565.jpg,suspicious,old_susp_vid9,1376
suspicious/suspicious_03566.jpg,suspicious,old_susp_vid9,1377
suspicious/suspicious_03567.jpg,suspicious,old_susp_vid9,1378
suspicious/suspicious_03568.jpg,suspicious,old_susp_vid9,1379
suspicious/suspicious_03569.jpg,suspicious,old_susp_vid9,1380
suspicious/suspicious_03570.jpg,suspicious,old_susp_vid9,1381
suspicious/suspicious_03571.jpg,suspicious,old_susp_vid9,1382
suspicious/suspicious_03572.jpg,suspicious,old_susp_vid9,1383
suspicious/suspicious_03573.jpg,suspicious,old_susp_vid9,1384
suspicious/suspicious_03574.jpg,suspicious,old_susp_vid9,1385
suspicious/suspicious_03575.jpg,suspicious,old_susp_vid9,1386
suspicious/suspicious_03576.jpg,suspicious,old_susp_vid9,1387
suspicious/suspicious_03577.jpg,suspicious,old_susp_vid9,1388
suspicious/suspicious_03578.jpg,suspicious,old_susp_vid9,1389
suspicious/suspicious_03579.jpg,suspicious,old_susp_vid9,1390
suspicious/suspicious_03580.jpg,suspicious,old_susp_vid9,1391
suspicious/suspicious_03581.jpg,suspicious,old_susp_vid9,1392
suspicious/suspicious_03582.jpg,suspicious,old_susp_vid9,1393
suspicious/suspicious_03583.jpg,suspicious,old_susp_vid9,1394
suspicious/suspicious_03584.jpg,suspicious,old_susp_vid9,1395
suspicious/suspicious_03585.jpg,suspicious,old_susp_vid9,1396
suspicious/suspicious_03586.jpg,suspicious,old_susp_vid9,1397
suspicious/suspicious_03587.jpg,suspicious,old_susp_vid9,1398
suspicious/suspicious_03588.jpg,suspicious,old_susp_vid9,1399
suspicious/suspicious_03589.jpg,suspicious,old_susp_vid9,1400
suspicious/suspicious_03590.jpg,suspicious,old_susp_vid9,1401
suspicious/suspicious_03591.jpg,suspicious,old_susp_vid9,1402
suspicious/suspicious_03592.jpg,suspicious,old_susp_vid9,1403
suspicious/suspicious_03593.jpg,suspicious,old_susp_vid9,1404
suspicious/suspicious_03594.jpg,suspicious,old_susp_vid9,1405
suspicious/suspicious_03595.jpg,suspicious,old_susp_vid9,1406
suspicious/suspicious_03596.jpg,suspicious,old_susp_vid9,1407
suspicious/suspicious_03597.jpg,suspicious,old_susp_vid9,1408
suspicious/suspicious_03598.jpg,suspicious,old_susp_vid9,1409
suspicious/suspicious_03599.jpg,suspicious,old_susp_vid9,1410
suspicious/suspicious_03600.jpg,suspicious,old_susp_vid9,1411
suspicious/suspicious_03601.jpg,suspicious,old_susp_vid9,1412
suspicious/suspicious_03602.jpg,suspicious,old_susp_vid9,1413
suspicious/suspicious_03603.jpg,suspicious,old_susp_vid9,1414
suspicious/suspicious_03604.jpg,suspicious,old_susp_vid9,1415
suspicious/suspicious_03605.jpg,suspicious,old_susp_vid9,1416
suspicious/suspicious_03606.jpg,suspicious,old_susp_vid9,1417
suspicious/suspicious_03607.jpg,suspicious,old_susp_vid9,1418
suspicious/suspicious_03608.jpg,suspicious,old_susp_vid9,1419
suspicious/suspicious_03609.jpg,suspicious,old_susp_vid9,1420
suspicious/suspicious_03610.jpg,suspicious,old_susp_vid9,1421
suspicious/suspicious_03611.jpg,suspicious,old_susp_vid9,1422
suspicious/suspicious_03612.jpg,suspicious,old_susp_vid9,1423
