original_filepath,new_filepath,recording_id,frame_index
normal/additional_vid1_0001.jpg,normal/normal_00001.jpg,additional_vid1,1
normal/additional_vid1_0002.jpg,normal/normal_00002.jpg,additional_vid1,2
normal/additional_vid1_0003.jpg,normal/normal_00003.jpg,additional_vid1,3
normal/additional_vid1_0004.jpg,normal/normal_00004.jpg,additional_vid1,4
normal/additional_vid1_0005.jpg,normal/normal_00005.jpg,additional_vid1,5
normal/additional_vid1_0006.jpg,normal/normal_00006.jpg,additional_vid1,6
normal/additional_vid1_0007.jpg,normal/normal_00007.jpg,additional_vid1,7
normal/additional_vid1_0008.jpg,normal/normal_00008.jpg,additional_vid1,8
normal/additional_vid1_0009.jpg,normal/normal_00009.jpg,additional_vid1,9
normal/additional_vid1_0010.jpg,normal/normal_00010.jpg,additional_vid1,10
normal/additional_vid1_0011.jpg,normal/normal_00011.jpg,additional_vid1,11
normal/additional_vid1_0012.jpg,normal/normal_00012.jpg,additional_vid1,12
normal/additional_vid1_0013.jpg,normal/normal_00013.jpg,additional_vid1,13
normal/additional_vid1_0014.jpg,normal/normal_00014.jpg,additional_vid1,14
normal/additional_vid1_0015.jpg,normal/normal_00015.jpg,additional_vid1,15
normal/additional_vid1_0016.jpg,normal/normal_00016.jpg,additional_vid1,16
normal/additional_vid1_0017.jpg,normal/normal_00017.jpg,additional_vid1,17
normal/additional_vid1_0018.jpg,normal/normal_00018.jpg,additional_vid1,18
normal/additional_vid1_0019.jpg,normal/normal_00019.jpg,additional_vid1,19
normal/additional_vid1_0020.jpg,normal/normal_00020.jpg,additional_vid1,20
normal/additional_vid1_0021.jpg,normal/normal_00021.jpg,additional_vid1,21
normal/additional_vid1_0022.jpg,normal/normal_00022.jpg,additional_vid1,22
normal/additional_vid1_0023.jpg,normal/normal_00023.jpg,additional_vid1,23
normal/additional_vid1_0024.jpg,normal/normal_00024.jpg,additional_vid1,24
normal/additional_vid1_0025.jpg,normal/normal_00025.jpg,additional_vid1,25
normal/additional_vid1_0026.jpg,normal/normal_00026.jpg,additional_vid1,26
normal/additional_vid1_0027.jpg,normal/normal_00027.jpg,additional_vid1,27
normal/additional_vid1_0028.jpg,normal/normal_00028.jpg,additional_vid1,28
normal/additional_vid1_0029.jpg,normal/normal_00029.jpg,additional_vid1,29
normal/additional_vid1_0030.jpg,normal/normal_00030.jpg,additional_vid1,30
normal/additional_vid1_0031.jpg,normal/normal_00031.jpg,additional_vid1,31
normal/additional_vid1_0032.jpg,normal/normal_00032.jpg,additional_vid1,32
normal/additional_vid1_0033.jpg,normal/normal_00033.jpg,additional_vid1,33
normal/additional_vid1_0034.jpg,normal/normal_00034.jpg,additional_vid1,34
normal/additional_vid1_0035.jpg,normal/normal_00035.jpg,additional_vid1,35
normal/additional_vid1_0036.jpg,normal/normal_00036.jpg,additional_vid1,36
normal/additional_vid1_0037.jpg,normal/normal_00037.jpg,additional_vid1,37
normal/additional_vid1_0038.jpg,normal/normal_00038.jpg,additional_vid1,38
normal/additional_vid1_0039.jpg,normal/normal_00039.jpg,additional_vid1,39
normal/additional_vid1_0040.jpg,normal/normal_00040.jpg,additional_vid1,40
normal/additional_vid1_0041.jpg,normal/normal_00041.jpg,additional_vid1,41
normal/additional_vid1_0042.jpg,normal/normal_00042.jpg,additional_vid1,42
normal/additional_vid1_0043.jpg,normal/normal_00043.jpg,additional_vid1,43
normal/additional_vid1_0044.jpg,normal/normal_00044.jpg,additional_vid1,44
normal/additional_vid1_0045.jpg,normal/normal_00045.jpg,additional_vid1,45
normal/additional_vid1_0046.jpg,normal/normal_00046.jpg,additional_vid1,46
normal/additional_vid1_0047.jpg,normal/normal_00047.jpg,additional_vid1,47
normal/additional_vid1_0048.jpg,normal/normal_00048.jpg,additional_vid1,48
normal/additional_vid1_0049.jpg,normal/normal_00049.jpg,additional_vid1,49
normal/additional_vid1_0050.jpg,normal/normal_00050.jpg,additional_vid1,50
normal/additional_vid1_0051.jpg,normal/normal_00051.jpg,additional_vid1,51
normal/additional_vid1_0052.jpg,normal/normal_00052.jpg,additional_vid1,52
normal/additional_vid1_0053.jpg,normal/normal_00053.jpg,additional_vid1,53
normal/additional_vid1_0054.jpg,normal/normal_00054.jpg,additional_vid1,54
normal/additional_vid1_0055.jpg,normal/normal_00055.jpg,additional_vid1,55
normal/additional_vid1_0056.jpg,normal/normal_00056.jpg,additional_vid1,56
normal/additional_vid1_0057.jpg,normal/normal_00057.jpg,additional_vid1,57
normal/additional_vid1_0058.jpg,normal/normal_00058.jpg,additional_vid1,58
normal/additional_vid1_0059.jpg,normal/normal_00059.jpg,additional_vid1,59
normal/additional_vid1_0060.jpg,normal/normal_00060.jpg,additional_vid1,60
normal/additional_vid1_0061.jpg,normal/normal_00061.jpg,additional_vid1,61
normal/additional_vid1_0062.jpg,normal/normal_00062.jpg,additional_vid1,62
normal/additional_vid1_0063.jpg,normal/normal_00063.jpg,additional_vid1,63
normal/additional_vid1_0064.jpg,normal/normal_00064.jpg,additional_vid1,64
normal/additional_vid1_0065.jpg,normal/normal_00065.jpg,additional_vid1,65
normal/additional_vid1_0066.jpg,normal/normal_00066.jpg,additional_vid1,66
normal/additional_vid1_0067.jpg,normal/normal_00067.jpg,additional_vid1,67
normal/additional_vid1_0068.jpg,normal/normal_00068.jpg,additional_vid1,68
normal/additional_vid1_0069.jpg,normal/normal_00069.jpg,additional_vid1,69
normal/additional_vid1_0070.jpg,normal/normal_00070.jpg,additional_vid1,70
normal/additional_vid1_0071.jpg,normal/normal_00071.jpg,additional_vid1,71
normal/additional_vid1_0072.jpg,normal/normal_00072.jpg,additional_vid1,72
normal/additional_vid1_0073.jpg,normal/normal_00073.jpg,additional_vid1,73
normal/additional_vid1_0074.jpg,normal/normal_00074.jpg,additional_vid1,74
normal/additional_vid1_0075.jpg,normal/normal_00075.jpg,additional_vid1,75
normal/additional_vid1_0076.jpg,normal/normal_00076.jpg,additional_vid1,76
normal/additional_vid1_0077.jpg,normal/normal_00077.jpg,additional_vid1,77
normal/additional_vid1_0078.jpg,normal/normal_00078.jpg,additional_vid1,78
normal/additional_vid1_0079.jpg,normal/normal_00079.jpg,additional_vid1,79
normal/additional_vid1_0080.jpg,normal/normal_00080.jpg,additional_vid1,80
normal/additional_vid1_0081.jpg,normal/normal_00081.jpg,additional_vid1,81
normal/additional_vid1_0082.jpg,normal/normal_00082.jpg,additional_vid1,82
normal/additional_vid1_0083.jpg,normal/normal_00083.jpg,additional_vid1,83
normal/additional_vid1_0084.jpg,normal/normal_00084.jpg,additional_vid1,84
normal/additional_vid1_0085.jpg,normal/normal_00085.jpg,additional_vid1,85
normal/additional_vid1_0086.jpg,normal/normal_00086.jpg,additional_vid1,86
normal/additional_vid1_0087.jpg,normal/normal_00087.jpg,additional_vid1,87
normal/additional_vid1_0088.jpg,normal/normal_00088.jpg,additional_vid1,88
normal/additional_vid1_0089.jpg,normal/normal_00089.jpg,additional_vid1,89
normal/additional_vid1_0090.jpg,normal/normal_00090.jpg,additional_vid1,90
normal/additional_vid1_0091.jpg,normal/normal_00091.jpg,additional_vid1,91
normal/additional_vid1_0092.jpg,normal/normal_00092.jpg,additional_vid1,92
normal/additional_vid1_0093.jpg,normal/normal_00093.jpg,additional_vid1,93
normal/additional_vid1_0094.jpg,normal/normal_00094.jpg,additional_vid1,94
normal/additional_vid1_0095.jpg,normal/normal_00095.jpg,additional_vid1,95
normal/additional_vid1_0096.jpg,normal/normal_00096.jpg,additional_vid1,96
normal/additional_vid1_0097.jpg,normal/normal_00097.jpg,additional_vid1,97
normal/additional_vid1_0098.jpg,normal/normal_00098.jpg,additional_vid1,98
normal/additional_vid1_0099.jpg,normal/normal_00099.jpg,additional_vid1,99
normal/additional_vid1_0100.jpg,normal/normal_00100.jpg,additional_vid1,100
normal/additional_vid1_0101.jpg,normal/normal_00101.jpg,additional_vid1,101
normal/additional_vid1_0102.jpg,normal/normal_00102.jpg,additional_vid1,102
normal/additional_vid1_0103.jpg,normal/normal_00103.jpg,additional_vid1,103
normal/additional_vid1_0104.jpg,normal/normal_00104.jpg,additional_vid1,104
normal/additional_vid1_0105.jpg,normal/normal_00105.jpg,additional_vid1,105
normal/additional_vid1_0106.jpg,normal/normal_00106.jpg,additional_vid1,106
normal/additional_vid1_0107.jpg,normal/normal_00107.jpg,additional_vid1,107
normal/additional_vid1_0108.jpg,normal/normal_00108.jpg,additional_vid1,108
normal/additional_vid1_0109.jpg,normal/normal_00109.jpg,additional_vid1,109
normal/additional_vid1_0110.jpg,normal/normal_00110.jpg,additional_vid1,110
normal/additional_vid1_0111.jpg,normal/normal_00111.jpg,additional_vid1,111
normal/additional_vid1_0112.jpg,normal/normal_00112.jpg,additional_vid1,112
normal/additional_vid1_0113.jpg,normal/normal_00113.jpg,additional_vid1,113
normal/additional_vid1_0114.jpg,normal/normal_00114.jpg,additional_vid1,114
normal/additional_vid1_0115.jpg,normal/normal_00115.jpg,additional_vid1,115
normal/additional_vid1_0116.jpg,normal/normal_00116.jpg,additional_vid1,116
normal/additional_vid1_0117.jpg,normal/normal_00117.jpg,additional_vid1,117
normal/additional_vid1_0118.jpg,normal/normal_00118.jpg,additional_vid1,118
normal/additional_vid1_0119.jpg,normal/normal_00119.jpg,additional_vid1,119
normal/additional_vid1_0120.jpg,normal/normal_00120.jpg,additional_vid1,120
normal/additional_vid1_0121.jpg,normal/normal_00121.jpg,additional_vid1,121
normal/additional_vid1_0122.jpg,normal/normal_00122.jpg,additional_vid1,122
normal/additional_vid1_0123.jpg,normal/normal_00123.jpg,additional_vid1,123
normal/additional_vid1_0124.jpg,normal/normal_00124.jpg,additional_vid1,124
normal/additional_vid1_0125.jpg,normal/normal_00125.jpg,additional_vid1,125
normal/additional_vid1_0126.jpg,normal/normal_00126.jpg,additional_vid1,126
normal/additional_vid1_0127.jpg,normal/normal_00127.jpg,additional_vid1,127
normal/additional_vid1_0128.jpg,normal/normal_00128.jpg,additional_vid1,128
normal/additional_vid1_0129.jpg,normal/normal_00129.jpg,additional_vid1,129
normal/additional_vid1_0130.jpg,normal/normal_00130.jpg,additional_vid1,130
normal/additional_vid1_0131.jpg,normal/normal_00131.jpg,additional_vid1,131
normal/additional_vid1_0132.jpg,normal/normal_00132.jpg,additional_vid1,132
normal/additional_vid1_0133.jpg,normal/normal_00133.jpg,additional_vid1,133
normal/additional_vid1_0134.jpg,normal/normal_00134.jpg,additional_vid1,134
normal/additional_vid1_0135.jpg,normal/normal_00135.jpg,additional_vid1,135
normal/additional_vid1_0136.jpg,normal/normal_00136.jpg,additional_vid1,136
normal/additional_vid1_0137.jpg,normal/normal_00137.jpg,additional_vid1,137
normal/additional_vid1_0138.jpg,normal/normal_00138.jpg,additional_vid1,138
normal/additional_vid1_0139.jpg,normal/normal_00139.jpg,additional_vid1,139
normal/additional_vid1_0140.jpg,normal/normal_00140.jpg,additional_vid1,140
normal/additional_vid1_0141.jpg,normal/normal_00141.jpg,additional_vid1,141
normal/additional_vid1_0142.jpg,normal/normal_00142.jpg,additional_vid1,142
normal/additional_vid1_0143.jpg,normal/normal_00143.jpg,additional_vid1,143
normal/additional_vid1_0144.jpg,normal/normal_00144.jpg,additional_vid1,144
normal/additional_vid1_0145.jpg,normal/normal_00145.jpg,additional_vid1,145
normal/additional_vid1_0146.jpg,normal/normal_00146.jpg,additional_vid1,146
normal/additional_vid1_0147.jpg,normal/normal_00147.jpg,additional_vid1,147
normal/additional_vid1_0148.jpg,normal/normal_00148.jpg,additional_vid1,148
normal/additional_vid1_0149.jpg,normal/normal_00149.jpg,additional_vid1,149
normal/additional_vid1_0150.jpg,normal/normal_00150.jpg,additional_vid1,150
normal/additional_vid1_0151.jpg,normal/normal_00151.jpg,additional_vid1,151
normal/additional_vid1_0152.jpg,normal/normal_00152.jpg,additional_vid1,152
normal/additional_vid1_0153.jpg,normal/normal_00153.jpg,additional_vid1,153
normal/additional_vid1_0154.jpg,normal/normal_00154.jpg,additional_vid1,154
normal/additional_vid1_0155.jpg,normal/normal_00155.jpg,additional_vid1,155
normal/additional_vid1_0156.jpg,normal/normal_00156.jpg,additional_vid1,156
normal/additional_vid1_0157.jpg,normal/normal_00157.jpg,additional_vid1,157
normal/additional_vid1_0158.jpg,normal/normal_00158.jpg,additional_vid1,158
normal/additional_vid1_0159.jpg,normal/normal_00159.jpg,additional_vid1,159
normal/additional_vid1_0160.jpg,normal/normal_00160.jpg,additional_vid1,160
normal/additional_vid1_0161.jpg,normal/normal_00161.jpg,additional_vid1,161
normal/additional_vid1_0162.jpg,normal/normal_00162.jpg,additional_vid1,162
normal/additional_vid1_0163.jpg,normal/normal_00163.jpg,additional_vid1,163
normal/additional_vid1_0164.jpg,normal/normal_00164.jpg,additional_vid1,164
normal/additional_vid1_0165.jpg,normal/normal_00165.jpg,additional_vid1,165
normal/additional_vid1_0166.jpg,normal/normal_00166.jpg,additional_vid1,166
normal/additional_vid1_0167.jpg,normal/normal_00167.jpg,additional_vid1,167
normal/additional_vid1_0168.jpg,normal/normal_00168.jpg,additional_vid1,168
normal/additional_vid1_0169.jpg,normal/normal_00169.jpg,additional_vid1,169
normal/additional_vid1_0170.jpg,normal/normal_00170.jpg,additional_vid1,170
normal/additional_vid1_0171.jpg,normal/normal_00171.jpg,additional_vid1,171
normal/additional_vid1_0172.jpg,normal/normal_00172.jpg,additional_vid1,172
normal/additional_vid1_0173.jpg,normal/normal_00173.jpg,additional_vid1,173
normal/additional_vid1_0174.jpg,normal/normal_00174.jpg,additional_vid1,174
normal/additional_vid1_0175.jpg,normal/normal_00175.jpg,additional_vid1,175
normal/additional_vid1_0176.jpg,normal/normal_00176.jpg,additional_vid1,176
normal/additional_vid1_0177.jpg,normal/normal_00177.jpg,additional_vid1,177
normal/additional_vid1_0178.jpg,normal/normal_00178.jpg,additional_vid1,178
normal/additional_vid1_0179.jpg,normal/normal_00179.jpg,additional_vid1,179
normal/additional_vid1_0180.jpg,normal/normal_00180.jpg,additional_vid1,180
normal/additional_vid1_0181.jpg,normal/normal_00181.jpg,additional_vid1,181
normal/additional_vid1_0182.jpg,normal/normal_00182.jpg,additional_vid1,182
normal/additional_vid1_0183.jpg,normal/normal_00183.jpg,additional_vid1,183
normal/additional_vid1_0184.jpg,normal/normal_00184.jpg,additional_vid1,184
normal/additional_vid1_0185.jpg,normal/normal_00185.jpg,additional_vid1,185
normal/additional_vid1_0186.jpg,normal/normal_00186.jpg,additional_vid1,186
normal/additional_vid1_0187.jpg,normal/normal_00187.jpg,additional_vid1,187
normal/additional_vid1_0188.jpg,normal/normal_00188.jpg,additional_vid1,188
normal/additional_vid1_0189.jpg,normal/normal_00189.jpg,additional_vid1,189
normal/additional_vid1_0190.jpg,normal/normal_00190.jpg,additional_vid1,190
normal/additional_vid1_0191.jpg,normal/normal_00191.jpg,additional_vid1,191
normal/additional_vid1_0192.jpg,normal/normal_00192.jpg,additional_vid1,192
normal/additional_vid1_0193.jpg,normal/normal_00193.jpg,additional_vid1,193
normal/additional_vid1_0194.jpg,normal/normal_00194.jpg,additional_vid1,194
normal/additional_vid1_0195.jpg,normal/normal_00195.jpg,additional_vid1,195
normal/additional_vid1_0196.jpg,normal/normal_00196.jpg,additional_vid1,196
normal/additional_vid1_0197.jpg,normal/normal_00197.jpg,additional_vid1,197
normal/additional_vid1_0198.jpg,normal/normal_00198.jpg,additional_vid1,198
normal/additional_vid1_0199.jpg,normal/normal_00199.jpg,additional_vid1,199
normal/additional_vid1_0200.jpg,normal/normal_00200.jpg,additional_vid1,200
normal/additional_vid1_0201.jpg,normal/normal_00201.jpg,additional_vid1,201
normal/additional_vid1_0202.jpg,normal/normal_00202.jpg,additional_vid1,202
normal/additional_vid1_0203.jpg,normal/normal_00203.jpg,additional_vid1,203
normal/additional_vid1_0204.jpg,normal/normal_00204.jpg,additional_vid1,204
normal/additional_vid1_0205.jpg,normal/normal_00205.jpg,additional_vid1,205
normal/additional_vid1_0206.jpg,normal/normal_00206.jpg,additional_vid1,206
normal/additional_vid1_0207.jpg,normal/normal_00207.jpg,additional_vid1,207
normal/additional_vid1_0208.jpg,normal/normal_00208.jpg,additional_vid1,208
normal/additional_vid1_0209.jpg,normal/normal_00209.jpg,additional_vid1,209
normal/additional_vid1_0210.jpg,normal/normal_00210.jpg,additional_vid1,210
normal/additional_vid1_0211.jpg,normal/normal_00211.jpg,additional_vid1,211
normal/additional_vid1_0212.jpg,normal/normal_00212.jpg,additional_vid1,212
normal/additional_vid1_0213.jpg,normal/normal_00213.jpg,additional_vid1,213
normal/additional_vid1_0214.jpg,normal/normal_00214.jpg,additional_vid1,214
normal/additional_vid1_0215.jpg,normal/normal_00215.jpg,additional_vid1,215
normal/additional_vid1_0216.jpg,normal/normal_00216.jpg,additional_vid1,216
normal/additional_vid1_0217.jpg,normal/normal_00217.jpg,additional_vid1,217
normal/additional_vid1_0218.jpg,normal/normal_00218.jpg,additional_vid1,218
normal/additional_vid1_0219.jpg,normal/normal_00219.jpg,additional_vid1,219
normal/additional_vid1_0220.jpg,normal/normal_00220.jpg,additional_vid1,220
normal/additional_vid1_0221.jpg,normal/normal_00221.jpg,additional_vid1,221
normal/additional_vid1_0222.jpg,normal/normal_00222.jpg,additional_vid1,222
normal/additional_vid1_0223.jpg,normal/normal_00223.jpg,additional_vid1,223
normal/additional_vid1_0224.jpg,normal/normal_00224.jpg,additional_vid1,224
normal/additional_vid1_0225.jpg,normal/normal_00225.jpg,additional_vid1,225
normal/additional_vid1_0226.jpg,normal/normal_00226.jpg,additional_vid1,226
normal/additional_vid1_0227.jpg,normal/normal_00227.jpg,additional_vid1,227
normal/additional_vid1_0228.jpg,normal/normal_00228.jpg,additional_vid1,228
normal/additional_vid1_0229.jpg,normal/normal_00229.jpg,additional_vid1,229
normal/additional_vid1_0230.jpg,normal/normal_00230.jpg,additional_vid1,230
normal/additional_vid1_0231.jpg,normal/normal_00231.jpg,additional_vid1,231
normal/additional_vid1_0232.jpg,normal/normal_00232.jpg,additional_vid1,232
normal/additional_vid1_0233.jpg,normal/normal_00233.jpg,additional_vid1,233
normal/additional_vid1_0234.jpg,normal/normal_00234.jpg,additional_vid1,234
normal/additional_vid1_0235.jpg,normal/normal_00235.jpg,additional_vid1,235
normal/additional_vid1_0236.jpg,normal/normal_00236.jpg,additional_vid1,236
normal/additional_vid1_0237.jpg,normal/normal_00237.jpg,additional_vid1,237
normal/additional_vid1_0238.jpg,normal/normal_00238.jpg,additional_vid1,238
normal/additional_vid1_0239.jpg,normal/normal_00239.jpg,additional_vid1,239
normal/additional_vid1_0240.jpg,normal/normal_00240.jpg,additional_vid1,240
normal/additional_vid1_0241.jpg,normal/normal_00241.jpg,additional_vid1,241
normal/additional_vid1_0242.jpg,normal/normal_00242.jpg,additional_vid1,242
normal/additional_vid1_0243.jpg,normal/normal_00243.jpg,additional_vid1,243
normal/additional_vid1_0244.jpg,normal/normal_00244.jpg,additional_vid1,244
normal/additional_vid1_0245.jpg,normal/normal_00245.jpg,additional_vid1,245
normal/additional_vid1_0246.jpg,normal/normal_00246.jpg,additional_vid1,246
normal/additional_vid1_0247.jpg,normal/normal_00247.jpg,additional_vid1,247
normal/additional_vid1_0248.jpg,normal/normal_00248.jpg,additional_vid1,248
normal/additional_vid1_0249.jpg,normal/normal_00249.jpg,additional_vid1,249
normal/additional_vid1_0250.jpg,normal/normal_00250.jpg,additional_vid1,250
normal/additional_vid1_0251.jpg,normal/normal_00251.jpg,additional_vid1,251
normal/additional_vid1_0252.jpg,normal/normal_00252.jpg,additional_vid1,252
normal/additional_vid1_0253.jpg,normal/normal_00253.jpg,additional_vid1,253
normal/additional_vid1_0254.jpg,normal/normal_00254.jpg,additional_vid1,254
normal/additional_vid1_0255.jpg,normal/normal_00255.jpg,additional_vid1,255
normal/additional_vid1_0256.jpg,normal/normal_00256.jpg,additional_vid1,256
normal/additional_vid1_0257.jpg,normal/normal_00257.jpg,additional_vid1,257
normal/additional_vid1_0258.jpg,normal/normal_00258.jpg,additional_vid1,258
normal/additional_vid1_0259.jpg,normal/normal_00259.jpg,additional_vid1,259
normal/additional_vid1_0260.jpg,normal/normal_00260.jpg,additional_vid1,260
normal/additional_vid1_0261.jpg,normal/normal_00261.jpg,additional_vid1,261
normal/additional_vid1_0262.jpg,normal/normal_00262.jpg,additional_vid1,262
normal/additional_vid1_0263.jpg,normal/normal_00263.jpg,additional_vid1,263
normal/additional_vid1_0264.jpg,normal/normal_00264.jpg,additional_vid1,264
normal/additional_vid1_0265.jpg,normal/normal_00265.jpg,additional_vid1,265
normal/additional_vid1_0266.jpg,normal/normal_00266.jpg,additional_vid1,266
normal/additional_vid1_0267.jpg,normal/normal_00267.jpg,additional_vid1,267
normal/additional_vid1_0268.jpg,normal/normal_00268.jpg,additional_vid1,268
normal/additional_vid1_0269.jpg,normal/normal_00269.jpg,additional_vid1,269
normal/additional_vid1_0270.jpg,normal/normal_00270.jpg,additional_vid1,270
normal/additional_vid1_0271.jpg,normal/normal_00271.jpg,additional_vid1,271
normal/additional_vid1_0272.jpg,normal/normal_00272.jpg,additional_vid1,272
normal/additional_vid1_0273.jpg,normal/normal_00273.jpg,additional_vid1,273
normal/additional_vid1_0274.jpg,normal/normal_00274.jpg,additional_vid1,274
normal/additional_vid1_0275.jpg,normal/normal_00275.jpg,additional_vid1,275
normal/additional_vid1_0276.jpg,normal/normal_00276.jpg,additional_vid1,276
normal/additional_vid1_0277.jpg,normal/normal_00277.jpg,additional_vid1,277
normal/additional_vid1_0278.jpg,normal/normal_00278.jpg,additional_vid1,278
normal/additional_vid1_0279.jpg,normal/normal_00279.jpg,additional_vid1,279
normal/additional_vid1_0280.jpg,normal/normal_00280.jpg,additional_vid1,280
normal/additional_vid1_0281.jpg,normal/normal_00281.jpg,additional_vid1,281
normal/additional_vid1_0282.jpg,normal/normal_00282.jpg,additional_vid1,282
normal/additional_vid1_0283.jpg,normal/normal_00283.jpg,additional_vid1,283
normal/additional_vid1_0284.jpg,normal/normal_00284.jpg,additional_vid1,284
normal/additional_vid1_0285.jpg,normal/normal_00285.jpg,additional_vid1,285
normal/additional_vid1_0286.jpg,normal/normal_00286.jpg,additional_vid1,286
normal/additional_vid1_0287.jpg,normal/normal_00287.jpg,additional_vid1,287
normal/additional_vid1_0288.jpg,normal/normal_00288.jpg,additional_vid1,288
normal/additional_vid1_0289.jpg,normal/normal_00289.jpg,additional_vid1,289
normal/additional_vid1_0290.jpg,normal/normal_00290.jpg,additional_vid1,290
normal/additional_vid1_0291.jpg,normal/normal_00291.jpg,additional_vid1,291
normal/additional_vid1_0292.jpg,normal/normal_00292.jpg,additional_vid1,292
normal/additional_vid1_0293.jpg,normal/normal_00293.jpg,additional_vid1,293
normal/additional_vid1_0294.jpg,normal/normal_00294.jpg,additional_vid1,294
normal/additional_vid1_0295.jpg,normal/normal_00295.jpg,additional_vid1,295
normal/additional_vid1_0296.jpg,normal/normal_00296.jpg,additional_vid1,296
normal/additional_vid1_0297.jpg,normal/normal_00297.jpg,additional_vid1,297
normal/additional_vid1_0298.jpg,normal/normal_00298.jpg,additional_vid1,298
normal/additional_vid1_0299.jpg,normal/normal_00299.jpg,additional_vid1,299
normal/additional_vid1_0300.jpg,normal/normal_00300.jpg,additional_vid1,300
normal/additional_vid1_0301.jpg,normal/normal_00301.jpg,additional_vid1,301
normal/additional_vid1_0302.jpg,normal/normal_00302.jpg,additional_vid1,302
normal/additional_vid1_0303.jpg,normal/normal_00303.jpg,additional_vid1,303
normal/additional_vid1_0304.jpg,normal/normal_00304.jpg,additional_vid1,304
normal/additional_vid1_0305.jpg,normal/normal_00305.jpg,additional_vid1,305
normal/additional_vid1_0306.jpg,normal/normal_00306.jpg,additional_vid1,306
normal/additional_vid1_0307.jpg,normal/normal_00307.jpg,additional_vid1,307
normal/additional_vid1_0308.jpg,normal/normal_00308.jpg,additional_vid1,308
normal/additional_vid1_0309.jpg,normal/normal_00309.jpg,additional_vid1,309
normal/additional_vid1_0310.jpg,normal/normal_00310.jpg,additional_vid1,310
normal/additional_vid1_0311.jpg,normal/normal_00311.jpg,additional_vid1,311
normal/additional_vid1_0312.jpg,normal/normal_00312.jpg,additional_vid1,312
normal/additional_vid1_0313.jpg,normal/normal_00313.jpg,additional_vid1,313
normal/additional_vid1_0314.jpg,normal/normal_00314.jpg,additional_vid1,314
normal/additional_vid1_0315.jpg,normal/normal_00315.jpg,additional_vid1,315
normal/additional_vid1_0316.jpg,normal/normal_00316.jpg,additional_vid1,316
normal/additional_vid10_0001.jpg,normal/normal_00317.jpg,additional_vid10,1
normal/additional_vid2_0001.jpg,normal/normal_00318.jpg,additional_vid2,1
normal/additional_vid2_0002.jpg,normal/normal_00319.jpg,additional_vid2,2
normal/additional_vid2_0003.jpg,normal/normal_00320.jpg,additional_vid2,3
normal/additional_vid2_0004.jpg,normal/normal_00321.jpg,additional_vid2,4
normal/additional_vid2_0005.jpg,normal/normal_00322.jpg,additional_vid2,5
normal/additional_vid2_0006.jpg,normal/normal_00323.jpg,additional_vid2,6
normal/additional_vid2_0007.jpg,normal/normal_00324.jpg,additional_vid2,7
normal/additional_vid2_0008.jpg,normal/normal_00325.jpg,additional_vid2,8
normal/additional_vid2_0009.jpg,normal/normal_00326.jpg,additional_vid2,9
normal/additional_vid2_0010.jpg,normal/normal_00327.jpg,additional_vid2,10
normal/additional_vid2_0011.jpg,normal/normal_00328.jpg,additional_vid2,11
normal/additional_vid2_0012.jpg,normal/normal_00329.jpg,additional_vid2,12
normal/additional_vid2_0013.jpg,normal/normal_00330.jpg,additional_vid2,13
normal/additional_vid2_0014.jpg,normal/normal_00331.jpg,additional_vid2,14
normal/additional_vid2_0015.jpg,normal/normal_00332.jpg,additional_vid2,15
normal/additional_vid2_0016.jpg,normal/normal_00333.jpg,additional_vid2,16
normal/additional_vid2_0017.jpg,normal/normal_00334.jpg,additional_vid2,17
normal/additional_vid2_0018.jpg,normal/normal_00335.jpg,additional_vid2,18
normal/additional_vid2_0019.jpg,normal/normal_00336.jpg,additional_vid2,19
normal/additional_vid2_0020.jpg,normal/normal_00337.jpg,additional_vid2,20
normal/additional_vid2_0021.jpg,normal/normal_00338.jpg,additional_vid2,21
normal/additional_vid2_0022.jpg,normal/normal_00339.jpg,additional_vid2,22
normal/additional_vid2_0023.jpg,normal/normal_00340.jpg,additional_vid2,23
normal/additional_vid2_0024.jpg,normal/normal_00341.jpg,additional_vid2,24
normal/additional_vid2_0025.jpg,normal/normal_00342.jpg,additional_vid2,25
normal/additional_vid2_0026.jpg,normal/normal_00343.jpg,additional_vid2,26
normal/additional_vid2_0027.jpg,normal/normal_00344.jpg,additional_vid2,27
normal/additional_vid2_0028.jpg,normal/normal_00345.jpg,additional_vid2,28
normal/additional_vid2_0029.jpg,normal/normal_00346.jpg,additional_vid2,29
normal/additional_vid2_0030.jpg,normal/normal_00347.jpg,additional_vid2,30
normal/additional_vid2_0031.jpg,normal/normal_00348.jpg,additional_vid2,31
normal/additional_vid2_0032.jpg,normal/normal_00349.jpg,additional_vid2,32
normal/additional_vid2_0033.jpg,normal/normal_00350.jpg,additional_vid2,33
normal/additional_vid2_0034.jpg,normal/normal_00351.jpg,additional_vid2,34
normal/additional_vid2_0035.jpg,normal/normal_00352.jpg,additional_vid2,35
normal/additional_vid2_0036.jpg,normal/normal_00353.jpg,additional_vid2,36
normal/additional_vid2_0037.jpg,normal/normal_00354.jpg,additional_vid2,37
normal/additional_vid2_0038.jpg,normal/normal_00355.jpg,additional_vid2,38
normal/additional_vid2_0039.jpg,normal/normal_00356.jpg,additional_vid2,39
normal/additional_vid2_0040.jpg,normal/normal_00357.jpg,additional_vid2,40
normal/additional_vid2_0041.jpg,normal/normal_00358.jpg,additional_vid2,41
normal/additional_vid2_0042.jpg,normal/normal_00359.jpg,additional_vid2,42
normal/additional_vid2_0043.jpg,normal/normal_00360.jpg,additional_vid2,43
normal/additional_vid2_0044.jpg,normal/normal_00361.jpg,additional_vid2,44
normal/additional_vid2_0045.jpg,normal/normal_00362.jpg,additional_vid2,45
normal/additional_vid2_0046.jpg,normal/normal_00363.jpg,additional_vid2,46
normal/additional_vid2_0047.jpg,normal/normal_00364.jpg,additional_vid2,47
normal/additional_vid2_0048.jpg,normal/normal_00365.jpg,additional_vid2,48
normal/additional_vid2_0049.jpg,normal/normal_00366.jpg,additional_vid2,49
normal/additional_vid2_0050.jpg,normal/normal_00367.jpg,additional_vid2,50
normal/additional_vid2_0051.jpg,normal/normal_00368.jpg,additional_vid2,51
normal/additional_vid2_0052.jpg,normal/normal_00369.jpg,additional_vid2,52
normal/additional_vid2_0053.jpg,normal/normal_00370.jpg,additional_vid2,53
normal/additional_vid2_0054.jpg,normal/normal_00371.jpg,additional_vid2,54
normal/additional_vid2_0055.jpg,normal/normal_00372.jpg,additional_vid2,55
normal/additional_vid2_0056.jpg,normal/normal_00373.jpg,additional_vid2,56
normal/additional_vid2_0057.jpg,normal/normal_00374.jpg,additional_vid2,57
normal/additional_vid2_0058.jpg,normal/normal_00375.jpg,additional_vid2,58
normal/additional_vid2_0059.jpg,normal/normal_00376.jpg,additional_vid2,59
normal/additional_vid2_0060.jpg,normal/normal_00377.jpg,additional_vid2,60
normal/additional_vid2_0061.jpg,normal/normal_00378.jpg,additional_vid2,61
normal/additional_vid2_0062.jpg,normal/normal_00379.jpg,additional_vid2,62
normal/additional_vid2_0063.jpg,normal/normal_00380.jpg,additional_vid2,63
normal/additional_vid2_0064.jpg,normal/normal_00381.jpg,additional_vid2,64
normal/additional_vid2_0065.jpg,normal/normal_00382.jpg,additional_vid2,65
normal/additional_vid2_0066.jpg,normal/normal_00383.jpg,additional_vid2,66
normal/additional_vid2_0067.jpg,normal/normal_00384.jpg,additional_vid2,67
normal/additional_vid2_0068.jpg,normal/normal_00385.jpg,additional_vid2,68
normal/additional_vid2_0069.jpg,normal/normal_00386.jpg,additional_vid2,69
normal/additional_vid2_0070.jpg,normal/normal_00387.jpg,additional_vid2,70
normal/additional_vid2_0071.jpg,normal/normal_00388.jpg,additional_vid2,71
normal/additional_vid2_0072.jpg,normal/normal_00389.jpg,additional_vid2,72
normal/additional_vid2_0073.jpg,normal/normal_00390.jpg,additional_vid2,73
normal/additional_vid2_0074.jpg,normal/normal_00391.jpg,additional_vid2,74
normal/additional_vid2_0075.jpg,normal/normal_00392.jpg,additional_vid2,75
normal/additional_vid2_0076.jpg,normal/normal_00393.jpg,additional_vid2,76
normal/additional_vid2_0077.jpg,normal/normal_00394.jpg,additional_vid2,77
normal/additional_vid2_0078.jpg,normal/normal_00395.jpg,additional_vid2,78
normal/additional_vid2_0079.jpg,normal/normal_00396.jpg,additional_vid2,79
normal/additional_vid2_0080.jpg,normal/normal_00397.jpg,additional_vid2,80
normal/additional_vid2_0081.jpg,normal/normal_00398.jpg,additional_vid2,81
normal/additional_vid2_0082.jpg,normal/normal_00399.jpg,additional_vid2,82
normal/additional_vid2_0083.jpg,normal/normal_00400.jpg,additional_vid2,83
normal/additional_vid2_0084.jpg,normal/normal_00401.jpg,additional_vid2,84
normal/additional_vid2_0085.jpg,normal/normal_00402.jpg,additional_vid2,85
normal/additional_vid2_0086.jpg,normal/normal_00403.jpg,additional_vid2,86
normal/additional_vid2_0087.jpg,normal/normal_00404.jpg,additional_vid2,87
normal/additional_vid2_0088.jpg,normal/normal_00405.jpg,additional_vid2,88
normal/additional_vid2_0089.jpg,normal/normal_00406.jpg,additional_vid2,89
normal/additional_vid2_0090.jpg,normal/normal_00407.jpg,additional_vid2,90
normal/additional_vid2_0091.jpg,normal/normal_00408.jpg,additional_vid2,91
normal/additional_vid2_0092.jpg,normal/normal_00409.jpg,additional_vid2,92
normal/additional_vid2_0093.jpg,normal/normal_00410.jpg,additional_vid2,93
normal/additional_vid2_0094.jpg,normal/normal_00411.jpg,additional_vid2,94
normal/additional_vid2_0095.jpg,normal/normal_00412.jpg,additional_vid2,95
normal/additional_vid2_0096.jpg,normal/normal_00413.jpg,additional_vid2,96
normal/additional_vid2_0097.jpg,normal/normal_00414.jpg,additional_vid2,97
normal/additional_vid2_0098.jpg,normal/normal_00415.jpg,additional_vid2,98
normal/additional_vid2_0099.jpg,normal/normal_00416.jpg,additional_vid2,99
normal/additional_vid2_0100.jpg,normal/normal_00417.jpg,additional_vid2,100
normal/additional_vid2_0101.jpg,normal/normal_00418.jpg,additional_vid2,101
normal/additional_vid2_0102.jpg,normal/normal_00419.jpg,additional_vid2,102
normal/additional_vid2_0103.jpg,normal/normal_00420.jpg,additional_vid2,103
normal/additional_vid2_0104.jpg,normal/normal_00421.jpg,additional_vid2,104
normal/additional_vid2_0105.jpg,normal/normal_00422.jpg,additional_vid2,105
normal/additional_vid2_0106.jpg,normal/normal_00423.jpg,additional_vid2,106
normal/additional_vid2_0107.jpg,normal/normal_00424.jpg,additional_vid2,107
normal/additional_vid2_0108.jpg,normal/normal_00425.jpg,additional_vid2,108
normal/additional_vid2_0109.jpg,normal/normal_00426.jpg,additional_vid2,109
normal/additional_vid2_0110.jpg,normal/normal_00427.jpg,additional_vid2,110
normal/additional_vid2_0111.jpg,normal/normal_00428.jpg,additional_vid2,111
normal/additional_vid2_0112.jpg,normal/normal_00429.jpg,additional_vid2,112
normal/additional_vid2_0113.jpg,normal/normal_00430.jpg,additional_vid2,113
normal/additional_vid2_0114.jpg,normal/normal_00431.jpg,additional_vid2,114
normal/additional_vid2_0115.jpg,normal/normal_00432.jpg,additional_vid2,115
normal/additional_vid2_0116.jpg,normal/normal_00433.jpg,additional_vid2,116
normal/additional_vid2_0117.jpg,normal/normal_00434.jpg,additional_vid2,117
normal/additional_vid2_0118.jpg,normal/normal_00435.jpg,additional_vid2,118
normal/additional_vid2_0119.jpg,normal/normal_00436.jpg,additional_vid2,119
normal/additional_vid2_0120.jpg,normal/normal_00437.jpg,additional_vid2,120
normal/additional_vid2_0121.jpg,normal/normal_00438.jpg,additional_vid2,121
normal/additional_vid2_0122.jpg,normal/normal_00439.jpg,additional_vid2,122
normal/additional_vid2_0123.jpg,normal/normal_00440.jpg,additional_vid2,123
normal/additional_vid2_0124.jpg,normal/normal_00441.jpg,additional_vid2,124
normal/additional_vid2_0125.jpg,normal/normal_00442.jpg,additional_vid2,125
normal/additional_vid2_0126.jpg,normal/normal_00443.jpg,additional_vid2,126
normal/additional_vid2_0127.jpg,normal/normal_00444.jpg,additional_vid2,127
normal/additional_vid2_0128.jpg,normal/normal_00445.jpg,additional_vid2,128
normal/additional_vid2_0129.jpg,normal/normal_00446.jpg,additional_vid2,129
normal/additional_vid2_0130.jpg,normal/normal_00447.jpg,additional_vid2,130
normal/additional_vid2_0131.jpg,normal/normal_00448.jpg,additional_vid2,131
normal/additional_vid2_0132.jpg,normal/normal_00449.jpg,additional_vid2,132
normal/additional_vid2_0133.jpg,normal/normal_00450.jpg,additional_vid2,133
normal/additional_vid2_0134.jpg,normal/normal_00451.jpg,additional_vid2,134
normal/additional_vid2_0135.jpg,normal/normal_00452.jpg,additional_vid2,135
normal/additional_vid2_0136.jpg,normal/normal_00453.jpg,additional_vid2,136
normal/additional_vid2_0137.jpg,normal/normal_00454.jpg,additional_vid2,137
normal/additional_vid2_0138.jpg,normal/normal_00455.jpg,additional_vid2,138
normal/additional_vid2_0139.jpg,normal/normal_00456.jpg,additional_vid2,139
normal/additional_vid2_0140.jpg,normal/normal_00457.jpg,additional_vid2,140
normal/additional_vid2_0141.jpg,normal/normal_00458.jpg,additional_vid2,141
normal/additional_vid2_0142.jpg,normal/normal_00459.jpg,additional_vid2,142
normal/additional_vid2_0143.jpg,normal/normal_00460.jpg,additional_vid2,143
normal/additional_vid2_0144.jpg,normal/normal_00461.jpg,additional_vid2,144
normal/additional_vid2_0145.jpg,normal/normal_00462.jpg,additional_vid2,145
normal/additional_vid2_0146.jpg,normal/normal_00463.jpg,additional_vid2,146
normal/additional_vid2_0147.jpg,normal/normal_00464.jpg,additional_vid2,147
normal/additional_vid2_0148.jpg,normal/normal_00465.jpg,additional_vid2,148
normal/additional_vid2_0149.jpg,normal/normal_00466.jpg,additional_vid2,149
normal/additional_vid2_0150.jpg,normal/normal_00467.jpg,additional_vid2,150
normal/additional_vid2_0151.jpg,normal/normal_00468.jpg,additional_vid2,151
normal/additional_vid2_0152.jpg,normal/normal_00469.jpg,additional_vid2,152
normal/additional_vid2_0153.jpg,normal/normal_00470.jpg,additional_vid2,153
normal/additional_vid2_0154.jpg,normal/normal_00471.jpg,additional_vid2,154
normal/additional_vid2_0155.jpg,normal/normal_00472.jpg,additional_vid2,155
normal/additional_vid2_0156.jpg,normal/normal_00473.jpg,additional_vid2,156
normal/additional_vid2_0157.jpg,normal/normal_00474.jpg,additional_vid2,157
normal/additional_vid2_0158.jpg,normal/normal_00475.jpg,additional_vid2,158
normal/additional_vid2_0159.jpg,normal/normal_00476.jpg,additional_vid2,159
normal/additional_vid2_0160.jpg,normal/normal_00477.jpg,additional_vid2,160
normal/additional_vid2_0161.jpg,normal/normal_00478.jpg,additional_vid2,161
normal/additional_vid2_0162.jpg,normal/normal_00479.jpg,additional_vid2,162
normal/additional_vid2_0163.jpg,normal/normal_00480.jpg,additional_vid2,163
normal/additional_vid2_0164.jpg,normal/normal_00481.jpg,additional_vid2,164
normal/additional_vid2_0165.jpg,normal/normal_00482.jpg,additional_vid2,165
normal/additional_vid2_0166.jpg,normal/normal_00483.jpg,additional_vid2,166
normal/additional_vid2_0167.jpg,normal/normal_00484.jpg,additional_vid2,167
normal/additional_vid2_0168.jpg,normal/normal_00485.jpg,additional_vid2,168
normal/additional_vid2_0169.jpg,normal/normal_00486.jpg,additional_vid2,169
normal/additional_vid2_0170.jpg,normal/normal_00487.jpg,additional_vid2,170
normal/additional_vid2_0171.jpg,normal/normal_00488.jpg,additional_vid2,171
normal/additional_vid2_0172.jpg,normal/normal_00489.jpg,additional_vid2,172
normal/additional_vid2_0173.jpg,normal/normal_00490.jpg,additional_vid2,173
normal/additional_vid2_0174.jpg,normal/normal_00491.jpg,additional_vid2,174
normal/additional_vid2_0175.jpg,normal/normal_00492.jpg,additional_vid2,175
normal/additional_vid2_0176.jpg,normal/normal_00493.jpg,additional_vid2,176
normal/additional_vid2_0177.jpg,normal/normal_00494.jpg,additional_vid2,177
normal/additional_vid2_0178.jpg,normal/normal_00495.jpg,additional_vid2,178
normal/additional_vid2_0179.jpg,normal/normal_00496.jpg,additional_vid2,179
normal/additional_vid2_0180.jpg,normal/normal_00497.jpg,additional_vid2,180
normal/additional_vid2_0181.jpg,normal/normal_00498.jpg,additional_vid2,181
normal/additional_vid2_0182.jpg,normal/normal_00499.jpg,additional_vid2,182
normal/additional_vid2_0183.jpg,normal/normal_00500.jpg,additional_vid2,183
normal/additional_vid2_0184.jpg,normal/normal_00501.jpg,additional_vid2,184
normal/additional_vid2_0185.jpg,normal/normal_00502.jpg,additional_vid2,185
normal/additional_vid2_0186.jpg,normal/normal_00503.jpg,additional_vid2,186
normal/additional_vid2_0187.jpg,normal/normal_00504.jpg,additional_vid2,187
normal/additional_vid2_0188.jpg,normal/normal_00505.jpg,additional_vid2,188
normal/additional_vid2_0189.jpg,normal/normal_00506.jpg,additional_vid2,189
normal/additional_vid2_0190.jpg,normal/normal_00507.jpg,additional_vid2,190
normal/additional_vid2_0191.jpg,normal/normal_00508.jpg,additional_vid2,191
normal/additional_vid2_0192.jpg,normal/normal_00509.jpg,additional_vid2,192
normal/additional_vid2_0193.jpg,normal/normal_00510.jpg,additional_vid2,193
normal/additional_vid2_0194.jpg,normal/normal_00511.jpg,additional_vid2,194
normal/additional_vid2_0195.jpg,normal/normal_00512.jpg,additional_vid2,195
normal/additional_vid2_0196.jpg,normal/normal_00513.jpg,additional_vid2,196
normal/additional_vid2_0197.jpg,normal/normal_00514.jpg,additional_vid2,197
normal/additional_vid2_0198.jpg,normal/normal_00515.jpg,additional_vid2,198
normal/additional_vid2_0199.jpg,normal/normal_00516.jpg,additional_vid2,199
normal/additional_vid2_0200.jpg,normal/normal_00517.jpg,additional_vid2,200
normal/additional_vid2_0201.jpg,normal/normal_00518.jpg,additional_vid2,201
normal/additional_vid2_0202.jpg,normal/normal_00519.jpg,additional_vid2,202
normal/additional_vid2_0203.jpg,normal/normal_00520.jpg,additional_vid2,203
normal/additional_vid2_0204.jpg,normal/normal_00521.jpg,additional_vid2,204
normal/additional_vid2_0205.jpg,normal/normal_00522.jpg,additional_vid2,205
normal/additional_vid2_0206.jpg,normal/normal_00523.jpg,additional_vid2,206
normal/additional_vid2_0207.jpg,normal/normal_00524.jpg,additional_vid2,207
normal/additional_vid2_0208.jpg,normal/normal_00525.jpg,additional_vid2,208
normal/additional_vid2_0209.jpg,normal/normal_00526.jpg,additional_vid2,209
normal/additional_vid2_0210.jpg,normal/normal_00527.jpg,additional_vid2,210
normal/additional_vid2_0211.jpg,normal/normal_00528.jpg,additional_vid2,211
normal/additional_vid2_0212.jpg,normal/normal_00529.jpg,additional_vid2,212
normal/additional_vid2_0213.jpg,normal/normal_00530.jpg,additional_vid2,213
normal/additional_vid2_0214.jpg,normal/normal_00531.jpg,additional_vid2,214
normal/additional_vid2_0215.jpg,normal/normal_00532.jpg,additional_vid2,215
normal/additional_vid2_0216.jpg,normal/normal_00533.jpg,additional_vid2,216
normal/additional_vid2_0217.jpg,normal/normal_00534.jpg,additional_vid2,217
normal/additional_vid2_0218.jpg,normal/normal_00535.jpg,additional_vid2,218
normal/additional_vid2_0219.jpg,normal/normal_00536.jpg,additional_vid2,219
normal/additional_vid2_0220.jpg,normal/normal_00537.jpg,additional_vid2,220
normal/additional_vid2_0221.jpg,normal/normal_00538.jpg,additional_vid2,221
normal/additional_vid2_0222.jpg,normal/normal_00539.jpg,additional_vid2,222
normal/additional_vid2_0223.jpg,normal/normal_00540.jpg,additional_vid2,223
normal/additional_vid2_0224.jpg,normal/normal_00541.jpg,additional_vid2,224
normal/additional_vid2_0225.jpg,normal/normal_00542.jpg,additional_vid2,225
normal/additional_vid2_0226.jpg,normal/normal_00543.jpg,additional_vid2,226
normal/additional_vid2_0227.jpg,normal/normal_00544.jpg,additional_vid2,227
normal/additional_vid2_0228.jpg,normal/normal_00545.jpg,additional_vid2,228
normal/additional_vid2_0229.jpg,normal/normal_00546.jpg,additional_vid2,229
normal/additional_vid2_0230.jpg,normal/normal_00547.jpg,additional_vid2,230
normal/additional_vid2_0231.jpg,normal/normal_00548.jpg,additional_vid2,231
normal/additional_vid2_0232.jpg,normal/normal_00549.jpg,additional_vid2,232
normal/additional_vid2_0233.jpg,normal/normal_00550.jpg,additional_vid2,233
normal/additional_vid2_0234.jpg,normal/normal_00551.jpg,additional_vid2,234
normal/additional_vid2_0235.jpg,normal/normal_00552.jpg,additional_vid2,235
normal/additional_vid2_0236.jpg,normal/normal_00553.jpg,additional_vid2,236
normal/additional_vid2_0237.jpg,normal/normal_00554.jpg,additional_vid2,237
normal/additional_vid2_0238.jpg,normal/normal_00555.jpg,additional_vid2,238
normal/additional_vid2_0239.jpg,normal/normal_00556.jpg,additional_vid2,239
normal/additional_vid2_0240.jpg,normal/normal_00557.jpg,additional_vid2,240
normal/additional_vid2_0241.jpg,normal/normal_00558.jpg,additional_vid2,241
normal/additional_vid2_0242.jpg,normal/normal_00559.jpg,additional_vid2,242
normal/additional_vid2_0243.jpg,normal/normal_00560.jpg,additional_vid2,243
normal/additional_vid2_0244.jpg,normal/normal_00561.jpg,additional_vid2,244
normal/additional_vid2_0245.jpg,normal/normal_00562.jpg,additional_vid2,245
normal/additional_vid2_0246.jpg,normal/normal_00563.jpg,additional_vid2,246
normal/additional_vid2_0247.jpg,normal/normal_00564.jpg,additional_vid2,247
normal/additional_vid2_0248.jpg,normal/normal_00565.jpg,additional_vid2,248
normal/additional_vid2_0249.jpg,normal/normal_00566.jpg,additional_vid2,249
normal/additional_vid2_0250.jpg,normal/normal_00567.jpg,additional_vid2,250
normal/additional_vid2_0251.jpg,normal/normal_00568.jpg,additional_vid2,251
normal/additional_vid2_0252.jpg,normal/normal_00569.jpg,additional_vid2,252
normal/additional_vid2_0253.jpg,normal/normal_00570.jpg,additional_vid2,253
normal/additional_vid2_0254.jpg,normal/normal_00571.jpg,additional_vid2,254
normal/additional_vid2_0255.jpg,normal/normal_00572.jpg,additional_vid2,255
normal/additional_vid2_0256.jpg,normal/normal_00573.jpg,additional_vid2,256
normal/additional_vid2_0257.jpg,normal/normal_00574.jpg,additional_vid2,257
normal/additional_vid2_0258.jpg,normal/normal_00575.jpg,additional_vid2,258
normal/additional_vid2_0259.jpg,normal/normal_00576.jpg,additional_vid2,259
normal/additional_vid2_0260.jpg,normal/normal_00577.jpg,additional_vid2,260
normal/additional_vid2_0261.jpg,normal/normal_00578.jpg,additional_vid2,261
normal/additional_vid2_0262.jpg,normal/normal_00579.jpg,additional_vid2,262
normal/additional_vid2_0263.jpg,normal/normal_00580.jpg,additional_vid2,263
normal/additional_vid2_0264.jpg,normal/normal_00581.jpg,additional_vid2,264
normal/additional_vid2_0265.jpg,normal/normal_00582.jpg,additional_vid2,265
normal/additional_vid2_0266.jpg,normal/normal_00583.jpg,additional_vid2,266
normal/additional_vid2_0267.jpg,normal/normal_00584.jpg,additional_vid2,267
normal/additional_vid2_0268.jpg,normal/normal_00585.jpg,additional_vid2,268
normal/additional_vid2_0269.jpg,normal/normal_00586.jpg,additional_vid2,269
normal/additional_vid2_0270.jpg,normal/normal_00587.jpg,additional_vid2,270
normal/additional_vid2_0271.jpg,normal/normal_00588.jpg,additional_vid2,271
normal/additional_vid2_0272.jpg,normal/normal_00589.jpg,additional_vid2,272
normal/additional_vid2_0273.jpg,normal/normal_00590.jpg,additional_vid2,273
normal/additional_vid2_0274.jpg,normal/normal_00591.jpg,additional_vid2,274
normal/additional_vid2_0275.jpg,normal/normal_00592.jpg,additional_vid2,275
normal/additional_vid2_0276.jpg,normal/normal_00593.jpg,additional_vid2,276
normal/additional_vid2_0277.jpg,normal/normal_00594.jpg,additional_vid2,277
normal/additional_vid2_0278.jpg,normal/normal_00595.jpg,additional_vid2,278
normal/additional_vid2_0279.jpg,normal/normal_00596.jpg,additional_vid2,279
normal/additional_vid2_0280.jpg,normal/normal_00597.jpg,additional_vid2,280
normal/additional_vid2_0281.jpg,normal/normal_00598.jpg,additional_vid2,281
normal/additional_vid2_0282.jpg,normal/normal_00599.jpg,additional_vid2,282
normal/additional_vid2_0283.jpg,normal/normal_00600.jpg,additional_vid2,283
normal/additional_vid2_0284.jpg,normal/normal_00601.jpg,additional_vid2,284
normal/additional_vid2_0285.jpg,normal/normal_00602.jpg,additional_vid2,285
normal/additional_vid2_0286.jpg,normal/normal_00603.jpg,additional_vid2,286
normal/additional_vid2_0287.jpg,normal/normal_00604.jpg,additional_vid2,287
normal/additional_vid2_0288.jpg,normal/normal_00605.jpg,additional_vid2,288
normal/additional_vid2_0289.jpg,normal/normal_00606.jpg,additional_vid2,289
normal/additional_vid2_0290.jpg,normal/normal_00607.jpg,additional_vid2,290
normal/additional_vid2_0291.jpg,normal/normal_00608.jpg,additional_vid2,291
normal/additional_vid2_0292.jpg,normal/normal_00609.jpg,additional_vid2,292
normal/additional_vid2_0293.jpg,normal/normal_00610.jpg,additional_vid2,293
normal/additional_vid2_0294.jpg,normal/normal_00611.jpg,additional_vid2,294
normal/additional_vid2_0295.jpg,normal/normal_00612.jpg,additional_vid2,295
normal/additional_vid2_0296.jpg,normal/normal_00613.jpg,additional_vid2,296
normal/additional_vid2_0297.jpg,normal/normal_00614.jpg,additional_vid2,297
normal/additional_vid2_0298.jpg,normal/normal_00615.jpg,additional_vid2,298
normal/additional_vid2_0299.jpg,normal/normal_00616.jpg,additional_vid2,299
normal/additional_vid2_0300.jpg,normal/normal_00617.jpg,additional_vid2,300
normal/additional_vid2_0301.jpg,normal/normal_00618.jpg,additional_vid2,301
normal/additional_vid2_0302.jpg,normal/normal_00619.jpg,additional_vid2,302
normal/additional_vid2_0303.jpg,normal/normal_00620.jpg,additional_vid2,303
normal/additional_vid2_0304.jpg,normal/normal_00621.jpg,additional_vid2,304
normal/additional_vid2_0305.jpg,normal/normal_00622.jpg,additional_vid2,305
normal/additional_vid2_0306.jpg,normal/normal_00623.jpg,additional_vid2,306
normal/additional_vid2_0307.jpg,normal/normal_00624.jpg,additional_vid2,307
normal/additional_vid2_0308.jpg,normal/normal_00625.jpg,additional_vid2,308
normal/additional_vid2_0309.jpg,normal/normal_00626.jpg,additional_vid2,309
normal/additional_vid2_0310.jpg,normal/normal_00627.jpg,additional_vid2,310
normal/additional_vid2_0311.jpg,normal/normal_00628.jpg,additional_vid2,311
normal/additional_vid2_0312.jpg,normal/normal_00629.jpg,additional_vid2,312
normal/additional_vid2_0313.jpg,normal/normal_00630.jpg,additional_vid2,313
normal/additional_vid2_0314.jpg,normal/normal_00631.jpg,additional_vid2,314
normal/additional_vid2_0315.jpg,normal/normal_00632.jpg,additional_vid2,315
normal/additional_vid2_0316.jpg,normal/normal_00633.jpg,additional_vid2,316
normal/additional_vid2_0317.jpg,normal/normal_00634.jpg,additional_vid2,317
normal/additional_vid2_0318.jpg,normal/normal_00635.jpg,additional_vid2,318
normal/additional_vid2_0319.jpg,normal/normal_00636.jpg,additional_vid2,319
normal/additional_vid2_0320.jpg,normal/normal_00637.jpg,additional_vid2,320
normal/additional_vid2_0321.jpg,normal/normal_00638.jpg,additional_vid2,321
normal/additional_vid2_0322.jpg,normal/normal_00639.jpg,additional_vid2,322
normal/additional_vid2_0323.jpg,normal/normal_00640.jpg,additional_vid2,323
normal/additional_vid2_0324.jpg,normal/normal_00641.jpg,additional_vid2,324
normal/additional_vid2_0325.jpg,normal/normal_00642.jpg,additional_vid2,325
normal/additional_vid2_0326.jpg,normal/normal_00643.jpg,additional_vid2,326
normal/additional_vid2_0327.jpg,normal/normal_00644.jpg,additional_vid2,327
normal/additional_vid2_0328.jpg,normal/normal_00645.jpg,additional_vid2,328
normal/additional_vid2_0329.jpg,normal/normal_00646.jpg,additional_vid2,329
normal/additional_vid2_0330.jpg,normal/normal_00647.jpg,additional_vid2,330
normal/additional_vid2_0331.jpg,normal/normal_00648.jpg,additional_vid2,331
normal/additional_vid2_0332.jpg,normal/normal_00649.jpg,additional_vid2,332
normal/additional_vid2_0333.jpg,normal/normal_00650.jpg,additional_vid2,333
normal/additional_vid2_0334.jpg,normal/normal_00651.jpg,additional_vid2,334
normal/additional_vid2_0335.jpg,normal/normal_00652.jpg,additional_vid2,335
normal/additional_vid2_0336.jpg,normal/normal_00653.jpg,additional_vid2,336
normal/additional_vid2_0337.jpg,normal/normal_00654.jpg,additional_vid2,337
normal/additional_vid2_0338.jpg,normal/normal_00655.jpg,additional_vid2,338
normal/additional_vid2_0339.jpg,normal/normal_00656.jpg,additional_vid2,339
normal/additional_vid2_0340.jpg,normal/normal_00657.jpg,additional_vid2,340
normal/additional_vid2_0341.jpg,normal/normal_00658.jpg,additional_vid2,341
normal/additional_vid2_0342.jpg,normal/normal_00659.jpg,additional_vid2,342
normal/additional_vid2_0343.jpg,normal/normal_00660.jpg,additional_vid2,343
normal/additional_vid2_0344.jpg,normal/normal_00661.jpg,additional_vid2,344
normal/additional_vid2_0345.jpg,normal/normal_00662.jpg,additional_vid2,345
normal/additional_vid2_0346.jpg,normal/normal_00663.jpg,additional_vid2,346
normal/additional_vid2_0347.jpg,normal/normal_00664.jpg,additional_vid2,347
normal/additional_vid2_0348.jpg,normal/normal_00665.jpg,additional_vid2,348
normal/additional_vid2_0349.jpg,normal/normal_00666.jpg,additional_vid2,349
normal/additional_vid2_0350.jpg,normal/normal_00667.jpg,additional_vid2,350
normal/additional_vid2_0351.jpg,normal/normal_00668.jpg,additional_vid2,351
normal/additional_vid2_0352.jpg,normal/normal_00669.jpg,additional_vid2,352
normal/additional_vid2_0353.jpg,normal/normal_00670.jpg,additional_vid2,353
normal/additional_vid2_0354.jpg,normal/normal_00671.jpg,additional_vid2,354
normal/additional_vid2_0355.jpg,normal/normal_00672.jpg,additional_vid2,355
normal/additional_vid2_0356.jpg,normal/normal_00673.jpg,additional_vid2,356
normal/additional_vid2_0357.jpg,normal/normal_00674.jpg,additional_vid2,357
normal/additional_vid2_0358.jpg,normal/normal_00675.jpg,additional_vid2,358
normal/additional_vid2_0359.jpg,normal/normal_00676.jpg,additional_vid2,359
normal/additional_vid2_0360.jpg,normal/normal_00677.jpg,additional_vid2,360
normal/additional_vid2_0361.jpg,normal/normal_00678.jpg,additional_vid2,361
normal/additional_vid2_0362.jpg,normal/normal_00679.jpg,additional_vid2,362
normal/additional_vid2_0363.jpg,normal/normal_00680.jpg,additional_vid2,363
normal/additional_vid2_0364.jpg,normal/normal_00681.jpg,additional_vid2,364
normal/additional_vid2_0365.jpg,normal/normal_00682.jpg,additional_vid2,365
normal/additional_vid2_0366.jpg,normal/normal_00683.jpg,additional_vid2,366
normal/additional_vid2_0367.jpg,normal/normal_00684.jpg,additional_vid2,367
normal/additional_vid2_0368.jpg,normal/normal_00685.jpg,additional_vid2,368
normal/additional_vid2_0369.jpg,normal/normal_00686.jpg,additional_vid2,369
normal/additional_vid2_0370.jpg,normal/normal_00687.jpg,additional_vid2,370
normal/additional_vid2_0371.jpg,normal/normal_00688.jpg,additional_vid2,371
normal/additional_vid2_0372.jpg,normal/normal_00689.jpg,additional_vid2,372
normal/additional_vid2_0373.jpg,normal/normal_00690.jpg,additional_vid2,373
normal/additional_vid2_0374.jpg,normal/normal_00691.jpg,additional_vid2,374
normal/additional_vid2_0375.jpg,normal/normal_00692.jpg,additional_vid2,375
normal/additional_vid2_0376.jpg,normal/normal_00693.jpg,additional_vid2,376
normal/additional_vid2_0377.jpg,normal/normal_00694.jpg,additional_vid2,377
normal/additional_vid2_0378.jpg,normal/normal_00695.jpg,additional_vid2,378
normal/additional_vid2_0379.jpg,normal/normal_00696.jpg,additional_vid2,379
normal/additional_vid2_0380.jpg,normal/normal_00697.jpg,additional_vid2,380
normal/additional_vid2_0381.jpg,normal/normal_00698.jpg,additional_vid2,381
normal/additional_vid2_0382.jpg,normal/normal_00699.jpg,additional_vid2,382
normal/additional_vid2_0383.jpg,normal/normal_00700.jpg,additional_vid2,383
normal/additional_vid2_0384.jpg,normal/normal_00701.jpg,additional_vid2,384
normal/additional_vid2_0385.jpg,normal/normal_00702.jpg,additional_vid2,385
normal/additional_vid2_0386.jpg,normal/normal_00703.jpg,additional_vid2,386
normal/additional_vid2_0387.jpg,normal/normal_00704.jpg,additional_vid2,387
normal/additional_vid2_0388.jpg,normal/normal_00705.jpg,additional_vid2,388
normal/additional_vid2_0389.jpg,normal/normal_00706.jpg,additional_vid2,389
normal/additional_vid2_0390.jpg,normal/normal_00707.jpg,additional_vid2,390
normal/additional_vid2_0391.jpg,normal/normal_00708.jpg,additional_vid2,391
normal/additional_vid2_0392.jpg,normal/normal_00709.jpg,additional_vid2,392
normal/additional_vid2_0393.jpg,normal/normal_00710.jpg,additional_vid2,393
normal/additional_vid2_0394.jpg,normal/normal_00711.jpg,additional_vid2,394
normal/additional_vid2_0395.jpg,normal/normal_00712.jpg,additional_vid2,395
normal/additional_vid2_0396.jpg,normal/normal_00713.jpg,additional_vid2,396
normal/additional_vid2_0397.jpg,normal/normal_00714.jpg,additional_vid2,397
normal/additional_vid2_0398.jpg,normal/normal_00715.jpg,additional_vid2,398
normal/additional_vid2_0399.jpg,normal/normal_00716.jpg,additional_vid2,399
normal/additional_vid2_0400.jpg,normal/normal_00717.jpg,additional_vid2,400
normal/additional_vid2_0401.jpg,normal/normal_00718.jpg,additional_vid2,401
normal/additional_vid2_0402.jpg,normal/normal_00719.jpg,additional_vid2,402
normal/additional_vid2_0403.jpg,normal/normal_00720.jpg,additional_vid2,403
normal/additional_vid2_0404.jpg,normal/normal_00721.jpg,additional_vid2,404
normal/additional_vid2_0405.jpg,normal/normal_00722.jpg,additional_vid2,405
normal/additional_vid2_0406.jpg,normal/normal_00723.jpg,additional_vid2,406
normal/additional_vid2_0407.jpg,normal/normal_00724.jpg,additional_vid2,407
normal/additional_vid2_0408.jpg,normal/normal_00725.jpg,additional_vid2,408
normal/additional_vid2_0409.jpg,normal/normal_00726.jpg,additional_vid2,409
normal/additional_vid2_0410.jpg,normal/normal_00727.jpg,additional_vid2,410
normal/additional_vid2_0411.jpg,normal/normal_00728.jpg,additional_vid2,411
normal/additional_vid2_0412.jpg,normal/normal_00729.jpg,additional_vid2,412
normal/additional_vid2_0413.jpg,normal/normal_00730.jpg,additional_vid2,413
normal/additional_vid2_0414.jpg,normal/normal_00731.jpg,additional_vid2,414
normal/additional_vid2_0415.jpg,normal/normal_00732.jpg,additional_vid2,415
normal/additional_vid2_0416.jpg,normal/normal_00733.jpg,additional_vid2,416
normal/additional_vid2_0417.jpg,normal/normal_00734.jpg,additional_vid2,417
normal/additional_vid2_0418.jpg,normal/normal_00735.jpg,additional_vid2,418
normal/additional_vid2_0419.jpg,normal/normal_00736.jpg,additional_vid2,419
normal/additional_vid2_0420.jpg,normal/normal_00737.jpg,additional_vid2,420
normal/additional_vid2_0421.jpg,normal/normal_00738.jpg,additional_vid2,421
normal/additional_vid2_0422.jpg,normal/normal_00739.jpg,additional_vid2,422
normal/additional_vid2_0423.jpg,normal/normal_00740.jpg,additional_vid2,423
normal/additional_vid2_0424.jpg,normal/normal_00741.jpg,additional_vid2,424
normal/additional_vid2_0425.jpg,normal/normal_00742.jpg,additional_vid2,425
normal/additional_vid2_0426.jpg,normal/normal_00743.jpg,additional_vid2,426
normal/additional_vid2_0427.jpg,normal/normal_00744.jpg,additional_vid2,427
normal/additional_vid2_0428.jpg,normal/normal_00745.jpg,additional_vid2,428
normal/additional_vid2_0429.jpg,normal/normal_00746.jpg,additional_vid2,429
normal/additional_vid2_0430.jpg,normal/normal_00747.jpg,additional_vid2,430
normal/additional_vid2_0431.jpg,normal/normal_00748.jpg,additional_vid2,431
normal/additional_vid3_0001.jpg,normal/normal_00749.jpg,additional_vid3,1
normal/additional_vid3_0002.jpg,normal/normal_00750.jpg,additional_vid3,2
normal/additional_vid3_0003.jpg,normal/normal_00751.jpg,additional_vid3,3
normal/additional_vid3_0004.jpg,normal/normal_00752.jpg,additional_vid3,4
normal/additional_vid3_0005.jpg,normal/normal_00753.jpg,additional_vid3,5
normal/additional_vid3_0006.jpg,normal/normal_00754.jpg,additional_vid3,6
normal/additional_vid3_0007.jpg,normal/normal_00755.jpg,additional_vid3,7
normal/additional_vid3_0008.jpg,normal/normal_00756.jpg,additional_vid3,8
normal/additional_vid3_0009.jpg,normal/normal_00757.jpg,additional_vid3,9
normal/additional_vid3_0010.jpg,normal/normal_00758.jpg,additional_vid3,10
normal/additional_vid3_0011.jpg,normal/normal_00759.jpg,additional_vid3,11
normal/additional_vid3_0012.jpg,normal/normal_00760.jpg,additional_vid3,12
normal/additional_vid3_0013.jpg,normal/normal_00761.jpg,additional_vid3,13
normal/additional_vid3_0014.jpg,normal/normal_00762.jpg,additional_vid3,14
normal/additional_vid3_0015.jpg,normal/normal_00763.jpg,additional_vid3,15
normal/additional_vid3_0016.jpg,normal/normal_00764.jpg,additional_vid3,16
normal/additional_vid3_0017.jpg,normal/normal_00765.jpg,additional_vid3,17
normal/additional_vid3_0018.jpg,normal/normal_00766.jpg,additional_vid3,18
normal/additional_vid3_0019.jpg,normal/normal_00767.jpg,additional_vid3,19
normal/additional_vid3_0020.jpg,normal/normal_00768.jpg,additional_vid3,20
normal/additional_vid3_0021.jpg,normal/normal_00769.jpg,additional_vid3,21
normal/additional_vid3_0022.jpg,normal/normal_00770.jpg,additional_vid3,22
normal/additional_vid3_0023.jpg,normal/normal_00771.jpg,additional_vid3,23
normal/additional_vid3_0024.jpg,normal/normal_00772.jpg,additional_vid3,24
normal/additional_vid3_0025.jpg,normal/normal_00773.jpg,additional_vid3,25
normal/additional_vid3_0026.jpg,normal/normal_00774.jpg,additional_vid3,26
normal/additional_vid3_0027.jpg,normal/normal_00775.jpg,additional_vid3,27
normal/additional_vid3_0028.jpg,normal/normal_00776.jpg,additional_vid3,28
normal/additional_vid3_0029.jpg,normal/normal_00777.jpg,additional_vid3,29
normal/additional_vid3_0030.jpg,normal/normal_00778.jpg,additional_vid3,30
normal/additional_vid3_0031.jpg,normal/normal_00779.jpg,additional_vid3,31
normal/additional_vid3_0032.jpg,normal/normal_00780.jpg,additional_vid3,32
normal/additional_vid3_0033.jpg,normal/normal_00781.jpg,additional_vid3,33
normal/additional_vid3_0034.jpg,normal/normal_00782.jpg,additional_vid3,34
normal/additional_vid3_0035.jpg,normal/normal_00783.jpg,additional_vid3,35
normal/additional_vid3_0036.jpg,normal/normal_00784.jpg,additional_vid3,36
normal/additional_vid3_0037.jpg,normal/normal_00785.jpg,additional_vid3,37
normal/additional_vid3_0038.jpg,normal/normal_00786.jpg,additional_vid3,38
normal/additional_vid3_0039.jpg,normal/normal_00787.jpg,additional_vid3,39
normal/additional_vid3_0040.jpg,normal/normal_00788.jpg,additional_vid3,40
normal/additional_vid3_0041.jpg,normal/normal_00789.jpg,additional_vid3,41
normal/additional_vid3_0042.jpg,normal/normal_00790.jpg,additional_vid3,42
normal/additional_vid3_0043.jpg,normal/normal_00791.jpg,additional_vid3,43
normal/additional_vid3_0044.jpg,normal/normal_00792.jpg,additional_vid3,44
normal/additional_vid3_0045.jpg,normal/normal_00793.jpg,additional_vid3,45
normal/additional_vid3_0046.jpg,normal/normal_00794.jpg,additional_vid3,46
normal/additional_vid3_0047.jpg,normal/normal_00795.jpg,additional_vid3,47
normal/additional_vid3_0048.jpg,normal/normal_00796.jpg,additional_vid3,48
normal/additional_vid3_0049.jpg,normal/normal_00797.jpg,additional_vid3,49
normal/additional_vid3_0050.jpg,normal/normal_00798.jpg,additional_vid3,50
normal/additional_vid3_0051.jpg,normal/normal_00799.jpg,additional_vid3,51
normal/additional_vid3_0052.jpg,normal/normal_00800.jpg,additional_vid3,52
normal/additional_vid3_0053.jpg,normal/normal_00801.jpg,additional_vid3,53
normal/additional_vid3_0054.jpg,normal/normal_00802.jpg,additional_vid3,54
normal/additional_vid3_0055.jpg,normal/normal_00803.jpg,additional_vid3,55
normal/additional_vid3_0056.jpg,normal/normal_00804.jpg,additional_vid3,56
normal/additional_vid3_0057.jpg,normal/normal_00805.jpg,additional_vid3,57
normal/additional_vid3_0058.jpg,normal/normal_00806.jpg,additional_vid3,58
normal/additional_vid3_0059.jpg,normal/normal_00807.jpg,additional_vid3,59
normal/additional_vid3_0060.jpg,normal/normal_00808.jpg,additional_vid3,60
normal/additional_vid3_0061.jpg,normal/normal_00809.jpg,additional_vid3,61
normal/additional_vid3_0062.jpg,normal/normal_00810.jpg,additional_vid3,62
normal/additional_vid3_0063.jpg,normal/normal_00811.jpg,additional_vid3,63
normal/additional_vid3_0064.jpg,normal/normal_00812.jpg,additional_vid3,64
normal/additional_vid3_0065.jpg,normal/normal_00813.jpg,additional_vid3,65
normal/additional_vid3_0066.jpg,normal/normal_00814.jpg,additional_vid3,66
normal/additional_vid3_0067.jpg,normal/normal_00815.jpg,additional_vid3,67
normal/additional_vid3_0068.jpg,normal/normal_00816.jpg,additional_vid3,68
normal/additional_vid3_0069.jpg,normal/normal_00817.jpg,additional_vid3,69
normal/additional_vid3_0070.jpg,normal/normal_00818.jpg,additional_vid3,70
normal/additional_vid3_0071.jpg,normal/normal_00819.jpg,additional_vid3,71
normal/additional_vid3_0072.jpg,normal/normal_00820.jpg,additional_vid3,72
normal/additional_vid3_0073.jpg,normal/normal_00821.jpg,additional_vid3,73
normal/additional_vid3_0074.jpg,normal/normal_00822.jpg,additional_vid3,74
normal/additional_vid3_0075.jpg,normal/normal_00823.jpg,additional_vid3,75
normal/additional_vid3_0076.jpg,normal/normal_00824.jpg,additional_vid3,76
normal/additional_vid3_0077.jpg,normal/normal_00825.jpg,additional_vid3,77
normal/additional_vid3_0078.jpg,normal/normal_00826.jpg,additional_vid3,78
normal/additional_vid3_0079.jpg,normal/normal_00827.jpg,additional_vid3,79
normal/additional_vid3_0080.jpg,normal/normal_00828.jpg,additional_vid3,80
normal/additional_vid3_0081.jpg,normal/normal_00829.jpg,additional_vid3,81
normal/additional_vid3_0082.jpg,normal/normal_00830.jpg,additional_vid3,82
normal/additional_vid3_0083.jpg,normal/normal_00831.jpg,additional_vid3,83
normal/additional_vid3_0084.jpg,normal/normal_00832.jpg,additional_vid3,84
normal/additional_vid3_0085.jpg,normal/normal_00833.jpg,additional_vid3,85
normal/additional_vid3_0086.jpg,normal/normal_00834.jpg,additional_vid3,86
normal/additional_vid3_0087.jpg,normal/normal_00835.jpg,additional_vid3,87
normal/additional_vid3_0088.jpg,normal/normal_00836.jpg,additional_vid3,88
normal/additional_vid3_0089.jpg,normal/normal_00837.jpg,additional_vid3,89
normal/additional_vid3_0090.jpg,normal/normal_00838.jpg,additional_vid3,90
normal/additional_vid3_0091.jpg,normal/normal_00839.jpg,additional_vid3,91
normal/additional_vid3_0092.jpg,normal/normal_00840.jpg,additional_vid3,92
normal/additional_vid3_0093.jpg,normal/normal_00841.jpg,additional_vid3,93
normal/additional_vid3_0094.jpg,normal/normal_00842.jpg,additional_vid3,94
normal/additional_vid3_0095.jpg,normal/normal_00843.jpg,additional_vid3,95
normal/additional_vid3_0096.jpg,normal/normal_00844.jpg,additional_vid3,96
normal/additional_vid3_0097.jpg,normal/normal_00845.jpg,additional_vid3,97
normal/additional_vid3_0098.jpg,normal/normal_00846.jpg,additional_vid3,98
normal/additional_vid3_0099.jpg,normal/normal_00847.jpg,additional_vid3,99
normal/additional_vid3_0100.jpg,normal/normal_00848.jpg,additional_vid3,100
normal/additional_vid3_0101.jpg,normal/normal_00849.jpg,additional_vid3,101
normal/additional_vid3_0102.jpg,normal/normal_00850.jpg,additional_vid3,102
normal/additional_vid3_0103.jpg,normal/normal_00851.jpg,additional_vid3,103
normal/additional_vid3_0104.jpg,normal/normal_00852.jpg,additional_vid3,104
normal/additional_vid3_0105.jpg,normal/normal_00853.jpg,additional_vid3,105
normal/additional_vid3_0106.jpg,normal/normal_00854.jpg,additional_vid3,106
normal/additional_vid3_0107.jpg,normal/normal_00855.jpg,additional_vid3,107
normal/additional_vid3_0108.jpg,normal/normal_00856.jpg,additional_vid3,108
normal/additional_vid3_0109.jpg,normal/normal_00857.jpg,additional_vid3,109
normal/additional_vid3_0110.jpg,normal/normal_00858.jpg,additional_vid3,110
normal/additional_vid3_0111.jpg,normal/normal_00859.jpg,additional_vid3,111
normal/additional_vid3_0112.jpg,normal/normal_00860.jpg,additional_vid3,112
normal/additional_vid3_0113.jpg,normal/normal_00861.jpg,additional_vid3,113
normal/additional_vid3_0114.jpg,normal/normal_00862.jpg,additional_vid3,114
normal/additional_vid3_0115.jpg,normal/normal_00863.jpg,additional_vid3,115
normal/additional_vid3_0116.jpg,normal/normal_00864.jpg,additional_vid3,116
normal/additional_vid3_0117.jpg,normal/normal_00865.jpg,additional_vid3,117
normal/additional_vid3_0118.jpg,normal/normal_00866.jpg,additional_vid3,118
normal/additional_vid3_0119.jpg,normal/normal_00867.jpg,additional_vid3,119
normal/additional_vid3_0120.jpg,normal/normal_00868.jpg,additional_vid3,120
normal/additional_vid3_0121.jpg,normal/normal_00869.jpg,additional_vid3,121
normal/additional_vid3_0122.jpg,normal/normal_00870.jpg,additional_vid3,122
normal/additional_vid3_0123.jpg,normal/normal_00871.jpg,additional_vid3,123
normal/additional_vid3_0124.jpg,normal/normal_00872.jpg,additional_vid3,124
normal/additional_vid3_0125.jpg,normal/normal_00873.jpg,additional_vid3,125
normal/additional_vid3_0126.jpg,normal/normal_00874.jpg,additional_vid3,126
normal/additional_vid3_0127.jpg,normal/normal_00875.jpg,additional_vid3,127
normal/additional_vid3_0128.jpg,normal/normal_00876.jpg,additional_vid3,128
normal/additional_vid3_0129.jpg,normal/normal_00877.jpg,additional_vid3,129
normal/additional_vid3_0130.jpg,normal/normal_00878.jpg,additional_vid3,130
normal/additional_vid3_0131.jpg,normal/normal_00879.jpg,additional_vid3,131
normal/additional_vid3_0132.jpg,normal/normal_00880.jpg,additional_vid3,132
normal/additional_vid3_0133.jpg,normal/normal_00881.jpg,additional_vid3,133
normal/additional_vid3_0134.jpg,normal/normal_00882.jpg,additional_vid3,134
normal/additional_vid3_0135.jpg,normal/normal_00883.jpg,additional_vid3,135
normal/additional_vid3_0136.jpg,normal/normal_00884.jpg,additional_vid3,136
normal/additional_vid3_0137.jpg,normal/normal_00885.jpg,additional_vid3,137
normal/additional_vid3_0138.jpg,normal/normal_00886.jpg,additional_vid3,138
normal/additional_vid3_0139.jpg,normal/normal_00887.jpg,additional_vid3,139
normal/additional_vid3_0140.jpg,normal/normal_00888.jpg,additional_vid3,140
normal/additional_vid3_0141.jpg,normal/normal_00889.jpg,additional_vid3,141
normal/additional_vid3_0142.jpg,normal/normal_00890.jpg,additional_vid3,142
normal/additional_vid3_0143.jpg,normal/normal_00891.jpg,additional_vid3,143
normal/additional_vid3_0144.jpg,normal/normal_00892.jpg,additional_vid3,144
normal/additional_vid3_0145.jpg,normal/normal_00893.jpg,additional_vid3,145
normal/additional_vid3_0146.jpg,normal/normal_00894.jpg,additional_vid3,146
normal/additional_vid3_0147.jpg,normal/normal_00895.jpg,additional_vid3,147
normal/additional_vid3_0148.jpg,normal/normal_00896.jpg,additional_vid3,148
normal/additional_vid3_0149.jpg,normal/normal_00897.jpg,additional_vid3,149
normal/additional_vid3_0150.jpg,normal/normal_00898.jpg,additional_vid3,150
normal/additional_vid3_0151.jpg,normal/normal_00899.jpg,additional_vid3,151
normal/additional_vid3_0152.jpg,normal/normal_00900.jpg,additional_vid3,152
normal/additional_vid3_0153.jpg,normal/normal_00901.jpg,additional_vid3,153
normal/additional_vid3_0154.jpg,normal/normal_00902.jpg,additional_vid3,154
normal/additional_vid3_0155.jpg,normal/normal_00903.jpg,additional_vid3,155
normal/additional_vid3_0156.jpg,normal/normal_00904.jpg,additional_vid3,156
normal/additional_vid3_0157.jpg,normal/normal_00905.jpg,additional_vid3,157
normal/additional_vid3_0158.jpg,normal/normal_00906.jpg,additional_vid3,158
normal/additional_vid3_0159.jpg,normal/normal_00907.jpg,additional_vid3,159
normal/additional_vid3_0160.jpg,normal/normal_00908.jpg,additional_vid3,160
normal/additional_vid3_0161.jpg,normal/normal_00909.jpg,additional_vid3,161
normal/additional_vid3_0162.jpg,normal/normal_00910.jpg,additional_vid3,162
normal/additional_vid3_0163.jpg,normal/normal_00911.jpg,additional_vid3,163
normal/additional_vid3_0164.jpg,normal/normal_00912.jpg,additional_vid3,164
normal/additional_vid3_0165.jpg,normal/normal_00913.jpg,additional_vid3,165
normal/additional_vid3_0166.jpg,normal/normal_00914.jpg,additional_vid3,166
normal/additional_vid3_0167.jpg,normal/normal_00915.jpg,additional_vid3,167
normal/additional_vid3_0168.jpg,normal/normal_00916.jpg,additional_vid3,168
normal/additional_vid3_0169.jpg,normal/normal_00917.jpg,additional_vid3,169
normal/additional_vid3_0170.jpg,normal/normal_00918.jpg,additional_vid3,170
normal/additional_vid3_0171.jpg,normal/normal_00919.jpg,additional_vid3,171
normal/additional_vid3_0172.jpg,normal/normal_00920.jpg,additional_vid3,172
normal/additional_vid3_0173.jpg,normal/normal_00921.jpg,additional_vid3,173
normal/additional_vid3_0174.jpg,normal/normal_00922.jpg,additional_vid3,174
normal/additional_vid3_0175.jpg,normal/normal_00923.jpg,additional_vid3,175
normal/additional_vid3_0176.jpg,normal/normal_00924.jpg,additional_vid3,176
normal/additional_vid3_0177.jpg,normal/normal_00925.jpg,additional_vid3,177
normal/additional_vid3_0178.jpg,normal/normal_00926.jpg,additional_vid3,178
normal/additional_vid3_0179.jpg,normal/normal_00927.jpg,additional_vid3,179
normal/additional_vid3_0180.jpg,normal/normal_00928.jpg,additional_vid3,180
normal/additional_vid3_0181.jpg,normal/normal_00929.jpg,additional_vid3,181
normal/additional_vid3_0182.jpg,normal/normal_00930.jpg,additional_vid3,182
normal/additional_vid3_0183.jpg,normal/normal_00931.jpg,additional_vid3,183
normal/additional_vid3_0184.jpg,normal/normal_00932.jpg,additional_vid3,184
normal/additional_vid3_0185.jpg,normal/normal_00933.jpg,additional_vid3,185
normal/additional_vid3_0186.jpg,normal/normal_00934.jpg,additional_vid3,186
normal/additional_vid3_0187.jpg,normal/normal_00935.jpg,additional_vid3,187
normal/additional_vid3_0188.jpg,normal/normal_00936.jpg,additional_vid3,188
normal/additional_vid3_0189.jpg,normal/normal_00937.jpg,additional_vid3,189
normal/additional_vid3_0190.jpg,normal/normal_00938.jpg,additional_vid3,190
normal/additional_vid3_0191.jpg,normal/normal_00939.jpg,additional_vid3,191
normal/additional_vid3_0192.jpg,normal/normal_00940.jpg,additional_vid3,192
normal/additional_vid3_0193.jpg,normal/normal_00941.jpg,additional_vid3,193
normal/additional_vid3_0194.jpg,normal/normal_00942.jpg,additional_vid3,194
normal/additional_vid3_0195.jpg,normal/normal_00943.jpg,additional_vid3,195
normal/additional_vid3_0196.jpg,normal/normal_00944.jpg,additional_vid3,196
normal/additional_vid3_0197.jpg,normal/normal_00945.jpg,additional_vid3,197
normal/additional_vid3_0198.jpg,normal/normal_00946.jpg,additional_vid3,198
normal/additional_vid3_0199.jpg,normal/normal_00947.jpg,additional_vid3,199
normal/additional_vid3_0200.jpg,normal/normal_00948.jpg,additional_vid3,200
normal/additional_vid3_0201.jpg,normal/normal_00949.jpg,additional_vid3,201
normal/additional_vid3_0202.jpg,normal/normal_00950.jpg,additional_vid3,202
normal/additional_vid3_0203.jpg,normal/normal_00951.jpg,additional_vid3,203
normal/additional_vid3_0204.jpg,normal/normal_00952.jpg,additional_vid3,204
normal/additional_vid3_0205.jpg,normal/normal_00953.jpg,additional_vid3,205
normal/additional_vid3_0206.jpg,normal/normal_00954.jpg,additional_vid3,206
normal/additional_vid3_0207.jpg,normal/normal_00955.jpg,additional_vid3,207
normal/additional_vid3_0208.jpg,normal/normal_00956.jpg,additional_vid3,208
normal/additional_vid3_0209.jpg,normal/normal_00957.jpg,additional_vid3,209
normal/additional_vid3_0210.jpg,normal/normal_00958.jpg,additional_vid3,210
normal/additional_vid3_0211.jpg,normal/normal_00959.jpg,additional_vid3,211
normal/additional_vid3_0212.jpg,normal/normal_00960.jpg,additional_vid3,212
normal/additional_vid3_0213.jpg,normal/normal_00961.jpg,additional_vid3,213
normal/additional_vid3_0214.jpg,normal/normal_00962.jpg,additional_vid3,214
normal/additional_vid3_0215.jpg,normal/normal_00963.jpg,additional_vid3,215
normal/additional_vid3_0216.jpg,normal/normal_00964.jpg,additional_vid3,216
normal/additional_vid3_0217.jpg,normal/normal_00965.jpg,additional_vid3,217
normal/additional_vid3_0218.jpg,normal/normal_00966.jpg,additional_vid3,218
normal/additional_vid3_0219.jpg,normal/normal_00967.jpg,additional_vid3,219
normal/additional_vid3_0220.jpg,normal/normal_00968.jpg,additional_vid3,220
normal/additional_vid3_0221.jpg,normal/normal_00969.jpg,additional_vid3,221
normal/additional_vid3_0222.jpg,normal/normal_00970.jpg,additional_vid3,222
normal/additional_vid3_0223.jpg,normal/normal_00971.jpg,additional_vid3,223
normal/additional_vid3_0224.jpg,normal/normal_00972.jpg,additional_vid3,224
normal/additional_vid3_0225.jpg,normal/normal_00973.jpg,additional_vid3,225
normal/additional_vid3_0226.jpg,normal/normal_00974.jpg,additional_vid3,226
normal/additional_vid3_0227.jpg,normal/normal_00975.jpg,additional_vid3,227
normal/additional_vid3_0228.jpg,normal/normal_00976.jpg,additional_vid3,228
normal/additional_vid3_0229.jpg,normal/normal_00977.jpg,additional_vid3,229
normal/additional_vid3_0230.jpg,normal/normal_00978.jpg,additional_vid3,230
normal/additional_vid3_0231.jpg,normal/normal_00979.jpg,additional_vid3,231
normal/additional_vid3_0232.jpg,normal/normal_00980.jpg,additional_vid3,232
normal/additional_vid3_0233.jpg,normal/normal_00981.jpg,additional_vid3,233
normal/additional_vid3_0234.jpg,normal/normal_00982.jpg,additional_vid3,234
normal/additional_vid3_0235.jpg,normal/normal_00983.jpg,additional_vid3,235
normal/additional_vid3_0236.jpg,normal/normal_00984.jpg,additional_vid3,236
normal/additional_vid3_0237.jpg,normal/normal_00985.jpg,additional_vid3,237
normal/additional_vid3_0238.jpg,normal/normal_00986.jpg,additional_vid3,238
normal/additional_vid3_0239.jpg,normal/normal_00987.jpg,additional_vid3,239
normal/additional_vid3_0240.jpg,normal/normal_00988.jpg,additional_vid3,240
normal/additional_vid3_0241.jpg,normal/normal_00989.jpg,additional_vid3,241
normal/additional_vid3_0242.jpg,normal/normal_00990.jpg,additional_vid3,242
normal/additional_vid3_0243.jpg,normal/normal_00991.jpg,additional_vid3,243
normal/additional_vid3_0244.jpg,normal/normal_00992.jpg,additional_vid3,244
normal/additional_vid3_0245.jpg,normal/normal_00993.jpg,additional_vid3,245
normal/additional_vid3_0246.jpg,normal/normal_00994.jpg,additional_vid3,246
normal/additional_vid3_0247.jpg,normal/normal_00995.jpg,additional_vid3,247
normal/additional_vid3_0248.jpg,normal/normal_00996.jpg,additional_vid3,248
normal/additional_vid3_0249.jpg,normal/normal_00997.jpg,additional_vid3,249
normal/additional_vid3_0250.jpg,normal/normal_00998.jpg,additional_vid3,250
normal/additional_vid3_0251.jpg,normal/normal_00999.jpg,additional_vid3,251
normal/additional_vid3_0252.jpg,normal/normal_01000.jpg,additional_vid3,252
normal/additional_vid3_0253.jpg,normal/normal_01001.jpg,additional_vid3,253
normal/additional_vid3_0254.jpg,normal/normal_01002.jpg,additional_vid3,254
normal/additional_vid3_0255.jpg,normal/normal_01003.jpg,additional_vid3,255
normal/additional_vid3_0256.jpg,normal/normal_01004.jpg,additional_vid3,256
normal/additional_vid3_0257.jpg,normal/normal_01005.jpg,additional_vid3,257
normal/additional_vid3_0258.jpg,normal/normal_01006.jpg,additional_vid3,258
normal/additional_vid3_0259.jpg,normal/normal_01007.jpg,additional_vid3,259
normal/additional_vid3_0260.jpg,normal/normal_01008.jpg,additional_vid3,260
normal/additional_vid3_0261.jpg,normal/normal_01009.jpg,additional_vid3,261
normal/additional_vid3_0262.jpg,normal/normal_01010.jpg,additional_vid3,262
normal/additional_vid3_0263.jpg,normal/normal_01011.jpg,additional_vid3,263
normal/additional_vid3_0264.jpg,normal/normal_01012.jpg,additional_vid3,264
normal/additional_vid3_0265.jpg,normal/normal_01013.jpg,additional_vid3,265
normal/additional_vid3_0266.jpg,normal/normal_01014.jpg,additional_vid3,266
normal/additional_vid3_0267.jpg,normal/normal_01015.jpg,additional_vid3,267
normal/additional_vid3_0268.jpg,normal/normal_01016.jpg,additional_vid3,268
normal/additional_vid3_0269.jpg,normal/normal_01017.jpg,additional_vid3,269
normal/additional_vid3_0270.jpg,normal/normal_01018.jpg,additional_vid3,270
normal/additional_vid3_0271.jpg,normal/normal_01019.jpg,additional_vid3,271
normal/additional_vid3_0272.jpg,normal/normal_01020.jpg,additional_vid3,272
normal/additional_vid3_0273.jpg,normal/normal_01021.jpg,additional_vid3,273
normal/additional_vid3_0274.jpg,normal/normal_01022.jpg,additional_vid3,274
normal/additional_vid3_0275.jpg,normal/normal_01023.jpg,additional_vid3,275
normal/additional_vid3_0276.jpg,normal/normal_01024.jpg,additional_vid3,276
normal/additional_vid3_0277.jpg,normal/normal_01025.jpg,additional_vid3,277
normal/additional_vid3_0278.jpg,normal/normal_01026.jpg,additional_vid3,278
normal/additional_vid3_0279.jpg,normal/normal_01027.jpg,additional_vid3,279
normal/additional_vid3_0280.jpg,normal/normal_01028.jpg,additional_vid3,280
normal/additional_vid3_0281.jpg,normal/normal_01029.jpg,additional_vid3,281
normal/additional_vid3_0282.jpg,normal/normal_01030.jpg,additional_vid3,282
normal/additional_vid3_0283.jpg,normal/normal_01031.jpg,additional_vid3,283
normal/additional_vid3_0284.jpg,normal/normal_01032.jpg,additional_vid3,284
normal/additional_vid3_0285.jpg,normal/normal_01033.jpg,additional_vid3,285
normal/additional_vid3_0286.jpg,normal/normal_01034.jpg,additional_vid3,286
normal/additional_vid3_0287.jpg,normal/normal_01035.jpg,additional_vid3,287
normal/additional_vid3_0288.jpg,normal/normal_01036.jpg,additional_vid3,288
normal/additional_vid3_0289.jpg,normal/normal_01037.jpg,additional_vid3,289
normal/additional_vid3_0290.jpg,normal/normal_01038.jpg,additional_vid3,290
normal/additional_vid3_0291.jpg,normal/normal_01039.jpg,additional_vid3,291
normal/additional_vid3_0292.jpg,normal/normal_01040.jpg,additional_vid3,292
normal/additional_vid3_0293.jpg,normal/normal_01041.jpg,additional_vid3,293
normal/additional_vid3_0294.jpg,normal/normal_01042.jpg,additional_vid3,294
normal/additional_vid3_0295.jpg,normal/normal_01043.jpg,additional_vid3,295
normal/additional_vid3_0296.jpg,normal/normal_01044.jpg,additional_vid3,296
normal/additional_vid3_0297.jpg,normal/normal_01045.jpg,additional_vid3,297
normal/additional_vid3_0298.jpg,normal/normal_01046.jpg,additional_vid3,298
normal/additional_vid3_0299.jpg,normal/normal_01047.jpg,additional_vid3,299
normal/additional_vid3_0300.jpg,normal/normal_01048.jpg,additional_vid3,300
normal/additional_vid3_0301.jpg,normal/normal_01049.jpg,additional_vid3,301
normal/additional_vid3_0302.jpg,normal/normal_01050.jpg,additional_vid3,302
normal/additional_vid3_0303.jpg,normal/normal_01051.jpg,additional_vid3,303
normal/additional_vid3_0304.jpg,normal/normal_01052.jpg,additional_vid3,304
normal/additional_vid3_0305.jpg,normal/normal_01053.jpg,additional_vid3,305
normal/additional_vid3_0306.jpg,normal/normal_01054.jpg,additional_vid3,306
normal/additional_vid3_0307.jpg,normal/normal_01055.jpg,additional_vid3,307
normal/additional_vid3_0308.jpg,normal/normal_01056.jpg,additional_vid3,308
normal/additional_vid3_0309.jpg,normal/normal_01057.jpg,additional_vid3,309
normal/additional_vid3_0310.jpg,normal/normal_01058.jpg,additional_vid3,310
normal/additional_vid3_0311.jpg,normal/normal_01059.jpg,additional_vid3,311
normal/additional_vid3_0312.jpg,normal/normal_01060.jpg,additional_vid3,312
normal/additional_vid3_0313.jpg,normal/normal_01061.jpg,additional_vid3,313
normal/additional_vid3_0314.jpg,normal/normal_01062.jpg,additional_vid3,314
normal/additional_vid3_0315.jpg,normal/normal_01063.jpg,additional_vid3,315
normal/additional_vid3_0316.jpg,normal/normal_01064.jpg,additional_vid3,316
normal/additional_vid3_0317.jpg,normal/normal_01065.jpg,additional_vid3,317
normal/additional_vid3_0318.jpg,normal/normal_01066.jpg,additional_vid3,318
normal/additional_vid3_0319.jpg,normal/normal_01067.jpg,additional_vid3,319
normal/additional_vid3_0320.jpg,normal/normal_01068.jpg,additional_vid3,320
normal/additional_vid3_0321.jpg,normal/normal_01069.jpg,additional_vid3,321
normal/additional_vid3_0322.jpg,normal/normal_01070.jpg,additional_vid3,322
normal/additional_vid3_0323.jpg,normal/normal_01071.jpg,additional_vid3,323
normal/additional_vid3_0324.jpg,normal/normal_01072.jpg,additional_vid3,324
normal/additional_vid3_0325.jpg,normal/normal_01073.jpg,additional_vid3,325
normal/additional_vid3_0326.jpg,normal/normal_01074.jpg,additional_vid3,326
normal/additional_vid3_0327.jpg,normal/normal_01075.jpg,additional_vid3,327
normal/additional_vid3_0328.jpg,normal/normal_01076.jpg,additional_vid3,328
normal/additional_vid3_0329.jpg,normal/normal_01077.jpg,additional_vid3,329
normal/additional_vid3_0330.jpg,normal/normal_01078.jpg,additional_vid3,330
normal/additional_vid3_0331.jpg,normal/normal_01079.jpg,additional_vid3,331
normal/additional_vid3_0332.jpg,normal/normal_01080.jpg,additional_vid3,332
normal/additional_vid3_0333.jpg,normal/normal_01081.jpg,additional_vid3,333
normal/additional_vid3_0334.jpg,normal/normal_01082.jpg,additional_vid3,334
normal/additional_vid3_0335.jpg,normal/normal_01083.jpg,additional_vid3,335
normal/additional_vid3_0336.jpg,normal/normal_01084.jpg,additional_vid3,336
normal/additional_vid3_0337.jpg,normal/normal_01085.jpg,additional_vid3,337
normal/additional_vid3_0338.jpg,normal/normal_01086.jpg,additional_vid3,338
normal/additional_vid3_0339.jpg,normal/normal_01087.jpg,additional_vid3,339
normal/additional_vid3_0340.jpg,normal/normal_01088.jpg,additional_vid3,340
normal/additional_vid3_0341.jpg,normal/normal_01089.jpg,additional_vid3,341
normal/additional_vid3_0342.jpg,normal/normal_01090.jpg,additional_vid3,342
normal/additional_vid3_0343.jpg,normal/normal_01091.jpg,additional_vid3,343
normal/additional_vid3_0344.jpg,normal/normal_01092.jpg,additional_vid3,344
normal/additional_vid3_0345.jpg,normal/normal_01093.jpg,additional_vid3,345
normal/additional_vid3_0346.jpg,normal/normal_01094.jpg,additional_vid3,346
normal/additional_vid3_0347.jpg,normal/normal_01095.jpg,additional_vid3,347
normal/additional_vid3_0348.jpg,normal/normal_01096.jpg,additional_vid3,348
normal/additional_vid3_0349.jpg,normal/normal_01097.jpg,additional_vid3,349
normal/additional_vid3_0350.jpg,normal/normal_01098.jpg,additional_vid3,350
normal/additional_vid3_0351.jpg,normal/normal_01099.jpg,additional_vid3,351
normal/additional_vid3_0352.jpg,normal/normal_01100.jpg,additional_vid3,352
normal/additional_vid3_0353.jpg,normal/normal_01101.jpg,additional_vid3,353
normal/additional_vid3_0354.jpg,normal/normal_01102.jpg,additional_vid3,354
normal/additional_vid3_0355.jpg,normal/normal_01103.jpg,additional_vid3,355
normal/additional_vid3_0356.jpg,normal/normal_01104.jpg,additional_vid3,356
normal/additional_vid3_0357.jpg,normal/normal_01105.jpg,additional_vid3,357
normal/additional_vid3_0358.jpg,normal/normal_01106.jpg,additional_vid3,358
normal/additional_vid3_0359.jpg,normal/normal_01107.jpg,additional_vid3,359
normal/additional_vid3_0360.jpg,normal/normal_01108.jpg,additional_vid3,360
normal/additional_vid3_0361.jpg,normal/normal_01109.jpg,additional_vid3,361
normal/additional_vid3_0362.jpg,normal/normal_01110.jpg,additional_vid3,362
normal/additional_vid3_0363.jpg,normal/normal_01111.jpg,additional_vid3,363
normal/additional_vid3_0364.jpg,normal/normal_01112.jpg,additional_vid3,364
normal/additional_vid3_0365.jpg,normal/normal_01113.jpg,additional_vid3,365
normal/additional_vid3_0366.jpg,normal/normal_01114.jpg,additional_vid3,366
normal/additional_vid3_0367.jpg,normal/normal_01115.jpg,additional_vid3,367
normal/additional_vid3_0368.jpg,normal/normal_01116.jpg,additional_vid3,368
normal/additional_vid3_0369.jpg,normal/normal_01117.jpg,additional_vid3,369
normal/additional_vid3_0370.jpg,normal/normal_01118.jpg,additional_vid3,370
normal/additional_vid3_0371.jpg,normal/normal_01119.jpg,additional_vid3,371
normal/additional_vid3_0372.jpg,normal/normal_01120.jpg,additional_vid3,372
normal/additional_vid3_0373.jpg,normal/normal_01121.jpg,additional_vid3,373
normal/additional_vid3_0374.jpg,normal/normal_01122.jpg,additional_vid3,374
normal/additional_vid3_0375.jpg,normal/normal_01123.jpg,additional_vid3,375
normal/additional_vid3_0376.jpg,normal/normal_01124.jpg,additional_vid3,376
normal/additional_vid3_0377.jpg,normal/normal_01125.jpg,additional_vid3,377
normal/additional_vid3_0378.jpg,normal/normal_01126.jpg,additional_vid3,378
normal/additional_vid3_0379.jpg,normal/normal_01127.jpg,additional_vid3,379
normal/additional_vid3_0380.jpg,normal/normal_01128.jpg,additional_vid3,380
normal/additional_vid3_0381.jpg,normal/normal_01129.jpg,additional_vid3,381
normal/additional_vid3_0382.jpg,normal/normal_01130.jpg,additional_vid3,382
normal/additional_vid3_0383.jpg,normal/normal_01131.jpg,additional_vid3,383
normal/additional_vid3_0384.jpg,normal/normal_01132.jpg,additional_vid3,384
normal/additional_vid3_0385.jpg,normal/normal_01133.jpg,additional_vid3,385
normal/additional_vid3_0386.jpg,normal/normal_01134.jpg,additional_vid3,386
normal/additional_vid3_0387.jpg,normal/normal_01135.jpg,additional_vid3,387
normal/additional_vid3_0388.jpg,normal/normal_01136.jpg,additional_vid3,388
normal/additional_vid3_0389.jpg,normal/normal_01137.jpg,additional_vid3,389
normal/additional_vid3_0390.jpg,normal/normal_01138.jpg,additional_vid3,390
normal/additional_vid3_0391.jpg,normal/normal_01139.jpg,additional_vid3,391
normal/additional_vid3_0392.jpg,normal/normal_01140.jpg,additional_vid3,392
normal/additional_vid3_0393.jpg,normal/normal_01141.jpg,additional_vid3,393
normal/additional_vid3_0394.jpg,normal/normal_01142.jpg,additional_vid3,394
normal/additional_vid3_0395.jpg,normal/normal_01143.jpg,additional_vid3,395
normal/additional_vid3_0396.jpg,normal/normal_01144.jpg,additional_vid3,396
normal/additional_vid3_0397.jpg,normal/normal_01145.jpg,additional_vid3,397
normal/additional_vid3_0398.jpg,normal/normal_01146.jpg,additional_vid3,398
normal/additional_vid3_0399.jpg,normal/normal_01147.jpg,additional_vid3,399
normal/additional_vid3_0400.jpg,normal/normal_01148.jpg,additional_vid3,400
normal/additional_vid3_0401.jpg,normal/normal_01149.jpg,additional_vid3,401
normal/additional_vid3_0402.jpg,normal/normal_01150.jpg,additional_vid3,402
normal/additional_vid3_0403.jpg,normal/normal_01151.jpg,additional_vid3,403
normal/additional_vid3_0404.jpg,normal/normal_01152.jpg,additional_vid3,404
normal/additional_vid3_0405.jpg,normal/normal_01153.jpg,additional_vid3,405
normal/additional_vid3_0406.jpg,normal/normal_01154.jpg,additional_vid3,406
normal/additional_vid3_0407.jpg,normal/normal_01155.jpg,additional_vid3,407
normal/additional_vid3_0408.jpg,normal/normal_01156.jpg,additional_vid3,408
normal/additional_vid3_0409.jpg,normal/normal_01157.jpg,additional_vid3,409
normal/additional_vid3_0410.jpg,normal/normal_01158.jpg,additional_vid3,410
normal/additional_vid3_0411.jpg,normal/normal_01159.jpg,additional_vid3,411
normal/additional_vid3_0412.jpg,normal/normal_01160.jpg,additional_vid3,412
normal/additional_vid3_0413.jpg,normal/normal_01161.jpg,additional_vid3,413
normal/additional_vid3_0414.jpg,normal/normal_01162.jpg,additional_vid3,414
normal/additional_vid3_0415.jpg,normal/normal_01163.jpg,additional_vid3,415
normal/additional_vid3_0416.jpg,normal/normal_01164.jpg,additional_vid3,416
normal/additional_vid3_0417.jpg,normal/normal_01165.jpg,additional_vid3,417
normal/additional_vid3_0418.jpg,normal/normal_01166.jpg,additional_vid3,418
normal/additional_vid3_0419.jpg,normal/normal_01167.jpg,additional_vid3,419
normal/additional_vid3_0420.jpg,normal/normal_01168.jpg,additional_vid3,420
normal/additional_vid3_0421.jpg,normal/normal_01169.jpg,additional_vid3,421
normal/additional_vid3_0422.jpg,normal/normal_01170.jpg,additional_vid3,422
normal/additional_vid3_0423.jpg,normal/normal_01171.jpg,additional_vid3,423
normal/additional_vid3_0424.jpg,normal/normal_01172.jpg,additional_vid3,424
normal/additional_vid3_0425.jpg,normal/normal_01173.jpg,additional_vid3,425
normal/additional_vid3_0426.jpg,normal/normal_01174.jpg,additional_vid3,426
normal/additional_vid3_0427.jpg,normal/normal_01175.jpg,additional_vid3,427
normal/additional_vid3_0428.jpg,normal/normal_01176.jpg,additional_vid3,428
normal/additional_vid3_0429.jpg,normal/normal_01177.jpg,additional_vid3,429
normal/additional_vid3_0430.jpg,normal/normal_01178.jpg,additional_vid3,430
normal/additional_vid3_0431.jpg,normal/normal_01179.jpg,additional_vid3,431
normal/additional_vid3_0432.jpg,normal/normal_01180.jpg,additional_vid3,432
normal/additional_vid3_0433.jpg,normal/normal_01181.jpg,additional_vid3,433
normal/additional_vid3_0434.jpg,normal/normal_01182.jpg,additional_vid3,434
normal/additional_vid3_0435.jpg,normal/normal_01183.jpg,additional_vid3,435
normal/additional_vid3_0436.jpg,normal/normal_01184.jpg,additional_vid3,436
normal/additional_vid3_0437.jpg,normal/normal_01185.jpg,additional_vid3,437
normal/additional_vid3_0438.jpg,normal/normal_01186.jpg,additional_vid3,438
normal/additional_vid3_0439.jpg,normal/normal_01187.jpg,additional_vid3,439
normal/additional_vid3_0440.jpg,normal/normal_01188.jpg,additional_vid3,440
normal/additional_vid3_0441.jpg,normal/normal_01189.jpg,additional_vid3,441
normal/additional_vid3_0442.jpg,normal/normal_01190.jpg,additional_vid3,442
normal/additional_vid3_0443.jpg,normal/normal_01191.jpg,additional_vid3,443
normal/additional_vid3_0444.jpg,normal/normal_01192.jpg,additional_vid3,444
normal/additional_vid3_0445.jpg,normal/normal_01193.jpg,additional_vid3,445
normal/additional_vid3_0446.jpg,normal/normal_01194.jpg,additional_vid3,446
normal/additional_vid3_0447.jpg,normal/normal_01195.jpg,additional_vid3,447
normal/additional_vid3_0448.jpg,normal/normal_01196.jpg,additional_vid3,448
normal/additional_vid3_0449.jpg,normal/normal_01197.jpg,additional_vid3,449
normal/additional_vid3_0450.jpg,normal/normal_01198.jpg,additional_vid3,450
normal/additional_vid3_0451.jpg,normal/normal_01199.jpg,additional_vid3,451
normal/additional_vid3_0452.jpg,normal/normal_01200.jpg,additional_vid3,452
normal/additional_vid3_0453.jpg,normal/normal_01201.jpg,additional_vid3,453
normal/additional_vid3_0454.jpg,normal/normal_01202.jpg,additional_vid3,454
normal/additional_vid3_0455.jpg,normal/normal_01203.jpg,additional_vid3,455
normal/additional_vid3_0456.jpg,normal/normal_01204.jpg,additional_vid3,456
normal/additional_vid3_0457.jpg,normal/normal_01205.jpg,additional_vid3,457
normal/additional_vid3_0458.jpg,normal/normal_01206.jpg,additional_vid3,458
normal/additional_vid3_0459.jpg,normal/normal_01207.jpg,additional_vid3,459
normal/additional_vid3_0460.jpg,normal/normal_01208.jpg,additional_vid3,460
normal/additional_vid3_0461.jpg,normal/normal_01209.jpg,additional_vid3,461
normal/additional_vid3_0462.jpg,normal/normal_01210.jpg,additional_vid3,462
normal/additional_vid3_0463.jpg,normal/normal_01211.jpg,additional_vid3,463
normal/additional_vid3_0464.jpg,normal/normal_01212.jpg,additional_vid3,464
normal/additional_vid3_0465.jpg,normal/normal_01213.jpg,additional_vid3,465
normal/additional_vid4_0001.jpg,normal/normal_01214.jpg,additional_vid4,1
normal/additional_vid4_0002.jpg,normal/normal_01215.jpg,additional_vid4,2
normal/additional_vid4_0003.jpg,normal/normal_01216.jpg,additional_vid4,3
normal/additional_vid4_0004.jpg,normal/normal_01217.jpg,additional_vid4,4
normal/additional_vid4_0005.jpg,normal/normal_01218.jpg,additional_vid4,5
normal/additional_vid4_0006.jpg,normal/normal_01219.jpg,additional_vid4,6
normal/additional_vid4_0007.jpg,normal/normal_01220.jpg,additional_vid4,7
normal/additional_vid4_0008.jpg,normal/normal_01221.jpg,additional_vid4,8
normal/additional_vid4_0009.jpg,normal/normal_01222.jpg,additional_vid4,9
normal/additional_vid4_0010.jpg,normal/normal_01223.jpg,additional_vid4,10
normal/additional_vid4_0011.jpg,normal/normal_01224.jpg,additional_vid4,11
normal/additional_vid4_0012.jpg,normal/normal_01225.jpg,additional_vid4,12
normal/additional_vid4_0013.jpg,normal/normal_01226.jpg,additional_vid4,13
normal/additional_vid4_0014.jpg,normal/normal_01227.jpg,additional_vid4,14
normal/additional_vid4_0015.jpg,normal/normal_01228.jpg,additional_vid4,15
normal/additional_vid4_0016.jpg,normal/normal_01229.jpg,additional_vid4,16
normal/additional_vid4_0017.jpg,normal/normal_01230.jpg,additional_vid4,17
normal/additional_vid4_0018.jpg,normal/normal_01231.jpg,additional_vid4,18
normal/additional_vid4_0019.jpg,normal/normal_01232.jpg,additional_vid4,19
normal/additional_vid4_0020.jpg,normal/normal_01233.jpg,additional_vid4,20
normal/additional_vid4_0021.jpg,normal/normal_01234.jpg,additional_vid4,21
normal/additional_vid4_0022.jpg,normal/normal_01235.jpg,additional_vid4,22
normal/additional_vid4_0023.jpg,normal/normal_01236.jpg,additional_vid4,23
normal/additional_vid4_0024.jpg,normal/normal_01237.jpg,additional_vid4,24
normal/additional_vid4_0025.jpg,normal/normal_01238.jpg,additional_vid4,25
normal/additional_vid4_0026.jpg,normal/normal_01239.jpg,additional_vid4,26
normal/additional_vid4_0027.jpg,normal/normal_01240.jpg,additional_vid4,27
normal/additional_vid4_0028.jpg,normal/normal_01241.jpg,additional_vid4,28
normal/additional_vid4_0029.jpg,normal/normal_01242.jpg,additional_vid4,29
normal/additional_vid4_0030.jpg,normal/normal_01243.jpg,additional_vid4,30
normal/additional_vid4_0031.jpg,normal/normal_01244.jpg,additional_vid4,31
normal/additional_vid4_0032.jpg,normal/normal_01245.jpg,additional_vid4,32
normal/additional_vid4_0033.jpg,normal/normal_01246.jpg,additional_vid4,33
normal/additional_vid4_0034.jpg,normal/normal_01247.jpg,additional_vid4,34
normal/additional_vid4_0035.jpg,normal/normal_01248.jpg,additional_vid4,35
normal/additional_vid4_0036.jpg,normal/normal_01249.jpg,additional_vid4,36
normal/additional_vid4_0037.jpg,normal/normal_01250.jpg,additional_vid4,37
normal/additional_vid4_0038.jpg,normal/normal_01251.jpg,additional_vid4,38
normal/additional_vid4_0039.jpg,normal/normal_01252.jpg,additional_vid4,39
normal/additional_vid4_0040.jpg,normal/normal_01253.jpg,additional_vid4,40
normal/additional_vid4_0041.jpg,normal/normal_01254.jpg,additional_vid4,41
normal/additional_vid4_0042.jpg,normal/normal_01255.jpg,additional_vid4,42
normal/additional_vid4_0043.jpg,normal/normal_01256.jpg,additional_vid4,43
normal/additional_vid4_0044.jpg,normal/normal_01257.jpg,additional_vid4,44
normal/additional_vid4_0045.jpg,normal/normal_01258.jpg,additional_vid4,45
normal/additional_vid4_0046.jpg,normal/normal_01259.jpg,additional_vid4,46
normal/additional_vid4_0047.jpg,normal/normal_01260.jpg,additional_vid4,47
normal/additional_vid4_0048.jpg,normal/normal_01261.jpg,additional_vid4,48
normal/additional_vid4_0049.jpg,normal/normal_01262.jpg,additional_vid4,49
normal/additional_vid4_0050.jpg,normal/normal_01263.jpg,additional_vid4,50
normal/additional_vid4_0051.jpg,normal/normal_01264.jpg,additional_vid4,51
normal/additional_vid4_0052.jpg,normal/normal_01265.jpg,additional_vid4,52
normal/additional_vid4_0053.jpg,normal/normal_01266.jpg,additional_vid4,53
normal/additional_vid4_0054.jpg,normal/normal_01267.jpg,additional_vid4,54
normal/additional_vid4_0055.jpg,normal/normal_01268.jpg,additional_vid4,55
normal/additional_vid4_0056.jpg,normal/normal_01269.jpg,additional_vid4,56
normal/additional_vid4_0057.jpg,normal/normal_01270.jpg,additional_vid4,57
normal/additional_vid4_0058.jpg,normal/normal_01271.jpg,additional_vid4,58
normal/additional_vid4_0059.jpg,normal/normal_01272.jpg,additional_vid4,59
normal/additional_vid4_0060.jpg,normal/normal_01273.jpg,additional_vid4,60
normal/additional_vid4_0061.jpg,normal/normal_01274.jpg,additional_vid4,61
normal/additional_vid4_0062.jpg,normal/normal_01275.jpg,additional_vid4,62
normal/additional_vid4_0063.jpg,normal/normal_01276.jpg,additional_vid4,63
normal/additional_vid4_0064.jpg,normal/normal_01277.jpg,additional_vid4,64
normal/additional_vid4_0065.jpg,normal/normal_01278.jpg,additional_vid4,65
normal/additional_vid4_0066.jpg,normal/normal_01279.jpg,additional_vid4,66
normal/additional_vid4_0067.jpg,normal/normal_01280.jpg,additional_vid4,67
normal/additional_vid4_0068.jpg,normal/normal_01281.jpg,additional_vid4,68
normal/additional_vid4_0069.jpg,normal/normal_01282.jpg,additional_vid4,69
normal/additional_vid4_0070.jpg,normal/normal_01283.jpg,additional_vid4,70
normal/additional_vid4_0071.jpg,normal/normal_01284.jpg,additional_vid4,71
normal/additional_vid4_0072.jpg,normal/normal_01285.jpg,additional_vid4,72
normal/additional_vid4_0073.jpg,normal/normal_01286.jpg,additional_vid4,73
normal/additional_vid4_0074.jpg,normal/normal_01287.jpg,additional_vid4,74
normal/additional_vid4_0075.jpg,normal/normal_01288.jpg,additional_vid4,75
normal/additional_vid4_0076.jpg,normal/normal_01289.jpg,additional_vid4,76
normal/additional_vid4_0077.jpg,normal/normal_01290.jpg,additional_vid4,77
normal/additional_vid4_0078.jpg,normal/normal_01291.jpg,additional_vid4,78
normal/additional_vid4_0079.jpg,normal/normal_01292.jpg,additional_vid4,79
normal/additional_vid4_0080.jpg,normal/normal_01293.jpg,additional_vid4,80
normal/additional_vid4_0081.jpg,normal/normal_01294.jpg,additional_vid4,81
normal/additional_vid4_0082.jpg,normal/normal_01295.jpg,additional_vid4,82
normal/additional_vid4_0083.jpg,normal/normal_01296.jpg,additional_vid4,83
normal/additional_vid4_0084.jpg,normal/normal_01297.jpg,additional_vid4,84
normal/additional_vid4_0085.jpg,normal/normal_01298.jpg,additional_vid4,85
normal/additional_vid4_0086.jpg,normal/normal_01299.jpg,additional_vid4,86
normal/additional_vid4_0087.jpg,normal/normal_01300.jpg,additional_vid4,87
normal/additional_vid4_0088.jpg,normal/normal_01301.jpg,additional_vid4,88
normal/additional_vid4_0089.jpg,normal/normal_01302.jpg,additional_vid4,89
normal/additional_vid4_0090.jpg,normal/normal_01303.jpg,additional_vid4,90
normal/additional_vid4_0091.jpg,normal/normal_01304.jpg,additional_vid4,91
normal/additional_vid4_0092.jpg,normal/normal_01305.jpg,additional_vid4,92
normal/additional_vid4_0093.jpg,normal/normal_01306.jpg,additional_vid4,93
normal/additional_vid4_0094.jpg,normal/normal_01307.jpg,additional_vid4,94
normal/additional_vid4_0095.jpg,normal/normal_01308.jpg,additional_vid4,95
normal/additional_vid4_0096.jpg,normal/normal_01309.jpg,additional_vid4,96
normal/additional_vid4_0097.jpg,normal/normal_01310.jpg,additional_vid4,97
normal/additional_vid4_0098.jpg,normal/normal_01311.jpg,additional_vid4,98
normal/additional_vid4_0099.jpg,normal/normal_01312.jpg,additional_vid4,99
normal/additional_vid4_0100.jpg,normal/normal_01313.jpg,additional_vid4,100
normal/additional_vid4_0101.jpg,normal/normal_01314.jpg,additional_vid4,101
normal/additional_vid4_0102.jpg,normal/normal_01315.jpg,additional_vid4,102
normal/additional_vid4_0103.jpg,normal/normal_01316.jpg,additional_vid4,103
normal/additional_vid4_0104.jpg,normal/normal_01317.jpg,additional_vid4,104
normal/additional_vid4_0105.jpg,normal/normal_01318.jpg,additional_vid4,105
normal/additional_vid4_0106.jpg,normal/normal_01319.jpg,additional_vid4,106
normal/additional_vid4_0107.jpg,normal/normal_01320.jpg,additional_vid4,107
normal/additional_vid4_0108.jpg,normal/normal_01321.jpg,additional_vid4,108
normal/additional_vid4_0109.jpg,normal/normal_01322.jpg,additional_vid4,109
normal/additional_vid4_0110.jpg,normal/normal_01323.jpg,additional_vid4,110
normal/additional_vid4_0111.jpg,normal/normal_01324.jpg,additional_vid4,111
normal/additional_vid4_0112.jpg,normal/normal_01325.jpg,additional_vid4,112
normal/additional_vid4_0113.jpg,normal/normal_01326.jpg,additional_vid4,113
normal/additional_vid4_0114.jpg,normal/normal_01327.jpg,additional_vid4,114
normal/additional_vid4_0115.jpg,normal/normal_01328.jpg,additional_vid4,115
normal/additional_vid4_0116.jpg,normal/normal_01329.jpg,additional_vid4,116
normal/additional_vid4_0117.jpg,normal/normal_01330.jpg,additional_vid4,117
normal/additional_vid4_0118.jpg,normal/normal_01331.jpg,additional_vid4,118
normal/additional_vid4_0119.jpg,normal/normal_01332.jpg,additional_vid4,119
normal/additional_vid4_0120.jpg,normal/normal_01333.jpg,additional_vid4,120
normal/additional_vid4_0121.jpg,normal/normal_01334.jpg,additional_vid4,121
normal/additional_vid4_0122.jpg,normal/normal_01335.jpg,additional_vid4,122
normal/additional_vid4_0123.jpg,normal/normal_01336.jpg,additional_vid4,123
normal/additional_vid4_0124.jpg,normal/normal_01337.jpg,additional_vid4,124
normal/additional_vid4_0125.jpg,normal/normal_01338.jpg,additional_vid4,125
normal/additional_vid4_0126.jpg,normal/normal_01339.jpg,additional_vid4,126
normal/additional_vid4_0127.jpg,normal/normal_01340.jpg,additional_vid4,127
normal/additional_vid4_0128.jpg,normal/normal_01341.jpg,additional_vid4,128
normal/additional_vid4_0129.jpg,normal/normal_01342.jpg,additional_vid4,129
normal/additional_vid4_0130.jpg,normal/normal_01343.jpg,additional_vid4,130
normal/additional_vid4_0131.jpg,normal/normal_01344.jpg,additional_vid4,131
normal/additional_vid4_0132.jpg,normal/normal_01345.jpg,additional_vid4,132
normal/additional_vid4_0133.jpg,normal/normal_01346.jpg,additional_vid4,133
normal/additional_vid4_0134.jpg,normal/normal_01347.jpg,additional_vid4,134
normal/additional_vid4_0135.jpg,normal/normal_01348.jpg,additional_vid4,135
normal/additional_vid4_0136.jpg,normal/normal_01349.jpg,additional_vid4,136
normal/additional_vid4_0137.jpg,normal/normal_01350.jpg,additional_vid4,137
normal/additional_vid4_0138.jpg,normal/normal_01351.jpg,additional_vid4,138
normal/additional_vid4_0139.jpg,normal/normal_01352.jpg,additional_vid4,139
normal/additional_vid4_0140.jpg,normal/normal_01353.jpg,additional_vid4,140
normal/additional_vid4_0141.jpg,normal/normal_01354.jpg,additional_vid4,141
normal/additional_vid4_0142.jpg,normal/normal_01355.jpg,additional_vid4,142
normal/additional_vid4_0143.jpg,normal/normal_01356.jpg,additional_vid4,143
normal/additional_vid4_0144.jpg,normal/normal_01357.jpg,additional_vid4,144
normal/additional_vid4_0145.jpg,normal/normal_01358.jpg,additional_vid4,145
normal/additional_vid4_0146.jpg,normal/normal_01359.jpg,additional_vid4,146
normal/additional_vid4_0147.jpg,normal/normal_01360.jpg,additional_vid4,147
normal/additional_vid4_0148.jpg,normal/normal_01361.jpg,additional_vid4,148
normal/additional_vid4_0149.jpg,normal/normal_01362.jpg,additional_vid4,149
normal/additional_vid4_0150.jpg,normal/normal_01363.jpg,additional_vid4,150
normal/additional_vid4_0151.jpg,normal/normal_01364.jpg,additional_vid4,151
normal/additional_vid4_0152.jpg,normal/normal_01365.jpg,additional_vid4,152
normal/additional_vid4_0153.jpg,normal/normal_01366.jpg,additional_vid4,153
normal/additional_vid4_0154.jpg,normal/normal_01367.jpg,additional_vid4,154
normal/additional_vid4_0155.jpg,normal/normal_01368.jpg,additional_vid4,155
normal/additional_vid4_0156.jpg,normal/normal_01369.jpg,additional_vid4,156
normal/additional_vid4_0157.jpg,normal/normal_01370.jpg,additional_vid4,157
normal/additional_vid4_0158.jpg,normal/normal_01371.jpg,additional_vid4,158
normal/additional_vid4_0159.jpg,normal/normal_01372.jpg,additional_vid4,159
normal/additional_vid4_0160.jpg,normal/normal_01373.jpg,additional_vid4,160
normal/additional_vid4_0161.jpg,normal/normal_01374.jpg,additional_vid4,161
normal/additional_vid4_0162.jpg,normal/normal_01375.jpg,additional_vid4,162
normal/additional_vid4_0163.jpg,normal/normal_01376.jpg,additional_vid4,163
normal/additional_vid4_0164.jpg,normal/normal_01377.jpg,additional_vid4,164
normal/additional_vid4_0165.jpg,normal/normal_01378.jpg,additional_vid4,165
normal/additional_vid4_0166.jpg,normal/normal_01379.jpg,additional_vid4,166
normal/additional_vid4_0167.jpg,normal/normal_01380.jpg,additional_vid4,167
normal/additional_vid4_0168.jpg,normal/normal_01381.jpg,additional_vid4,168
normal/additional_vid4_0169.jpg,normal/normal_01382.jpg,additional_vid4,169
normal/additional_vid4_0170.jpg,normal/normal_01383.jpg,additional_vid4,170
normal/additional_vid4_0171.jpg,normal/normal_01384.jpg,additional_vid4,171
normal/additional_vid4_0172.jpg,normal/normal_01385.jpg,additional_vid4,172
normal/additional_vid4_0173.jpg,normal/normal_01386.jpg,additional_vid4,173
normal/additional_vid4_0174.jpg,normal/normal_01387.jpg,additional_vid4,174
normal/additional_vid4_0175.jpg,normal/normal_01388.jpg,additional_vid4,175
normal/additional_vid4_0176.jpg,normal/normal_01389.jpg,additional_vid4,176
normal/additional_vid4_0177.jpg,normal/normal_01390.jpg,additional_vid4,177
normal/additional_vid4_0178.jpg,normal/normal_01391.jpg,additional_vid4,178
normal/additional_vid4_0179.jpg,normal/normal_01392.jpg,additional_vid4,179
normal/additional_vid4_0180.jpg,normal/normal_01393.jpg,additional_vid4,180
normal/additional_vid4_0181.jpg,normal/normal_01394.jpg,additional_vid4,181
normal/additional_vid4_0182.jpg,normal/normal_01395.jpg,additional_vid4,182
normal/additional_vid4_0183.jpg,normal/normal_01396.jpg,additional_vid4,183
normal/additional_vid4_0184.jpg,normal/normal_01397.jpg,additional_vid4,184
normal/additional_vid5_0001.jpg,normal/normal_01398.jpg,additional_vid5,1
normal/additional_vid5_0002.jpg,normal/normal_01399.jpg,additional_vid5,2
normal/additional_vid5_0003.jpg,normal/normal_01400.jpg,additional_vid5,3
normal/additional_vid5_0004.jpg,normal/normal_01401.jpg,additional_vid5,4
normal/additional_vid5_0005.jpg,normal/normal_01402.jpg,additional_vid5,5
normal/additional_vid5_0006.jpg,normal/normal_01403.jpg,additional_vid5,6
normal/additional_vid5_0007.jpg,normal/normal_01404.jpg,additional_vid5,7
normal/additional_vid5_0008.jpg,normal/normal_01405.jpg,additional_vid5,8
normal/additional_vid5_0009.jpg,normal/normal_01406.jpg,additional_vid5,9
normal/additional_vid5_0010.jpg,normal/normal_01407.jpg,additional_vid5,10
normal/additional_vid5_0011.jpg,normal/normal_01408.jpg,additional_vid5,11
normal/additional_vid5_0012.jpg,normal/normal_01409.jpg,additional_vid5,12
normal/additional_vid5_0013.jpg,normal/normal_01410.jpg,additional_vid5,13
normal/additional_vid5_0014.jpg,normal/normal_01411.jpg,additional_vid5,14
normal/additional_vid5_0015.jpg,normal/normal_01412.jpg,additional_vid5,15
normal/additional_vid5_0016.jpg,normal/normal_01413.jpg,additional_vid5,16
normal/additional_vid5_0017.jpg,normal/normal_01414.jpg,additional_vid5,17
normal/additional_vid5_0018.jpg,normal/normal_01415.jpg,additional_vid5,18
normal/additional_vid5_0019.jpg,normal/normal_01416.jpg,additional_vid5,19
normal/additional_vid5_0020.jpg,normal/normal_01417.jpg,additional_vid5,20
normal/additional_vid5_0021.jpg,normal/normal_01418.jpg,additional_vid5,21
normal/additional_vid5_0022.jpg,normal/normal_01419.jpg,additional_vid5,22
normal/additional_vid5_0023.jpg,normal/normal_01420.jpg,additional_vid5,23
normal/additional_vid5_0024.jpg,normal/normal_01421.jpg,additional_vid5,24
normal/additional_vid5_0025.jpg,normal/normal_01422.jpg,additional_vid5,25
normal/additional_vid5_0026.jpg,normal/normal_01423.jpg,additional_vid5,26
normal/additional_vid5_0027.jpg,normal/normal_01424.jpg,additional_vid5,27
normal/additional_vid5_0028.jpg,normal/normal_01425.jpg,additional_vid5,28
normal/additional_vid5_0029.jpg,normal/normal_01426.jpg,additional_vid5,29
normal/additional_vid5_0030.jpg,normal/normal_01427.jpg,additional_vid5,30
normal/additional_vid5_0031.jpg,normal/normal_01428.jpg,additional_vid5,31
normal/additional_vid5_0032.jpg,normal/normal_01429.jpg,additional_vid5,32
normal/additional_vid5_0033.jpg,normal/normal_01430.jpg,additional_vid5,33
normal/additional_vid5_0034.jpg,normal/normal_01431.jpg,additional_vid5,34
normal/additional_vid5_0035.jpg,normal/normal_01432.jpg,additional_vid5,35
normal/additional_vid5_0036.jpg,normal/normal_01433.jpg,additional_vid5,36
normal/additional_vid5_0037.jpg,normal/normal_01434.jpg,additional_vid5,37
normal/additional_vid5_0038.jpg,normal/normal_01435.jpg,additional_vid5,38
normal/additional_vid5_0039.jpg,normal/normal_01436.jpg,additional_vid5,39
normal/additional_vid5_0040.jpg,normal/normal_01437.jpg,additional_vid5,40
normal/additional_vid5_0041.jpg,normal/normal_01438.jpg,additional_vid5,41
normal/additional_vid5_0042.jpg,normal/normal_01439.jpg,additional_vid5,42
normal/additional_vid5_0043.jpg,normal/normal_01440.jpg,additional_vid5,43
normal/additional_vid5_0044.jpg,normal/normal_01441.jpg,additional_vid5,44
normal/additional_vid5_0045.jpg,normal/normal_01442.jpg,additional_vid5,45
normal/additional_vid5_0046.jpg,normal/normal_01443.jpg,additional_vid5,46
normal/additional_vid5_0047.jpg,normal/normal_01444.jpg,additional_vid5,47
normal/additional_vid5_0048.jpg,normal/normal_01445.jpg,additional_vid5,48
normal/additional_vid5_0049.jpg,normal/normal_01446.jpg,additional_vid5,49
normal/additional_vid5_0050.jpg,normal/normal_01447.jpg,additional_vid5,50
normal/additional_vid5_0051.jpg,normal/normal_01448.jpg,additional_vid5,51
normal/additional_vid5_0052.jpg,normal/normal_01449.jpg,additional_vid5,52
normal/additional_vid5_0053.jpg,normal/normal_01450.jpg,additional_vid5,53
normal/additional_vid5_0054.jpg,normal/normal_01451.jpg,additional_vid5,54
normal/additional_vid5_0055.jpg,normal/normal_01452.jpg,additional_vid5,55
normal/additional_vid5_0056.jpg,normal/normal_01453.jpg,additional_vid5,56
normal/additional_vid5_0057.jpg,normal/normal_01454.jpg,additional_vid5,57
normal/additional_vid5_0058.jpg,normal/normal_01455.jpg,additional_vid5,58
normal/additional_vid5_0059.jpg,normal/normal_01456.jpg,additional_vid5,59
normal/additional_vid5_0060.jpg,normal/normal_01457.jpg,additional_vid5,60
normal/additional_vid5_0061.jpg,normal/normal_01458.jpg,additional_vid5,61
normal/additional_vid5_0062.jpg,normal/normal_01459.jpg,additional_vid5,62
normal/additional_vid5_0063.jpg,normal/normal_01460.jpg,additional_vid5,63
normal/additional_vid5_0064.jpg,normal/normal_01461.jpg,additional_vid5,64
normal/additional_vid5_0065.jpg,normal/normal_01462.jpg,additional_vid5,65
normal/additional_vid5_0066.jpg,normal/normal_01463.jpg,additional_vid5,66
normal/additional_vid5_0067.jpg,normal/normal_01464.jpg,additional_vid5,67
normal/additional_vid5_0068.jpg,normal/normal_01465.jpg,additional_vid5,68
normal/additional_vid5_0069.jpg,normal/normal_01466.jpg,additional_vid5,69
normal/additional_vid5_0070.jpg,normal/normal_01467.jpg,additional_vid5,70
normal/additional_vid5_0071.jpg,normal/normal_01468.jpg,additional_vid5,71
normal/additional_vid5_0072.jpg,normal/normal_01469.jpg,additional_vid5,72
normal/additional_vid5_0073.jpg,normal/normal_01470.jpg,additional_vid5,73
normal/additional_vid5_0074.jpg,normal/normal_01471.jpg,additional_vid5,74
normal/additional_vid5_0075.jpg,normal/normal_01472.jpg,additional_vid5,75
normal/additional_vid5_0076.jpg,normal/normal_01473.jpg,additional_vid5,76
normal/additional_vid5_0077.jpg,normal/normal_01474.jpg,additional_vid5,77
normal/additional_vid5_0078.jpg,normal/normal_01475.jpg,additional_vid5,78
normal/additional_vid5_0079.jpg,normal/normal_01476.jpg,additional_vid5,79
normal/additional_vid5_0080.jpg,normal/normal_01477.jpg,additional_vid5,80
normal/additional_vid5_0081.jpg,normal/normal_01478.jpg,additional_vid5,81
normal/additional_vid5_0082.jpg,normal/normal_01479.jpg,additional_vid5,82
normal/additional_vid5_0083.jpg,normal/normal_01480.jpg,additional_vid5,83
normal/additional_vid5_0084.jpg,normal/normal_01481.jpg,additional_vid5,84
normal/additional_vid5_0085.jpg,normal/normal_01482.jpg,additional_vid5,85
normal/additional_vid5_0086.jpg,normal/normal_01483.jpg,additional_vid5,86
normal/additional_vid5_0087.jpg,normal/normal_01484.jpg,additional_vid5,87
normal/additional_vid5_0088.jpg,normal/normal_01485.jpg,additional_vid5,88
normal/additional_vid5_0089.jpg,normal/normal_01486.jpg,additional_vid5,89
normal/additional_vid5_0090.jpg,normal/normal_01487.jpg,additional_vid5,90
normal/additional_vid5_0091.jpg,normal/normal_01488.jpg,additional_vid5,91
normal/additional_vid5_0092.jpg,normal/normal_01489.jpg,additional_vid5,92
normal/additional_vid5_0093.jpg,normal/normal_01490.jpg,additional_vid5,93
normal/additional_vid5_0094.jpg,normal/normal_01491.jpg,additional_vid5,94
normal/additional_vid5_0095.jpg,normal/normal_01492.jpg,additional_vid5,95
normal/additional_vid5_0096.jpg,normal/normal_01493.jpg,additional_vid5,96
normal/additional_vid5_0097.jpg,normal/normal_01494.jpg,additional_vid5,97
normal/additional_vid5_0098.jpg,normal/normal_01495.jpg,additional_vid5,98
normal/additional_vid5_0099.jpg,normal/normal_01496.jpg,additional_vid5,99
normal/additional_vid5_0100.jpg,normal/normal_01497.jpg,additional_vid5,100
normal/additional_vid5_0101.jpg,normal/normal_01498.jpg,additional_vid5,101
normal/additional_vid5_0102.jpg,normal/normal_01499.jpg,additional_vid5,102
normal/additional_vid5_0103.jpg,normal/normal_01500.jpg,additional_vid5,103
normal/additional_vid5_0104.jpg,normal/normal_01501.jpg,additional_vid5,104
normal/additional_vid5_0105.jpg,normal/normal_01502.jpg,additional_vid5,105
normal/additional_vid5_0106.jpg,normal/normal_01503.jpg,additional_vid5,106
normal/additional_vid5_0107.jpg,normal/normal_01504.jpg,additional_vid5,107
normal/additional_vid5_0108.jpg,normal/normal_01505.jpg,additional_vid5,108
normal/additional_vid5_0109.jpg,normal/normal_01506.jpg,additional_vid5,109
normal/additional_vid5_0110.jpg,normal/normal_01507.jpg,additional_vid5,110
normal/additional_vid5_0111.jpg,normal/normal_01508.jpg,additional_vid5,111
normal/additional_vid5_0112.jpg,normal/normal_01509.jpg,additional_vid5,112
normal/additional_vid5_0113.jpg,normal/normal_01510.jpg,additional_vid5,113
normal/additional_vid5_0114.jpg,normal/normal_01511.jpg,additional_vid5,114
normal/additional_vid5_0115.jpg,normal/normal_01512.jpg,additional_vid5,115
normal/additional_vid5_0116.jpg,normal/normal_01513.jpg,additional_vid5,116
normal/additional_vid5_0117.jpg,normal/normal_01514.jpg,additional_vid5,117
normal/additional_vid5_0118.jpg,normal/normal_01515.jpg,additional_vid5,118
normal/additional_vid5_0119.jpg,normal/normal_01516.jpg,additional_vid5,119
normal/additional_vid5_0120.jpg,normal/normal_01517.jpg,additional_vid5,120
normal/additional_vid5_0121.jpg,normal/normal_01518.jpg,additional_vid5,121
normal/additional_vid5_0122.jpg,normal/normal_01519.jpg,additional_vid5,122
normal/additional_vid5_0123.jpg,normal/normal_01520.jpg,additional_vid5,123
normal/additional_vid5_0124.jpg,normal/normal_01521.jpg,additional_vid5,124
normal/additional_vid5_0125.jpg,normal/normal_01522.jpg,additional_vid5,125
normal/additional_vid5_0126.jpg,normal/normal_01523.jpg,additional_vid5,126
normal/additional_vid5_0127.jpg,normal/normal_01524.jpg,additional_vid5,127
normal/additional_vid5_0128.jpg,normal/normal_01525.jpg,additional_vid5,128
normal/additional_vid5_0129.jpg,normal/normal_01526.jpg,additional_vid5,129
normal/additional_vid5_0130.jpg,normal/normal_01527.jpg,additional_vid5,130
normal/additional_vid5_0131.jpg,normal/normal_01528.jpg,additional_vid5,131
normal/additional_vid5_0132.jpg,normal/normal_01529.jpg,additional_vid5,132
normal/additional_vid5_0133.jpg,normal/normal_01530.jpg,additional_vid5,133
normal/additional_vid5_0134.jpg,normal/normal_01531.jpg,additional_vid5,134
normal/additional_vid5_0135.jpg,normal/normal_01532.jpg,additional_vid5,135
normal/additional_vid5_0136.jpg,normal/normal_01533.jpg,additional_vid5,136
normal/additional_vid5_0137.jpg,normal/normal_01534.jpg,additional_vid5,137
normal/additional_vid5_0138.jpg,normal/normal_01535.jpg,additional_vid5,138
normal/additional_vid5_0139.jpg,normal/normal_01536.jpg,additional_vid5,139
normal/additional_vid5_0140.jpg,normal/normal_01537.jpg,additional_vid5,140
normal/additional_vid5_0141.jpg,normal/normal_01538.jpg,additional_vid5,141
normal/additional_vid5_0142.jpg,normal/normal_01539.jpg,additional_vid5,142
normal/additional_vid5_0143.jpg,normal/normal_01540.jpg,additional_vid5,143
normal/additional_vid5_0144.jpg,normal/normal_01541.jpg,additional_vid5,144
normal/additional_vid5_0145.jpg,normal/normal_01542.jpg,additional_vid5,145
normal/additional_vid5_0146.jpg,normal/normal_01543.jpg,additional_vid5,146
normal/additional_vid5_0147.jpg,normal/normal_01544.jpg,additional_vid5,147
normal/additional_vid5_0148.jpg,normal/normal_01545.jpg,additional_vid5,148
normal/additional_vid5_0149.jpg,normal/normal_01546.jpg,additional_vid5,149
normal/additional_vid5_0150.jpg,normal/normal_01547.jpg,additional_vid5,150
normal/additional_vid5_0151.jpg,normal/normal_01548.jpg,additional_vid5,151
normal/additional_vid5_0152.jpg,normal/normal_01549.jpg,additional_vid5,152
normal/additional_vid5_0153.jpg,normal/normal_01550.jpg,additional_vid5,153
normal/additional_vid5_0154.jpg,normal/normal_01551.jpg,additional_vid5,154
normal/additional_vid5_0155.jpg,normal/normal_01552.jpg,additional_vid5,155
normal/additional_vid5_0156.jpg,normal/normal_01553.jpg,additional_vid5,156
normal/additional_vid5_0157.jpg,normal/normal_01554.jpg,additional_vid5,157
normal/additional_vid5_0158.jpg,normal/normal_01555.jpg,additional_vid5,158
normal/additional_vid5_0159.jpg,normal/normal_01556.jpg,additional_vid5,159
normal/additional_vid5_0160.jpg,normal/normal_01557.jpg,additional_vid5,160
normal/additional_vid5_0161.jpg,normal/normal_01558.jpg,additional_vid5,161
normal/additional_vid5_0162.jpg,normal/normal_01559.jpg,additional_vid5,162
normal/additional_vid5_0163.jpg,normal/normal_01560.jpg,additional_vid5,163
normal/additional_vid5_0164.jpg,normal/normal_01561.jpg,additional_vid5,164
normal/additional_vid5_0165.jpg,normal/normal_01562.jpg,additional_vid5,165
normal/additional_vid5_0166.jpg,normal/normal_01563.jpg,additional_vid5,166
normal/additional_vid5_0167.jpg,normal/normal_01564.jpg,additional_vid5,167
normal/additional_vid5_0168.jpg,normal/normal_01565.jpg,additional_vid5,168
normal/additional_vid5_0169.jpg,normal/normal_01566.jpg,additional_vid5,169
normal/additional_vid5_0170.jpg,normal/normal_01567.jpg,additional_vid5,170
normal/additional_vid5_0171.jpg,normal/normal_01568.jpg,additional_vid5,171
normal/additional_vid5_0172.jpg,normal/normal_01569.jpg,additional_vid5,172
normal/additional_vid5_0173.jpg,normal/normal_01570.jpg,additional_vid5,173
normal/additional_vid5_0174.jpg,normal/normal_01571.jpg,additional_vid5,174
normal/additional_vid5_0175.jpg,normal/normal_01572.jpg,additional_vid5,175
normal/additional_vid5_0176.jpg,normal/normal_01573.jpg,additional_vid5,176
normal/additional_vid5_0177.jpg,normal/normal_01574.jpg,additional_vid5,177
normal/additional_vid5_0178.jpg,normal/normal_01575.jpg,additional_vid5,178
normal/additional_vid5_0179.jpg,normal/normal_01576.jpg,additional_vid5,179
normal/additional_vid5_0180.jpg,normal/normal_01577.jpg,additional_vid5,180
normal/additional_vid5_0181.jpg,normal/normal_01578.jpg,additional_vid5,181
normal/additional_vid5_0182.jpg,normal/normal_01579.jpg,additional_vid5,182
normal/additional_vid5_0183.jpg,normal/normal_01580.jpg,additional_vid5,183
normal/additional_vid5_0184.jpg,normal/normal_01581.jpg,additional_vid5,184
normal/additional_vid5_0185.jpg,normal/normal_01582.jpg,additional_vid5,185
normal/additional_vid5_0186.jpg,normal/normal_01583.jpg,additional_vid5,186
normal/additional_vid5_0187.jpg,normal/normal_01584.jpg,additional_vid5,187
normal/additional_vid5_0188.jpg,normal/normal_01585.jpg,additional_vid5,188
normal/additional_vid5_0189.jpg,normal/normal_01586.jpg,additional_vid5,189
normal/additional_vid5_0190.jpg,normal/normal_01587.jpg,additional_vid5,190
normal/additional_vid5_0191.jpg,normal/normal_01588.jpg,additional_vid5,191
normal/additional_vid5_0192.jpg,normal/normal_01589.jpg,additional_vid5,192
normal/additional_vid5_0193.jpg,normal/normal_01590.jpg,additional_vid5,193
normal/additional_vid5_0194.jpg,normal/normal_01591.jpg,additional_vid5,194
normal/additional_vid5_0195.jpg,normal/normal_01592.jpg,additional_vid5,195
normal/additional_vid5_0196.jpg,normal/normal_01593.jpg,additional_vid5,196
normal/additional_vid5_0197.jpg,normal/normal_01594.jpg,additional_vid5,197
normal/additional_vid5_0198.jpg,normal/normal_01595.jpg,additional_vid5,198
normal/additional_vid5_0199.jpg,normal/normal_01596.jpg,additional_vid5,199
normal/additional_vid5_0200.jpg,normal/normal_01597.jpg,additional_vid5,200
normal/additional_vid5_0201.jpg,normal/normal_01598.jpg,additional_vid5,201
normal/additional_vid5_0202.jpg,normal/normal_01599.jpg,additional_vid5,202
normal/additional_vid5_0203.jpg,normal/normal_01600.jpg,additional_vid5,203
normal/additional_vid5_0204.jpg,normal/normal_01601.jpg,additional_vid5,204
normal/additional_vid5_0205.jpg,normal/normal_01602.jpg,additional_vid5,205
normal/additional_vid5_0206.jpg,normal/normal_01603.jpg,additional_vid5,206
normal/additional_vid6_0001.jpg,normal/normal_01604.jpg,additional_vid6,1
normal/additional_vid6_0002.jpg,normal/normal_01605.jpg,additional_vid6,2
normal/additional_vid6_0003.jpg,normal/normal_01606.jpg,additional_vid6,3
normal/additional_vid6_0004.jpg,normal/normal_01607.jpg,additional_vid6,4
normal/additional_vid6_0005.jpg,normal/normal_01608.jpg,additional_vid6,5
normal/additional_vid6_0006.jpg,normal/normal_01609.jpg,additional_vid6,6
normal/additional_vid6_0007.jpg,normal/normal_01610.jpg,additional_vid6,7
normal/additional_vid6_0008.jpg,normal/normal_01611.jpg,additional_vid6,8
normal/additional_vid6_0009.jpg,normal/normal_01612.jpg,additional_vid6,9
normal/additional_vid6_0010.jpg,normal/normal_01613.jpg,additional_vid6,10
normal/additional_vid6_0011.jpg,normal/normal_01614.jpg,additional_vid6,11
normal/additional_vid6_0012.jpg,normal/normal_01615.jpg,additional_vid6,12
normal/additional_vid6_0013.jpg,normal/normal_01616.jpg,additional_vid6,13
normal/additional_vid6_0014.jpg,normal/normal_01617.jpg,additional_vid6,14
normal/additional_vid6_0015.jpg,normal/normal_01618.jpg,additional_vid6,15
normal/additional_vid6_0016.jpg,normal/normal_01619.jpg,additional_vid6,16
normal/additional_vid6_0017.jpg,normal/normal_01620.jpg,additional_vid6,17
normal/additional_vid6_0018.jpg,normal/normal_01621.jpg,additional_vid6,18
normal/additional_vid6_0019.jpg,normal/normal_01622.jpg,additional_vid6,19
normal/additional_vid6_0020.jpg,normal/normal_01623.jpg,additional_vid6,20
normal/additional_vid6_0021.jpg,normal/normal_01624.jpg,additional_vid6,21
normal/additional_vid6_0022.jpg,normal/normal_01625.jpg,additional_vid6,22
normal/additional_vid6_0023.jpg,normal/normal_01626.jpg,additional_vid6,23
normal/additional_vid6_0024.jpg,normal/normal_01627.jpg,additional_vid6,24
normal/additional_vid6_0025.jpg,normal/normal_01628.jpg,additional_vid6,25
normal/additional_vid6_0026.jpg,normal/normal_01629.jpg,additional_vid6,26
normal/additional_vid6_0027.jpg,normal/normal_01630.jpg,additional_vid6,27
normal/additional_vid6_0028.jpg,normal/normal_01631.jpg,additional_vid6,28
normal/additional_vid6_0029.jpg,normal/normal_01632.jpg,additional_vid6,29
normal/additional_vid6_0030.jpg,normal/normal_01633.jpg,additional_vid6,30
normal/additional_vid6_0031.jpg,normal/normal_01634.jpg,additional_vid6,31
normal/additional_vid6_0032.jpg,normal/normal_01635.jpg,additional_vid6,32
normal/additional_vid6_0033.jpg,normal/normal_01636.jpg,additional_vid6,33
normal/additional_vid6_0034.jpg,normal/normal_01637.jpg,additional_vid6,34
normal/additional_vid6_0035.jpg,normal/normal_01638.jpg,additional_vid6,35
normal/additional_vid6_0036.jpg,normal/normal_01639.jpg,additional_vid6,36
normal/additional_vid6_0037.jpg,normal/normal_01640.jpg,additional_vid6,37
normal/additional_vid6_0038.jpg,normal/normal_01641.jpg,additional_vid6,38
normal/additional_vid6_0039.jpg,normal/normal_01642.jpg,additional_vid6,39
normal/additional_vid6_0040.jpg,normal/normal_01643.jpg,additional_vid6,40
normal/additional_vid6_0041.jpg,normal/normal_01644.jpg,additional_vid6,41
normal/additional_vid6_0042.jpg,normal/normal_01645.jpg,additional_vid6,42
normal/additional_vid6_0043.jpg,normal/normal_01646.jpg,additional_vid6,43
normal/additional_vid6_0044.jpg,normal/normal_01647.jpg,additional_vid6,44
normal/additional_vid6_0045.jpg,normal/normal_01648.jpg,additional_vid6,45
normal/additional_vid6_0046.jpg,normal/normal_01649.jpg,additional_vid6,46
normal/additional_vid6_0047.jpg,normal/normal_01650.jpg,additional_vid6,47
normal/additional_vid6_0048.jpg,normal/normal_01651.jpg,additional_vid6,48
normal/additional_vid6_0049.jpg,normal/normal_01652.jpg,additional_vid6,49
normal/additional_vid6_0050.jpg,normal/normal_01653.jpg,additional_vid6,50
normal/additional_vid6_0051.jpg,normal/normal_01654.jpg,additional_vid6,51
normal/additional_vid6_0052.jpg,normal/normal_01655.jpg,additional_vid6,52
normal/additional_vid6_0053.jpg,normal/normal_01656.jpg,additional_vid6,53
normal/additional_vid6_0054.jpg,normal/normal_01657.jpg,additional_vid6,54
normal/additional_vid6_0055.jpg,normal/normal_01658.jpg,additional_vid6,55
normal/additional_vid6_0056.jpg,normal/normal_01659.jpg,additional_vid6,56
normal/additional_vid6_0057.jpg,normal/normal_01660.jpg,additional_vid6,57
normal/additional_vid6_0058.jpg,normal/normal_01661.jpg,additional_vid6,58
normal/additional_vid6_0059.jpg,normal/normal_01662.jpg,additional_vid6,59
normal/additional_vid6_0060.jpg,normal/normal_01663.jpg,additional_vid6,60
normal/additional_vid6_0061.jpg,normal/normal_01664.jpg,additional_vid6,61
normal/additional_vid6_0062.jpg,normal/normal_01665.jpg,additional_vid6,62
normal/additional_vid6_0063.jpg,normal/normal_01666.jpg,additional_vid6,63
normal/additional_vid6_0064.jpg,normal/normal_01667.jpg,additional_vid6,64
normal/additional_vid6_0065.jpg,normal/normal_01668.jpg,additional_vid6,65
normal/additional_vid6_0066.jpg,normal/normal_01669.jpg,additional_vid6,66
normal/additional_vid6_0067.jpg,normal/normal_01670.jpg,additional_vid6,67
normal/additional_vid6_0068.jpg,normal/normal_01671.jpg,additional_vid6,68
normal/additional_vid6_0069.jpg,normal/normal_01672.jpg,additional_vid6,69
normal/additional_vid6_0070.jpg,normal/normal_01673.jpg,additional_vid6,70
normal/additional_vid6_0071.jpg,normal/normal_01674.jpg,additional_vid6,71
normal/additional_vid6_0072.jpg,normal/normal_01675.jpg,additional_vid6,72
normal/additional_vid6_0073.jpg,normal/normal_01676.jpg,additional_vid6,73
normal/additional_vid6_0074.jpg,normal/normal_01677.jpg,additional_vid6,74
normal/additional_vid6_0075.jpg,normal/normal_01678.jpg,additional_vid6,75
normal/additional_vid6_0076.jpg,normal/normal_01679.jpg,additional_vid6,76
normal/additional_vid6_0077.jpg,normal/normal_01680.jpg,additional_vid6,77
normal/additional_vid6_0078.jpg,normal/normal_01681.jpg,additional_vid6,78
normal/additional_vid6_0079.jpg,normal/normal_01682.jpg,additional_vid6,79
normal/additional_vid6_0080.jpg,normal/normal_01683.jpg,additional_vid6,80
normal/additional_vid6_0081.jpg,normal/normal_01684.jpg,additional_vid6,81
normal/additional_vid6_0082.jpg,normal/normal_01685.jpg,additional_vid6,82
normal/additional_vid6_0083.jpg,normal/normal_01686.jpg,additional_vid6,83
normal/additional_vid6_0084.jpg,normal/normal_01687.jpg,additional_vid6,84
normal/additional_vid6_0085.jpg,normal/normal_01688.jpg,additional_vid6,85
normal/additional_vid6_0086.jpg,normal/normal_01689.jpg,additional_vid6,86
normal/additional_vid6_0087.jpg,normal/normal_01690.jpg,additional_vid6,87
normal/additional_vid6_0088.jpg,normal/normal_01691.jpg,additional_vid6,88
normal/additional_vid6_0089.jpg,normal/normal_01692.jpg,additional_vid6,89
normal/additional_vid6_0090.jpg,normal/normal_01693.jpg,additional_vid6,90
normal/additional_vid6_0091.jpg,normal/normal_01694.jpg,additional_vid6,91
normal/additional_vid6_0092.jpg,normal/normal_01695.jpg,additional_vid6,92
normal/additional_vid6_0093.jpg,normal/normal_01696.jpg,additional_vid6,93
normal/additional_vid6_0094.jpg,normal/normal_01697.jpg,additional_vid6,94
normal/additional_vid6_0095.jpg,normal/normal_01698.jpg,additional_vid6,95
normal/additional_vid6_0096.jpg,normal/normal_01699.jpg,additional_vid6,96
normal/additional_vid6_0097.jpg,normal/normal_01700.jpg,additional_vid6,97
normal/additional_vid6_0098.jpg,normal/normal_01701.jpg,additional_vid6,98
normal/additional_vid6_0099.jpg,normal/normal_01702.jpg,additional_vid6,99
normal/additional_vid6_0100.jpg,normal/normal_01703.jpg,additional_vid6,100
normal/additional_vid6_0101.jpg,normal/normal_01704.jpg,additional_vid6,101
normal/additional_vid6_0102.jpg,normal/normal_01705.jpg,additional_vid6,102
normal/additional_vid6_0103.jpg,normal/normal_01706.jpg,additional_vid6,103
normal/additional_vid6_0104.jpg,normal/normal_01707.jpg,additional_vid6,104
normal/additional_vid6_0105.jpg,normal/normal_01708.jpg,additional_vid6,105
normal/additional_vid6_0106.jpg,normal/normal_01709.jpg,additional_vid6,106
normal/additional_vid6_0107.jpg,normal/normal_01710.jpg,additional_vid6,107
normal/additional_vid6_0108.jpg,normal/normal_01711.jpg,additional_vid6,108
normal/additional_vid6_0109.jpg,normal/normal_01712.jpg,additional_vid6,109
normal/additional_vid6_0110.jpg,normal/normal_01713.jpg,additional_vid6,110
normal/additional_vid6_0111.jpg,normal/normal_01714.jpg,additional_vid6,111
normal/additional_vid6_0112.jpg,normal/normal_01715.jpg,additional_vid6,112
normal/additional_vid6_0113.jpg,normal/normal_01716.jpg,additional_vid6,113
normal/additional_vid6_0114.jpg,normal/normal_01717.jpg,additional_vid6,114
normal/additional_vid6_0115.jpg,normal/normal_01718.jpg,additional_vid6,115
normal/additional_vid6_0116.jpg,normal/normal_01719.jpg,additional_vid6,116
normal/additional_vid6_0117.jpg,normal/normal_01720.jpg,additional_vid6,117
normal/additional_vid6_0118.jpg,normal/normal_01721.jpg,additional_vid6,118
normal/additional_vid6_0119.jpg,normal/normal_01722.jpg,additional_vid6,119
normal/additional_vid6_0120.jpg,normal/normal_01723.jpg,additional_vid6,120
normal/additional_vid6_0121.jpg,normal/normal_01724.jpg,additional_vid6,121
normal/additional_vid6_0122.jpg,normal/normal_01725.jpg,additional_vid6,122
normal/additional_vid6_0123.jpg,normal/normal_01726.jpg,additional_vid6,123
normal/additional_vid6_0124.jpg,normal/normal_01727.jpg,additional_vid6,124
normal/additional_vid6_0125.jpg,normal/normal_01728.jpg,additional_vid6,125
normal/additional_vid6_0126.jpg,normal/normal_01729.jpg,additional_vid6,126
normal/additional_vid6_0127.jpg,normal/normal_01730.jpg,additional_vid6,127
normal/additional_vid6_0128.jpg,normal/normal_01731.jpg,additional_vid6,128
normal/additional_vid6_0129.jpg,normal/normal_01732.jpg,additional_vid6,129
normal/additional_vid6_0130.jpg,normal/normal_01733.jpg,additional_vid6,130
normal/additional_vid6_0131.jpg,normal/normal_01734.jpg,additional_vid6,131
normal/additional_vid6_0132.jpg,normal/normal_01735.jpg,additional_vid6,132
normal/additional_vid6_0133.jpg,normal/normal_01736.jpg,additional_vid6,133
normal/additional_vid6_0134.jpg,normal/normal_01737.jpg,additional_vid6,134
normal/additional_vid6_0135.jpg,normal/normal_01738.jpg,additional_vid6,135
normal/additional_vid6_0136.jpg,normal/normal_01739.jpg,additional_vid6,136
normal/additional_vid6_0137.jpg,normal/normal_01740.jpg,additional_vid6,137
normal/additional_vid6_0138.jpg,normal/normal_01741.jpg,additional_vid6,138
normal/additional_vid6_0139.jpg,normal/normal_01742.jpg,additional_vid6,139
normal/additional_vid6_0140.jpg,normal/normal_01743.jpg,additional_vid6,140
normal/additional_vid6_0141.jpg,normal/normal_01744.jpg,additional_vid6,141
normal/additional_vid6_0142.jpg,normal/normal_01745.jpg,additional_vid6,142
normal/additional_vid6_0143.jpg,normal/normal_01746.jpg,additional_vid6,143
normal/additional_vid6_0144.jpg,normal/normal_01747.jpg,additional_vid6,144
normal/additional_vid6_0145.jpg,normal/normal_01748.jpg,additional_vid6,145
normal/additional_vid6_0146.jpg,normal/normal_01749.jpg,additional_vid6,146
normal/additional_vid6_0147.jpg,normal/normal_01750.jpg,additional_vid6,147
normal/additional_vid6_0148.jpg,normal/normal_01751.jpg,additional_vid6,148
normal/additional_vid6_0149.jpg,normal/normal_01752.jpg,additional_vid6,149
normal/additional_vid6_0150.jpg,normal/normal_01753.jpg,additional_vid6,150
normal/additional_vid6_0151.jpg,normal/normal_01754.jpg,additional_vid6,151
normal/additional_vid6_0152.jpg,normal/normal_01755.jpg,additional_vid6,152
normal/additional_vid6_0153.jpg,normal/normal_01756.jpg,additional_vid6,153
normal/additional_vid6_0154.jpg,normal/normal_01757.jpg,additional_vid6,154
normal/additional_vid6_0155.jpg,normal/normal_01758.jpg,additional_vid6,155
normal/additional_vid6_0156.jpg,normal/normal_01759.jpg,additional_vid6,156
normal/additional_vid6_0157.jpg,normal/normal_01760.jpg,additional_vid6,157
normal/additional_vid6_0158.jpg,normal/normal_01761.jpg,additional_vid6,158
normal/additional_vid6_0159.jpg,normal/normal_01762.jpg,additional_vid6,159
normal/additional_vid6_0160.jpg,normal/normal_01763.jpg,additional_vid6,160
normal/additional_vid6_0161.jpg,normal/normal_01764.jpg,additional_vid6,161
normal/additional_vid6_0162.jpg,normal/normal_01765.jpg,additional_vid6,162
normal/additional_vid6_0163.jpg,normal/normal_01766.jpg,additional_vid6,163
normal/additional_vid6_0164.jpg,normal/normal_01767.jpg,additional_vid6,164
normal/additional_vid6_0165.jpg,normal/normal_01768.jpg,additional_vid6,165
normal/additional_vid6_0166.jpg,normal/normal_01769.jpg,additional_vid6,166
normal/additional_vid6_0167.jpg,normal/normal_01770.jpg,additional_vid6,167
normal/additional_vid6_0168.jpg,normal/normal_01771.jpg,additional_vid6,168
normal/additional_vid6_0169.jpg,normal/normal_01772.jpg,additional_vid6,169
normal/additional_vid6_0170.jpg,normal/normal_01773.jpg,additional_vid6,170
normal/additional_vid6_0171.jpg,normal/normal_01774.jpg,additional_vid6,171
normal/additional_vid6_0172.jpg,normal/normal_01775.jpg,additional_vid6,172
normal/additional_vid6_0173.jpg,normal/normal_01776.jpg,additional_vid6,173
normal/additional_vid6_0174.jpg,normal/normal_01777.jpg,additional_vid6,174
normal/additional_vid6_0175.jpg,normal/normal_01778.jpg,additional_vid6,175
normal/additional_vid6_0176.jpg,normal/normal_01779.jpg,additional_vid6,176
normal/additional_vid6_0177.jpg,normal/normal_01780.jpg,additional_vid6,177
normal/additional_vid6_0178.jpg,normal/normal_01781.jpg,additional_vid6,178
normal/additional_vid6_0179.jpg,normal/normal_01782.jpg,additional_vid6,179
normal/additional_vid6_0180.jpg,normal/normal_01783.jpg,additional_vid6,180
normal/additional_vid6_0181.jpg,normal/normal_01784.jpg,additional_vid6,181
normal/additional_vid6_0182.jpg,normal/normal_01785.jpg,additional_vid6,182
normal/additional_vid6_0183.jpg,normal/normal_01786.jpg,additional_vid6,183
normal/additional_vid6_0184.jpg,normal/normal_01787.jpg,additional_vid6,184
normal/additional_vid6_0185.jpg,normal/normal_01788.jpg,additional_vid6,185
normal/additional_vid6_0186.jpg,normal/normal_01789.jpg,additional_vid6,186
normal/additional_vid6_0187.jpg,normal/normal_01790.jpg,additional_vid6,187
normal/additional_vid6_0188.jpg,normal/normal_01791.jpg,additional_vid6,188
normal/additional_vid6_0189.jpg,normal/normal_01792.jpg,additional_vid6,189
normal/additional_vid6_0190.jpg,normal/normal_01793.jpg,additional_vid6,190
normal/additional_vid6_0191.jpg,normal/normal_01794.jpg,additional_vid6,191
normal/additional_vid6_0192.jpg,normal/normal_01795.jpg,additional_vid6,192
normal/additional_vid6_0193.jpg,normal/normal_01796.jpg,additional_vid6,193
normal/additional_vid6_0194.jpg,normal/normal_01797.jpg,additional_vid6,194
normal/additional_vid6_0195.jpg,normal/normal_01798.jpg,additional_vid6,195
normal/additional_vid6_0196.jpg,normal/normal_01799.jpg,additional_vid6,196
normal/additional_vid6_0197.jpg,normal/normal_01800.jpg,additional_vid6,197
normal/additional_vid6_0198.jpg,normal/normal_01801.jpg,additional_vid6,198
normal/additional_vid6_0199.jpg,normal/normal_01802.jpg,additional_vid6,199
normal/additional_vid6_0200.jpg,normal/normal_01803.jpg,additional_vid6,200
normal/additional_vid6_0201.jpg,normal/normal_01804.jpg,additional_vid6,201
normal/additional_vid6_0202.jpg,normal/normal_01805.jpg,additional_vid6,202
normal/additional_vid6_0203.jpg,normal/normal_01806.jpg,additional_vid6,203
normal/additional_vid6_0204.jpg,normal/normal_01807.jpg,additional_vid6,204
normal/additional_vid6_0205.jpg,normal/normal_01808.jpg,additional_vid6,205
normal/additional_vid6_0206.jpg,normal/normal_01809.jpg,additional_vid6,206
normal/additional_vid6_0207.jpg,normal/normal_01810.jpg,additional_vid6,207
normal/additional_vid6_0208.jpg,normal/normal_01811.jpg,additional_vid6,208
normal/additional_vid6_0209.jpg,normal/normal_01812.jpg,additional_vid6,209
normal/additional_vid6_0210.jpg,normal/normal_01813.jpg,additional_vid6,210
normal/additional_vid6_0211.jpg,normal/normal_01814.jpg,additional_vid6,211
normal/additional_vid6_0212.jpg,normal/normal_01815.jpg,additional_vid6,212
normal/additional_vid6_0213.jpg,normal/normal_01816.jpg,additional_vid6,213
normal/additional_vid6_0214.jpg,normal/normal_01817.jpg,additional_vid6,214
normal/additional_vid6_0215.jpg,normal/normal_01818.jpg,additional_vid6,215
normal/additional_vid6_0216.jpg,normal/normal_01819.jpg,additional_vid6,216
normal/additional_vid6_0217.jpg,normal/normal_01820.jpg,additional_vid6,217
normal/additional_vid6_0218.jpg,normal/normal_01821.jpg,additional_vid6,218
normal/additional_vid6_0219.jpg,normal/normal_01822.jpg,additional_vid6,219
normal/additional_vid6_0220.jpg,normal/normal_01823.jpg,additional_vid6,220
normal/additional_vid6_0221.jpg,normal/normal_01824.jpg,additional_vid6,221
normal/additional_vid6_0222.jpg,normal/normal_01825.jpg,additional_vid6,222
normal/additional_vid6_0223.jpg,normal/normal_01826.jpg,additional_vid6,223
normal/additional_vid6_0224.jpg,normal/normal_01827.jpg,additional_vid6,224
normal/additional_vid6_0225.jpg,normal/normal_01828.jpg,additional_vid6,225
normal/additional_vid6_0226.jpg,normal/normal_01829.jpg,additional_vid6,226
normal/additional_vid6_0227.jpg,normal/normal_01830.jpg,additional_vid6,227
normal/additional_vid6_0228.jpg,normal/normal_01831.jpg,additional_vid6,228
normal/additional_vid6_0229.jpg,normal/normal_01832.jpg,additional_vid6,229
normal/additional_vid6_0230.jpg,normal/normal_01833.jpg,additional_vid6,230
normal/additional_vid6_0231.jpg,normal/normal_01834.jpg,additional_vid6,231
normal/additional_vid6_0232.jpg,normal/normal_01835.jpg,additional_vid6,232
normal/additional_vid6_0233.jpg,normal/normal_01836.jpg,additional_vid6,233
normal/additional_vid6_0234.jpg,normal/normal_01837.jpg,additional_vid6,234
normal/additional_vid6_0235.jpg,normal/normal_01838.jpg,additional_vid6,235
normal/additional_vid6_0236.jpg,normal/normal_01839.jpg,additional_vid6,236
normal/additional_vid6_0237.jpg,normal/normal_01840.jpg,additional_vid6,237
normal/additional_vid6_0238.jpg,normal/normal_01841.jpg,additional_vid6,238
normal/additional_vid6_0239.jpg,normal/normal_01842.jpg,additional_vid6,239
normal/additional_vid6_0240.jpg,normal/normal_01843.jpg,additional_vid6,240
normal/additional_vid6_0241.jpg,normal/normal_01844.jpg,additional_vid6,241
normal/additional_vid6_0242.jpg,normal/normal_01845.jpg,additional_vid6,242
normal/additional_vid6_0243.jpg,normal/normal_01846.jpg,additional_vid6,243
normal/additional_vid6_0244.jpg,normal/normal_01847.jpg,additional_vid6,244
normal/additional_vid6_0245.jpg,normal/normal_01848.jpg,additional_vid6,245
normal/additional_vid6_0246.jpg,normal/normal_01849.jpg,additional_vid6,246
normal/additional_vid6_0247.jpg,normal/normal_01850.jpg,additional_vid6,247
normal/additional_vid6_0248.jpg,normal/normal_01851.jpg,additional_vid6,248
normal/additional_vid6_0249.jpg,normal/normal_01852.jpg,additional_vid6,249
normal/additional_vid6_0250.jpg,normal/normal_01853.jpg,additional_vid6,250
normal/additional_vid6_0251.jpg,normal/normal_01854.jpg,additional_vid6,251
normal/additional_vid6_0252.jpg,normal/normal_01855.jpg,additional_vid6,252
normal/additional_vid6_0253.jpg,normal/normal_01856.jpg,additional_vid6,253
normal/additional_vid6_0254.jpg,normal/normal_01857.jpg,additional_vid6,254
normal/additional_vid6_0255.jpg,normal/normal_01858.jpg,additional_vid6,255
normal/additional_vid6_0256.jpg,normal/normal_01859.jpg,additional_vid6,256
normal/additional_vid6_0257.jpg,normal/normal_01860.jpg,additional_vid6,257
normal/additional_vid6_0258.jpg,normal/normal_01861.jpg,additional_vid6,258
normal/additional_vid6_0259.jpg,normal/normal_01862.jpg,additional_vid6,259
normal/additional_vid6_0260.jpg,normal/normal_01863.jpg,additional_vid6,260
normal/additional_vid6_0261.jpg,normal/normal_01864.jpg,additional_vid6,261
normal/additional_vid6_0262.jpg,normal/normal_01865.jpg,additional_vid6,262
normal/additional_vid6_0263.jpg,normal/normal_01866.jpg,additional_vid6,263
normal/additional_vid6_0264.jpg,normal/normal_01867.jpg,additional_vid6,264
normal/additional_vid6_0265.jpg,normal/normal_01868.jpg,additional_vid6,265
normal/additional_vid6_0266.jpg,normal/normal_01869.jpg,additional_vid6,266
normal/additional_vid6_0267.jpg,normal/normal_01870.jpg,additional_vid6,267
normal/additional_vid6_0268.jpg,normal/normal_01871.jpg,additional_vid6,268
normal/additional_vid6_0269.jpg,normal/normal_01872.jpg,additional_vid6,269
normal/additional_vid6_0270.jpg,normal/normal_01873.jpg,additional_vid6,270
normal/additional_vid6_0271.jpg,normal/normal_01874.jpg,additional_vid6,271
normal/additional_vid6_0272.jpg,normal/normal_01875.jpg,additional_vid6,272
normal/additional_vid6_0273.jpg,normal/normal_01876.jpg,additional_vid6,273
normal/additional_vid6_0274.jpg,normal/normal_01877.jpg,additional_vid6,274
normal/additional_vid6_0275.jpg,normal/normal_01878.jpg,additional_vid6,275
normal/additional_vid6_0276.jpg,normal/normal_01879.jpg,additional_vid6,276
normal/additional_vid6_0277.jpg,normal/normal_01880.jpg,additional_vid6,277
normal/additional_vid6_0278.jpg,normal/normal_01881.jpg,additional_vid6,278
normal/additional_vid6_0279.jpg,normal/normal_01882.jpg,additional_vid6,279
normal/additional_vid6_0280.jpg,normal/normal_01883.jpg,additional_vid6,280
normal/additional_vid6_0281.jpg,normal/normal_01884.jpg,additional_vid6,281
normal/additional_vid6_0282.jpg,normal/normal_01885.jpg,additional_vid6,282
normal/additional_vid6_0283.jpg,normal/normal_01886.jpg,additional_vid6,283
normal/additional_vid6_0284.jpg,normal/normal_01887.jpg,additional_vid6,284
normal/additional_vid6_0285.jpg,normal/normal_01888.jpg,additional_vid6,285
normal/additional_vid6_0286.jpg,normal/normal_01889.jpg,additional_vid6,286
normal/additional_vid6_0287.jpg,normal/normal_01890.jpg,additional_vid6,287
normal/additional_vid6_0288.jpg,normal/normal_01891.jpg,additional_vid6,288
normal/additional_vid6_0289.jpg,normal/normal_01892.jpg,additional_vid6,289
normal/additional_vid6_0290.jpg,normal/normal_01893.jpg,additional_vid6,290
normal/additional_vid6_0291.jpg,normal/normal_01894.jpg,additional_vid6,291
normal/additional_vid6_0292.jpg,normal/normal_01895.jpg,additional_vid6,292
normal/additional_vid6_0293.jpg,normal/normal_01896.jpg,additional_vid6,293
normal/additional_vid6_0294.jpg,normal/normal_01897.jpg,additional_vid6,294
normal/additional_vid6_0295.jpg,normal/normal_01898.jpg,additional_vid6,295
normal/additional_vid6_0296.jpg,normal/normal_01899.jpg,additional_vid6,296
normal/additional_vid6_0297.jpg,normal/normal_01900.jpg,additional_vid6,297
normal/additional_vid6_0298.jpg,normal/normal_01901.jpg,additional_vid6,298
normal/additional_vid6_0299.jpg,normal/normal_01902.jpg,additional_vid6,299
normal/additional_vid6_0300.jpg,normal/normal_01903.jpg,additional_vid6,300
normal/additional_vid6_0301.jpg,normal/normal_01904.jpg,additional_vid6,301
normal/additional_vid6_0302.jpg,normal/normal_01905.jpg,additional_vid6,302
normal/additional_vid6_0303.jpg,normal/normal_01906.jpg,additional_vid6,303
normal/additional_vid6_0304.jpg,normal/normal_01907.jpg,additional_vid6,304
normal/additional_vid6_0305.jpg,normal/normal_01908.jpg,additional_vid6,305
normal/additional_vid6_0306.jpg,normal/normal_01909.jpg,additional_vid6,306
normal/additional_vid6_0307.jpg,normal/normal_01910.jpg,additional_vid6,307
normal/additional_vid6_0308.jpg,normal/normal_01911.jpg,additional_vid6,308
normal/additional_vid6_0309.jpg,normal/normal_01912.jpg,additional_vid6,309
normal/additional_vid6_0310.jpg,normal/normal_01913.jpg,additional_vid6,310
normal/additional_vid6_0311.jpg,normal/normal_01914.jpg,additional_vid6,311
normal/additional_vid6_0312.jpg,normal/normal_01915.jpg,additional_vid6,312
normal/additional_vid6_0313.jpg,normal/normal_01916.jpg,additional_vid6,313
normal/additional_vid6_0314.jpg,normal/normal_01917.jpg,additional_vid6,314
normal/additional_vid6_0315.jpg,normal/normal_01918.jpg,additional_vid6,315
normal/additional_vid6_0316.jpg,normal/normal_01919.jpg,additional_vid6,316
normal/additional_vid6_0317.jpg,normal/normal_01920.jpg,additional_vid6,317
normal/additional_vid6_0318.jpg,normal/normal_01921.jpg,additional_vid6,318
normal/additional_vid6_0319.jpg,normal/normal_01922.jpg,additional_vid6,319
normal/additional_vid6_0320.jpg,normal/normal_01923.jpg,additional_vid6,320
normal/additional_vid6_0321.jpg,normal/normal_01924.jpg,additional_vid6,321
normal/additional_vid6_0322.jpg,normal/normal_01925.jpg,additional_vid6,322
normal/additional_vid6_0323.jpg,normal/normal_01926.jpg,additional_vid6,323
normal/additional_vid6_0324.jpg,normal/normal_01927.jpg,additional_vid6,324
normal/additional_vid6_0325.jpg,normal/normal_01928.jpg,additional_vid6,325
normal/additional_vid6_0326.jpg,normal/normal_01929.jpg,additional_vid6,326
normal/additional_vid6_0327.jpg,normal/normal_01930.jpg,additional_vid6,327
normal/additional_vid6_0328.jpg,normal/normal_01931.jpg,additional_vid6,328
normal/additional_vid6_0329.jpg,normal/normal_01932.jpg,additional_vid6,329
normal/additional_vid6_0330.jpg,normal/normal_01933.jpg,additional_vid6,330
normal/additional_vid6_0331.jpg,normal/normal_01934.jpg,additional_vid6,331
normal/additional_vid6_0332.jpg,normal/normal_01935.jpg,additional_vid6,332
normal/additional_vid6_0333.jpg,normal/normal_01936.jpg,additional_vid6,333
normal/additional_vid6_0334.jpg,normal/normal_01937.jpg,additional_vid6,334
normal/additional_vid6_0335.jpg,normal/normal_01938.jpg,additional_vid6,335
normal/additional_vid6_0336.jpg,normal/normal_01939.jpg,additional_vid6,336
normal/additional_vid6_0337.jpg,normal/normal_01940.jpg,additional_vid6,337
normal/additional_vid6_0338.jpg,normal/normal_01941.jpg,additional_vid6,338
normal/additional_vid6_0339.jpg,normal/normal_01942.jpg,additional_vid6,339
normal/additional_vid6_0340.jpg,normal/normal_01943.jpg,additional_vid6,340
normal/additional_vid6_0341.jpg,normal/normal_01944.jpg,additional_vid6,341
normal/additional_vid6_0342.jpg,normal/normal_01945.jpg,additional_vid6,342
normal/additional_vid6_0343.jpg,normal/normal_01946.jpg,additional_vid6,343
normal/additional_vid6_0344.jpg,normal/normal_01947.jpg,additional_vid6,344
normal/additional_vid6_0345.jpg,normal/normal_01948.jpg,additional_vid6,345
normal/additional_vid6_0346.jpg,normal/normal_01949.jpg,additional_vid6,346
normal/additional_vid6_0347.jpg,normal/normal_01950.jpg,additional_vid6,347
normal/additional_vid6_0348.jpg,normal/normal_01951.jpg,additional_vid6,348
normal/additional_vid6_0349.jpg,normal/normal_01952.jpg,additional_vid6,349
normal/additional_vid6_0350.jpg,normal/normal_01953.jpg,additional_vid6,350
normal/additional_vid6_0351.jpg,normal/normal_01954.jpg,additional_vid6,351
normal/additional_vid6_0352.jpg,normal/normal_01955.jpg,additional_vid6,352
normal/additional_vid6_0353.jpg,normal/normal_01956.jpg,additional_vid6,353
normal/additional_vid6_0354.jpg,normal/normal_01957.jpg,additional_vid6,354
normal/additional_vid6_0355.jpg,normal/normal_01958.jpg,additional_vid6,355
normal/additional_vid6_0356.jpg,normal/normal_01959.jpg,additional_vid6,356
normal/additional_vid6_0357.jpg,normal/normal_01960.jpg,additional_vid6,357
normal/additional_vid6_0358.jpg,normal/normal_01961.jpg,additional_vid6,358
normal/additional_vid6_0359.jpg,normal/normal_01962.jpg,additional_vid6,359
normal/additional_vid6_0360.jpg,normal/normal_01963.jpg,additional_vid6,360
normal/additional_vid6_0361.jpg,normal/normal_01964.jpg,additional_vid6,361
normal/additional_vid6_0362.jpg,normal/normal_01965.jpg,additional_vid6,362
normal/additional_vid6_0363.jpg,normal/normal_01966.jpg,additional_vid6,363
normal/additional_vid6_0364.jpg,normal/normal_01967.jpg,additional_vid6,364
normal/additional_vid6_0365.jpg,normal/normal_01968.jpg,additional_vid6,365
normal/additional_vid6_0366.jpg,normal/normal_01969.jpg,additional_vid6,366
normal/additional_vid6_0367.jpg,normal/normal_01970.jpg,additional_vid6,367
normal/additional_vid6_0368.jpg,normal/normal_01971.jpg,additional_vid6,368
normal/additional_vid6_0369.jpg,normal/normal_01972.jpg,additional_vid6,369
normal/additional_vid6_0370.jpg,normal/normal_01973.jpg,additional_vid6,370
normal/additional_vid6_0371.jpg,normal/normal_01974.jpg,additional_vid6,371
normal/additional_vid6_0372.jpg,normal/normal_01975.jpg,additional_vid6,372
normal/additional_vid6_0373.jpg,normal/normal_01976.jpg,additional_vid6,373
normal/additional_vid6_0374.jpg,normal/normal_01977.jpg,additional_vid6,374
normal/additional_vid6_0375.jpg,normal/normal_01978.jpg,additional_vid6,375
normal/additional_vid6_0376.jpg,normal/normal_01979.jpg,additional_vid6,376
normal/additional_vid6_0377.jpg,normal/normal_01980.jpg,additional_vid6,377
normal/additional_vid6_0378.jpg,normal/normal_01981.jpg,additional_vid6,378
normal/additional_vid6_0379.jpg,normal/normal_01982.jpg,additional_vid6,379
normal/additional_vid6_0380.jpg,normal/normal_01983.jpg,additional_vid6,380
normal/additional_vid6_0381.jpg,normal/normal_01984.jpg,additional_vid6,381
normal/additional_vid6_0382.jpg,normal/normal_01985.jpg,additional_vid6,382
normal/additional_vid6_0383.jpg,normal/normal_01986.jpg,additional_vid6,383
normal/additional_vid6_0384.jpg,normal/normal_01987.jpg,additional_vid6,384
normal/additional_vid6_0385.jpg,normal/normal_01988.jpg,additional_vid6,385
normal/additional_vid6_0386.jpg,normal/normal_01989.jpg,additional_vid6,386
normal/additional_vid6_0387.jpg,normal/normal_01990.jpg,additional_vid6,387
normal/additional_vid6_0388.jpg,normal/normal_01991.jpg,additional_vid6,388
normal/additional_vid6_0389.jpg,normal/normal_01992.jpg,additional_vid6,389
normal/additional_vid6_0390.jpg,normal/normal_01993.jpg,additional_vid6,390
normal/additional_vid6_0391.jpg,normal/normal_01994.jpg,additional_vid6,391
normal/additional_vid6_0392.jpg,normal/normal_01995.jpg,additional_vid6,392
normal/additional_vid6_0393.jpg,normal/normal_01996.jpg,additional_vid6,393
normal/additional_vid6_0394.jpg,normal/normal_01997.jpg,additional_vid6,394
normal/additional_vid6_0395.jpg,normal/normal_01998.jpg,additional_vid6,395
normal/additional_vid6_0396.jpg,normal/normal_01999.jpg,additional_vid6,396
normal/additional_vid6_0397.jpg,normal/normal_02000.jpg,additional_vid6,397
normal/additional_vid6_0398.jpg,normal/normal_02001.jpg,additional_vid6,398
normal/additional_vid6_0399.jpg,normal/normal_02002.jpg,additional_vid6,399
normal/additional_vid6_0400.jpg,normal/normal_02003.jpg,additional_vid6,400
normal/additional_vid6_0401.jpg,normal/normal_02004.jpg,additional_vid6,401
normal/additional_vid6_0402.jpg,normal/normal_02005.jpg,additional_vid6,402
normal/additional_vid6_0403.jpg,normal/normal_02006.jpg,additional_vid6,403
normal/additional_vid6_0404.jpg,normal/normal_02007.jpg,additional_vid6,404
normal/additional_vid6_0405.jpg,normal/normal_02008.jpg,additional_vid6,405
normal/additional_vid6_0406.jpg,normal/normal_02009.jpg,additional_vid6,406
normal/additional_vid6_0407.jpg,normal/normal_02010.jpg,additional_vid6,407
normal/additional_vid6_0408.jpg,normal/normal_02011.jpg,additional_vid6,408
normal/additional_vid6_0409.jpg,normal/normal_02012.jpg,additional_vid6,409
normal/additional_vid6_0410.jpg,normal/normal_02013.jpg,additional_vid6,410
normal/additional_vid6_0411.jpg,normal/normal_02014.jpg,additional_vid6,411
normal/additional_vid6_0412.jpg,normal/normal_02015.jpg,additional_vid6,412
normal/additional_vid6_0413.jpg,normal/normal_02016.jpg,additional_vid6,413
normal/additional_vid6_0414.jpg,normal/normal_02017.jpg,additional_vid6,414
normal/additional_vid6_0415.jpg,normal/normal_02018.jpg,additional_vid6,415
normal/additional_vid6_0416.jpg,normal/normal_02019.jpg,additional_vid6,416
normal/additional_vid6_0417.jpg,normal/normal_02020.jpg,additional_vid6,417
normal/additional_vid6_0418.jpg,normal/normal_02021.jpg,additional_vid6,418
normal/additional_vid6_0419.jpg,normal/normal_02022.jpg,additional_vid6,419
normal/additional_vid6_0420.jpg,normal/normal_02023.jpg,additional_vid6,420
normal/additional_vid6_0421.jpg,normal/normal_02024.jpg,additional_vid6,421
normal/additional_vid6_0422.jpg,normal/normal_02025.jpg,additional_vid6,422
normal/additional_vid6_0423.jpg,normal/normal_02026.jpg,additional_vid6,423
normal/additional_vid6_0424.jpg,normal/normal_02027.jpg,additional_vid6,424
normal/additional_vid6_0425.jpg,normal/normal_02028.jpg,additional_vid6,425
normal/additional_vid6_0426.jpg,normal/normal_02029.jpg,additional_vid6,426
normal/additional_vid6_0427.jpg,normal/normal_02030.jpg,additional_vid6,427
normal/additional_vid6_0428.jpg,normal/normal_02031.jpg,additional_vid6,428
normal/additional_vid6_0429.jpg,normal/normal_02032.jpg,additional_vid6,429
normal/additional_vid6_0430.jpg,normal/normal_02033.jpg,additional_vid6,430
normal/additional_vid6_0431.jpg,normal/normal_02034.jpg,additional_vid6,431
normal/additional_vid6_0432.jpg,normal/normal_02035.jpg,additional_vid6,432
normal/additional_vid6_0433.jpg,normal/normal_02036.jpg,additional_vid6,433
normal/additional_vid6_0434.jpg,normal/normal_02037.jpg,additional_vid6,434
normal/additional_vid6_0435.jpg,normal/normal_02038.jpg,additional_vid6,435
normal/additional_vid6_0436.jpg,normal/normal_02039.jpg,additional_vid6,436
normal/additional_vid6_0437.jpg,normal/normal_02040.jpg,additional_vid6,437
normal/additional_vid6_0438.jpg,normal/normal_02041.jpg,additional_vid6,438
normal/additional_vid6_0439.jpg,normal/normal_02042.jpg,additional_vid6,439
normal/additional_vid6_0440.jpg,normal/normal_02043.jpg,additional_vid6,440
normal/additional_vid6_0441.jpg,normal/normal_02044.jpg,additional_vid6,441
normal/additional_vid6_0442.jpg,normal/normal_02045.jpg,additional_vid6,442
normal/additional_vid6_0443.jpg,normal/normal_02046.jpg,additional_vid6,443
normal/additional_vid6_0444.jpg,normal/normal_02047.jpg,additional_vid6,444
normal/additional_vid6_0445.jpg,normal/normal_02048.jpg,additional_vid6,445
normal/additional_vid6_0446.jpg,normal/normal_02049.jpg,additional_vid6,446
normal/additional_vid6_0447.jpg,normal/normal_02050.jpg,additional_vid6,447
normal/additional_vid6_0448.jpg,normal/normal_02051.jpg,additional_vid6,448
normal/additional_vid6_0449.jpg,normal/normal_02052.jpg,additional_vid6,449
normal/additional_vid6_0450.jpg,normal/normal_02053.jpg,additional_vid6,450
normal/additional_vid6_0451.jpg,normal/normal_02054.jpg,additional_vid6,451
normal/additional_vid6_0452.jpg,normal/normal_02055.jpg,additional_vid6,452
normal/additional_vid6_0453.jpg,normal/normal_02056.jpg,additional_vid6,453
normal/additional_vid6_0454.jpg,normal/normal_02057.jpg,additional_vid6,454
normal/additional_vid6_0455.jpg,normal/normal_02058.jpg,additional_vid6,455
normal/additional_vid6_0456.jpg,normal/normal_02059.jpg,additional_vid6,456
normal/additional_vid6_0457.jpg,normal/normal_02060.jpg,additional_vid6,457
normal/additional_vid6_0458.jpg,normal/normal_02061.jpg,additional_vid6,458
normal/additional_vid6_0459.jpg,normal/normal_02062.jpg,additional_vid6,459
normal/additional_vid6_0460.jpg,normal/normal_02063.jpg,additional_vid6,460
normal/additional_vid6_0461.jpg,normal/normal_02064.jpg,additional_vid6,461
normal/additional_vid6_0462.jpg,normal/normal_02065.jpg,additional_vid6,462
normal/additional_vid6_0463.jpg,normal/normal_02066.jpg,additional_vid6,463
normal/additional_vid6_0464.jpg,normal/normal_02067.jpg,additional_vid6,464
normal/additional_vid6_0465.jpg,normal/normal_02068.jpg,additional_vid6,465
normal/additional_vid6_0466.jpg,normal/normal_02069.jpg,additional_vid6,466
normal/additional_vid6_0467.jpg,normal/normal_02070.jpg,additional_vid6,467
normal/additional_vid6_0468.jpg,normal/normal_02071.jpg,additional_vid6,468
normal/additional_vid6_0469.jpg,normal/normal_02072.jpg,additional_vid6,469
normal/additional_vid6_0470.jpg,normal/normal_02073.jpg,additional_vid6,470
normal/additional_vid6_0471.jpg,normal/normal_02074.jpg,additional_vid6,471
normal/additional_vid6_0472.jpg,normal/normal_02075.jpg,additional_vid6,472
normal/additional_vid6_0473.jpg,normal/normal_02076.jpg,additional_vid6,473
normal/additional_vid6_0474.jpg,normal/normal_02077.jpg,additional_vid6,474
normal/additional_vid6_0475.jpg,normal/normal_02078.jpg,additional_vid6,475
normal/additional_vid6_0476.jpg,normal/normal_02079.jpg,additional_vid6,476
normal/additional_vid6_0477.jpg,normal/normal_02080.jpg,additional_vid6,477
normal/additional_vid6_0478.jpg,normal/normal_02081.jpg,additional_vid6,478
normal/additional_vid6_0479.jpg,normal/normal_02082.jpg,additional_vid6,479
normal/additional_vid6_0480.jpg,normal/normal_02083.jpg,additional_vid6,480
normal/additional_vid6_0481.jpg,normal/normal_02084.jpg,additional_vid6,481
normal/additional_vid6_0482.jpg,normal/normal_02085.jpg,additional_vid6,482
normal/additional_vid6_0483.jpg,normal/normal_02086.jpg,additional_vid6,483
normal/additional_vid6_0484.jpg,normal/normal_02087.jpg,additional_vid6,484
normal/additional_vid6_0485.jpg,normal/normal_02088.jpg,additional_vid6,485
normal/additional_vid6_0486.jpg,normal/normal_02089.jpg,additional_vid6,486
normal/additional_vid6_0487.jpg,normal/normal_02090.jpg,additional_vid6,487
normal/additional_vid6_0488.jpg,normal/normal_02091.jpg,additional_vid6,488
normal/additional_vid6_0489.jpg,normal/normal_02092.jpg,additional_vid6,489
normal/additional_vid6_0490.jpg,normal/normal_02093.jpg,additional_vid6,490
normal/additional_vid6_0491.jpg,normal/normal_02094.jpg,additional_vid6,491
normal/additional_vid6_0492.jpg,normal/normal_02095.jpg,additional_vid6,492
normal/additional_vid6_0493.jpg,normal/normal_02096.jpg,additional_vid6,493
normal/additional_vid6_0494.jpg,normal/normal_02097.jpg,additional_vid6,494
normal/additional_vid6_0495.jpg,normal/normal_02098.jpg,additional_vid6,495
normal/additional_vid6_0496.jpg,normal/normal_02099.jpg,additional_vid6,496
normal/additional_vid6_0497.jpg,normal/normal_02100.jpg,additional_vid6,497
normal/additional_vid6_0498.jpg,normal/normal_02101.jpg,additional_vid6,498
normal/additional_vid6_0499.jpg,normal/normal_02102.jpg,additional_vid6,499
normal/additional_vid6_0500.jpg,normal/normal_02103.jpg,additional_vid6,500
normal/additional_vid6_0501.jpg,normal/normal_02104.jpg,additional_vid6,501
normal/additional_vid6_0502.jpg,normal/normal_02105.jpg,additional_vid6,502
normal/additional_vid6_0503.jpg,normal/normal_02106.jpg,additional_vid6,503
normal/additional_vid6_0504.jpg,normal/normal_02107.jpg,additional_vid6,504
normal/additional_vid6_0505.jpg,normal/normal_02108.jpg,additional_vid6,505
normal/additional_vid6_0506.jpg,normal/normal_02109.jpg,additional_vid6,506
normal/additional_vid6_0507.jpg,normal/normal_02110.jpg,additional_vid6,507
normal/additional_vid6_0508.jpg,normal/normal_02111.jpg,additional_vid6,508
normal/additional_vid6_0509.jpg,normal/normal_02112.jpg,additional_vid6,509
normal/additional_vid7_0001.jpg,normal/normal_02113.jpg,additional_vid7,1
normal/additional_vid7_0002.jpg,normal/normal_02114.jpg,additional_vid7,2
normal/additional_vid7_0003.jpg,normal/normal_02115.jpg,additional_vid7,3
normal/additional_vid7_0004.jpg,normal/normal_02116.jpg,additional_vid7,4
normal/additional_vid7_0005.jpg,normal/normal_02117.jpg,additional_vid7,5
normal/additional_vid7_0006.jpg,normal/normal_02118.jpg,additional_vid7,6
normal/additional_vid7_0007.jpg,normal/normal_02119.jpg,additional_vid7,7
normal/additional_vid7_0008.jpg,normal/normal_02120.jpg,additional_vid7,8
normal/additional_vid7_0009.jpg,normal/normal_02121.jpg,additional_vid7,9
normal/additional_vid7_0010.jpg,normal/normal_02122.jpg,additional_vid7,10
normal/additional_vid7_0011.jpg,normal/normal_02123.jpg,additional_vid7,11
normal/additional_vid7_0012.jpg,normal/normal_02124.jpg,additional_vid7,12
normal/additional_vid7_0013.jpg,normal/normal_02125.jpg,additional_vid7,13
normal/additional_vid7_0014.jpg,normal/normal_02126.jpg,additional_vid7,14
normal/additional_vid7_0015.jpg,normal/normal_02127.jpg,additional_vid7,15
normal/additional_vid7_0016.jpg,normal/normal_02128.jpg,additional_vid7,16
normal/additional_vid7_0017.jpg,normal/normal_02129.jpg,additional_vid7,17
normal/additional_vid7_0018.jpg,normal/normal_02130.jpg,additional_vid7,18
normal/additional_vid7_0019.jpg,normal/normal_02131.jpg,additional_vid7,19
normal/additional_vid7_0020.jpg,normal/normal_02132.jpg,additional_vid7,20
normal/additional_vid7_0021.jpg,normal/normal_02133.jpg,additional_vid7,21
normal/additional_vid7_0022.jpg,normal/normal_02134.jpg,additional_vid7,22
normal/additional_vid7_0023.jpg,normal/normal_02135.jpg,additional_vid7,23
normal/additional_vid7_0024.jpg,normal/normal_02136.jpg,additional_vid7,24
normal/additional_vid7_0025.jpg,normal/normal_02137.jpg,additional_vid7,25
normal/additional_vid7_0026.jpg,normal/normal_02138.jpg,additional_vid7,26
normal/additional_vid7_0027.jpg,normal/normal_02139.jpg,additional_vid7,27
normal/additional_vid7_0028.jpg,normal/normal_02140.jpg,additional_vid7,28
normal/additional_vid7_0029.jpg,normal/normal_02141.jpg,additional_vid7,29
normal/additional_vid7_0030.jpg,normal/normal_02142.jpg,additional_vid7,30
normal/additional_vid7_0031.jpg,normal/normal_02143.jpg,additional_vid7,31
normal/additional_vid7_0032.jpg,normal/normal_02144.jpg,additional_vid7,32
normal/additional_vid7_0033.jpg,normal/normal_02145.jpg,additional_vid7,33
normal/additional_vid7_0034.jpg,normal/normal_02146.jpg,additional_vid7,34
normal/additional_vid7_0035.jpg,normal/normal_02147.jpg,additional_vid7,35
normal/additional_vid7_0036.jpg,normal/normal_02148.jpg,additional_vid7,36
normal/additional_vid7_0037.jpg,normal/normal_02149.jpg,additional_vid7,37
normal/additional_vid7_0038.jpg,normal/normal_02150.jpg,additional_vid7,38
normal/additional_vid7_0039.jpg,normal/normal_02151.jpg,additional_vid7,39
normal/additional_vid7_0040.jpg,normal/normal_02152.jpg,additional_vid7,40
normal/additional_vid7_0041.jpg,normal/normal_02153.jpg,additional_vid7,41
normal/additional_vid7_0042.jpg,normal/normal_02154.jpg,additional_vid7,42
normal/additional_vid7_0043.jpg,normal/normal_02155.jpg,additional_vid7,43
normal/additional_vid7_0044.jpg,normal/normal_02156.jpg,additional_vid7,44
normal/additional_vid7_0045.jpg,normal/normal_02157.jpg,additional_vid7,45
normal/additional_vid7_0046.jpg,normal/normal_02158.jpg,additional_vid7,46
normal/additional_vid7_0047.jpg,normal/normal_02159.jpg,additional_vid7,47
normal/additional_vid7_0048.jpg,normal/normal_02160.jpg,additional_vid7,48
normal/additional_vid7_0049.jpg,normal/normal_02161.jpg,additional_vid7,49
normal/additional_vid7_0050.jpg,normal/normal_02162.jpg,additional_vid7,50
normal/additional_vid7_0051.jpg,normal/normal_02163.jpg,additional_vid7,51
normal/additional_vid7_0052.jpg,normal/normal_02164.jpg,additional_vid7,52
normal/additional_vid7_0053.jpg,normal/normal_02165.jpg,additional_vid7,53
normal/additional_vid7_0054.jpg,normal/normal_02166.jpg,additional_vid7,54
normal/additional_vid7_0055.jpg,normal/normal_02167.jpg,additional_vid7,55
normal/additional_vid7_0056.jpg,normal/normal_02168.jpg,additional_vid7,56
normal/additional_vid7_0057.jpg,normal/normal_02169.jpg,additional_vid7,57
normal/additional_vid7_0058.jpg,normal/normal_02170.jpg,additional_vid7,58
normal/additional_vid7_0059.jpg,normal/normal_02171.jpg,additional_vid7,59
normal/additional_vid7_0060.jpg,normal/normal_02172.jpg,additional_vid7,60
normal/additional_vid7_0061.jpg,normal/normal_02173.jpg,additional_vid7,61
normal/additional_vid7_0062.jpg,normal/normal_02174.jpg,additional_vid7,62
normal/additional_vid7_0063.jpg,normal/normal_02175.jpg,additional_vid7,63
normal/additional_vid7_0064.jpg,normal/normal_02176.jpg,additional_vid7,64
normal/additional_vid7_0065.jpg,normal/normal_02177.jpg,additional_vid7,65
normal/additional_vid7_0066.jpg,normal/normal_02178.jpg,additional_vid7,66
normal/additional_vid7_0067.jpg,normal/normal_02179.jpg,additional_vid7,67
normal/additional_vid7_0068.jpg,normal/normal_02180.jpg,additional_vid7,68
normal/additional_vid7_0069.jpg,normal/normal_02181.jpg,additional_vid7,69
normal/additional_vid7_0070.jpg,normal/normal_02182.jpg,additional_vid7,70
normal/additional_vid7_0071.jpg,normal/normal_02183.jpg,additional_vid7,71
normal/additional_vid7_0072.jpg,normal/normal_02184.jpg,additional_vid7,72
normal/additional_vid7_0073.jpg,normal/normal_02185.jpg,additional_vid7,73
normal/additional_vid7_0074.jpg,normal/normal_02186.jpg,additional_vid7,74
normal/additional_vid7_0075.jpg,normal/normal_02187.jpg,additional_vid7,75
normal/additional_vid7_0076.jpg,normal/normal_02188.jpg,additional_vid7,76
normal/additional_vid7_0077.jpg,normal/normal_02189.jpg,additional_vid7,77
normal/additional_vid7_0078.jpg,normal/normal_02190.jpg,additional_vid7,78
normal/additional_vid7_0079.jpg,normal/normal_02191.jpg,additional_vid7,79
normal/additional_vid7_0080.jpg,normal/normal_02192.jpg,additional_vid7,80
normal/additional_vid7_0081.jpg,normal/normal_02193.jpg,additional_vid7,81
normal/additional_vid7_0082.jpg,normal/normal_02194.jpg,additional_vid7,82
normal/additional_vid7_0083.jpg,normal/normal_02195.jpg,additional_vid7,83
normal/additional_vid7_0084.jpg,normal/normal_02196.jpg,additional_vid7,84
normal/additional_vid7_0085.jpg,normal/normal_02197.jpg,additional_vid7,85
normal/additional_vid7_0086.jpg,normal/normal_02198.jpg,additional_vid7,86
normal/additional_vid7_0087.jpg,normal/normal_02199.jpg,additional_vid7,87
normal/additional_vid7_0088.jpg,normal/normal_02200.jpg,additional_vid7,88
normal/additional_vid7_0089.jpg,normal/normal_02201.jpg,additional_vid7,89
normal/additional_vid7_0090.jpg,normal/normal_02202.jpg,additional_vid7,90
normal/additional_vid7_0091.jpg,normal/normal_02203.jpg,additional_vid7,91
normal/additional_vid7_0092.jpg,normal/normal_02204.jpg,additional_vid7,92
normal/additional_vid7_0093.jpg,normal/normal_02205.jpg,additional_vid7,93
normal/additional_vid7_0094.jpg,normal/normal_02206.jpg,additional_vid7,94
normal/additional_vid7_0095.jpg,normal/normal_02207.jpg,additional_vid7,95
normal/additional_vid7_0096.jpg,normal/normal_02208.jpg,additional_vid7,96
normal/additional_vid7_0097.jpg,normal/normal_02209.jpg,additional_vid7,97
normal/additional_vid7_0098.jpg,normal/normal_02210.jpg,additional_vid7,98
normal/additional_vid7_0099.jpg,normal/normal_02211.jpg,additional_vid7,99
normal/additional_vid7_0100.jpg,normal/normal_02212.jpg,additional_vid7,100
normal/additional_vid7_0101.jpg,normal/normal_02213.jpg,additional_vid7,101
normal/additional_vid7_0102.jpg,normal/normal_02214.jpg,additional_vid7,102
normal/additional_vid7_0103.jpg,normal/normal_02215.jpg,additional_vid7,103
normal/additional_vid7_0104.jpg,normal/normal_02216.jpg,additional_vid7,104
normal/additional_vid7_0105.jpg,normal/normal_02217.jpg,additional_vid7,105
normal/additional_vid7_0106.jpg,normal/normal_02218.jpg,additional_vid7,106
normal/additional_vid7_0107.jpg,normal/normal_02219.jpg,additional_vid7,107
normal/additional_vid7_0108.jpg,normal/normal_02220.jpg,additional_vid7,108
normal/additional_vid7_0109.jpg,normal/normal_02221.jpg,additional_vid7,109
normal/additional_vid7_0110.jpg,normal/normal_02222.jpg,additional_vid7,110
normal/additional_vid7_0111.jpg,normal/normal_02223.jpg,additional_vid7,111
normal/additional_vid7_0112.jpg,normal/normal_02224.jpg,additional_vid7,112
normal/additional_vid7_0113.jpg,normal/normal_02225.jpg,additional_vid7,113
normal/additional_vid7_0114.jpg,normal/normal_02226.jpg,additional_vid7,114
normal/additional_vid7_0115.jpg,normal/normal_02227.jpg,additional_vid7,115
normal/additional_vid7_0116.jpg,normal/normal_02228.jpg,additional_vid7,116
normal/additional_vid7_0117.jpg,normal/normal_02229.jpg,additional_vid7,117
normal/additional_vid7_0118.jpg,normal/normal_02230.jpg,additional_vid7,118
normal/additional_vid7_0119.jpg,normal/normal_02231.jpg,additional_vid7,119
normal/additional_vid7_0120.jpg,normal/normal_02232.jpg,additional_vid7,120
normal/additional_vid7_0121.jpg,normal/normal_02233.jpg,additional_vid7,121
normal/additional_vid7_0122.jpg,normal/normal_02234.jpg,additional_vid7,122
normal/additional_vid7_0123.jpg,normal/normal_02235.jpg,additional_vid7,123
normal/additional_vid7_0124.jpg,normal/normal_02236.jpg,additional_vid7,124
normal/additional_vid7_0125.jpg,normal/normal_02237.jpg,additional_vid7,125
normal/additional_vid7_0126.jpg,normal/normal_02238.jpg,additional_vid7,126
normal/additional_vid7_0127.jpg,normal/normal_02239.jpg,additional_vid7,127
normal/additional_vid7_0128.jpg,normal/normal_02240.jpg,additional_vid7,128
normal/additional_vid7_0129.jpg,normal/normal_02241.jpg,additional_vid7,129
normal/additional_vid7_0130.jpg,normal/normal_02242.jpg,additional_vid7,130
normal/additional_vid7_0131.jpg,normal/normal_02243.jpg,additional_vid7,131
normal/additional_vid7_0132.jpg,normal/normal_02244.jpg,additional_vid7,132
normal/additional_vid7_0133.jpg,normal/normal_02245.jpg,additional_vid7,133
normal/additional_vid7_0134.jpg,normal/normal_02246.jpg,additional_vid7,134
normal/additional_vid7_0135.jpg,normal/normal_02247.jpg,additional_vid7,135
normal/additional_vid7_0136.jpg,normal/normal_02248.jpg,additional_vid7,136
normal/additional_vid7_0137.jpg,normal/normal_02249.jpg,additional_vid7,137
normal/additional_vid7_0138.jpg,normal/normal_02250.jpg,additional_vid7,138
normal/additional_vid7_0139.jpg,normal/normal_02251.jpg,additional_vid7,139
normal/additional_vid7_0140.jpg,normal/normal_02252.jpg,additional_vid7,140
normal/additional_vid7_0141.jpg,normal/normal_02253.jpg,additional_vid7,141
normal/additional_vid7_0142.jpg,normal/normal_02254.jpg,additional_vid7,142
normal/additional_vid7_0143.jpg,normal/normal_02255.jpg,additional_vid7,143
normal/additional_vid7_0144.jpg,normal/normal_02256.jpg,additional_vid7,144
normal/additional_vid7_0145.jpg,normal/normal_02257.jpg,additional_vid7,145
normal/additional_vid7_0146.jpg,normal/normal_02258.jpg,additional_vid7,146
normal/additional_vid7_0147.jpg,normal/normal_02259.jpg,additional_vid7,147
normal/additional_vid7_0148.jpg,normal/normal_02260.jpg,additional_vid7,148
normal/additional_vid7_0149.jpg,normal/normal_02261.jpg,additional_vid7,149
normal/additional_vid7_0150.jpg,normal/normal_02262.jpg,additional_vid7,150
normal/additional_vid7_0151.jpg,normal/normal_02263.jpg,additional_vid7,151
normal/additional_vid7_0152.jpg,normal/normal_02264.jpg,additional_vid7,152
normal/additional_vid7_0153.jpg,normal/normal_02265.jpg,additional_vid7,153
normal/additional_vid7_0154.jpg,normal/normal_02266.jpg,additional_vid7,154
normal/additional_vid7_0155.jpg,normal/normal_02267.jpg,additional_vid7,155
normal/additional_vid7_0156.jpg,normal/normal_02268.jpg,additional_vid7,156
normal/additional_vid7_0157.jpg,normal/normal_02269.jpg,additional_vid7,157
normal/additional_vid7_0158.jpg,normal/normal_02270.jpg,additional_vid7,158
normal/additional_vid7_0159.jpg,normal/normal_02271.jpg,additional_vid7,159
normal/additional_vid7_0160.jpg,normal/normal_02272.jpg,additional_vid7,160
normal/additional_vid7_0161.jpg,normal/normal_02273.jpg,additional_vid7,161
normal/additional_vid7_0162.jpg,normal/normal_02274.jpg,additional_vid7,162
normal/additional_vid7_0163.jpg,normal/normal_02275.jpg,additional_vid7,163
normal/additional_vid7_0164.jpg,normal/normal_02276.jpg,additional_vid7,164
normal/additional_vid7_0165.jpg,normal/normal_02277.jpg,additional_vid7,165
normal/additional_vid7_0166.jpg,normal/normal_02278.jpg,additional_vid7,166
normal/additional_vid7_0167.jpg,normal/normal_02279.jpg,additional_vid7,167
normal/additional_vid7_0168.jpg,normal/normal_02280.jpg,additional_vid7,168
normal/additional_vid7_0169.jpg,normal/normal_02281.jpg,additional_vid7,169
normal/additional_vid7_0170.jpg,normal/normal_02282.jpg,additional_vid7,170
normal/additional_vid7_0171.jpg,normal/normal_02283.jpg,additional_vid7,171
normal/additional_vid7_0172.jpg,normal/normal_02284.jpg,additional_vid7,172
normal/additional_vid7_0173.jpg,normal/normal_02285.jpg,additional_vid7,173
normal/additional_vid7_0174.jpg,normal/normal_02286.jpg,additional_vid7,174
normal/additional_vid7_0175.jpg,normal/normal_02287.jpg,additional_vid7,175
normal/additional_vid7_0176.jpg,normal/normal_02288.jpg,additional_vid7,176
normal/additional_vid7_0177.jpg,normal/normal_02289.jpg,additional_vid7,177
normal/additional_vid7_0178.jpg,normal/normal_02290.jpg,additional_vid7,178
normal/additional_vid7_0179.jpg,normal/normal_02291.jpg,additional_vid7,179
normal/additional_vid7_0180.jpg,normal/normal_02292.jpg,additional_vid7,180
normal/additional_vid7_0181.jpg,normal/normal_02293.jpg,additional_vid7,181
normal/additional_vid7_0182.jpg,normal/normal_02294.jpg,additional_vid7,182
normal/additional_vid7_0183.jpg,normal/normal_02295.jpg,additional_vid7,183
normal/additional_vid7_0184.jpg,normal/normal_02296.jpg,additional_vid7,184
normal/additional_vid7_0185.jpg,normal/normal_02297.jpg,additional_vid7,185
normal/additional_vid7_0186.jpg,normal/normal_02298.jpg,additional_vid7,186
normal/additional_vid7_0187.jpg,normal/normal_02299.jpg,additional_vid7,187
normal/additional_vid7_0188.jpg,normal/normal_02300.jpg,additional_vid7,188
normal/additional_vid7_0189.jpg,normal/normal_02301.jpg,additional_vid7,189
normal/additional_vid7_0190.jpg,normal/normal_02302.jpg,additional_vid7,190
normal/additional_vid7_0191.jpg,normal/normal_02303.jpg,additional_vid7,191
normal/additional_vid7_0192.jpg,normal/normal_02304.jpg,additional_vid7,192
normal/additional_vid7_0193.jpg,normal/normal_02305.jpg,additional_vid7,193
normal/additional_vid7_0194.jpg,normal/normal_02306.jpg,additional_vid7,194
normal/additional_vid7_0195.jpg,normal/normal_02307.jpg,additional_vid7,195
normal/additional_vid7_0196.jpg,normal/normal_02308.jpg,additional_vid7,196
normal/additional_vid7_0197.jpg,normal/normal_02309.jpg,additional_vid7,197
normal/additional_vid7_0198.jpg,normal/normal_02310.jpg,additional_vid7,198
normal/additional_vid7_0199.jpg,normal/normal_02311.jpg,additional_vid7,199
normal/additional_vid7_0200.jpg,normal/normal_02312.jpg,additional_vid7,200
normal/additional_vid7_0201.jpg,normal/normal_02313.jpg,additional_vid7,201
normal/additional_vid7_0202.jpg,normal/normal_02314.jpg,additional_vid7,202
normal/additional_vid7_0203.jpg,normal/normal_02315.jpg,additional_vid7,203
normal/additional_vid7_0204.jpg,normal/normal_02316.jpg,additional_vid7,204
normal/additional_vid7_0205.jpg,normal/normal_02317.jpg,additional_vid7,205
normal/additional_vid7_0206.jpg,normal/normal_02318.jpg,additional_vid7,206
normal/additional_vid7_0207.jpg,normal/normal_02319.jpg,additional_vid7,207
normal/additional_vid7_0208.jpg,normal/normal_02320.jpg,additional_vid7,208
normal/additional_vid7_0209.jpg,normal/normal_02321.jpg,additional_vid7,209
normal/additional_vid7_0210.jpg,normal/normal_02322.jpg,additional_vid7,210
normal/additional_vid7_0211.jpg,normal/normal_02323.jpg,additional_vid7,211
normal/additional_vid7_0212.jpg,normal/normal_02324.jpg,additional_vid7,212
normal/additional_vid7_0213.jpg,normal/normal_02325.jpg,additional_vid7,213
normal/additional_vid7_0214.jpg,normal/normal_02326.jpg,additional_vid7,214
normal/additional_vid7_0215.jpg,normal/normal_02327.jpg,additional_vid7,215
normal/additional_vid7_0216.jpg,normal/normal_02328.jpg,additional_vid7,216
normal/additional_vid7_0217.jpg,normal/normal_02329.jpg,additional_vid7,217
normal/additional_vid7_0218.jpg,normal/normal_02330.jpg,additional_vid7,218
normal/additional_vid7_0219.jpg,normal/normal_02331.jpg,additional_vid7,219
normal/additional_vid7_0220.jpg,normal/normal_02332.jpg,additional_vid7,220
normal/additional_vid7_0221.jpg,normal/normal_02333.jpg,additional_vid7,221
normal/additional_vid7_0222.jpg,normal/normal_02334.jpg,additional_vid7,222
normal/additional_vid7_0223.jpg,normal/normal_02335.jpg,additional_vid7,223
normal/additional_vid7_0224.jpg,normal/normal_02336.jpg,additional_vid7,224
normal/additional_vid7_0225.jpg,normal/normal_02337.jpg,additional_vid7,225
normal/additional_vid7_0226.jpg,normal/normal_02338.jpg,additional_vid7,226
normal/additional_vid7_0227.jpg,normal/normal_02339.jpg,additional_vid7,227
normal/additional_vid7_0228.jpg,normal/normal_02340.jpg,additional_vid7,228
normal/additional_vid7_0229.jpg,normal/normal_02341.jpg,additional_vid7,229
normal/additional_vid7_0230.jpg,normal/normal_02342.jpg,additional_vid7,230
normal/additional_vid7_0231.jpg,normal/normal_02343.jpg,additional_vid7,231
normal/additional_vid7_0232.jpg,normal/normal_02344.jpg,additional_vid7,232
normal/additional_vid7_0233.jpg,normal/normal_02345.jpg,additional_vid7,233
normal/additional_vid7_0234.jpg,normal/normal_02346.jpg,additional_vid7,234
normal/additional_vid7_0235.jpg,normal/normal_02347.jpg,additional_vid7,235
normal/additional_vid7_0236.jpg,normal/normal_02348.jpg,additional_vid7,236
normal/additional_vid7_0237.jpg,normal/normal_02349.jpg,additional_vid7,237
normal/additional_vid7_0238.jpg,normal/normal_02350.jpg,additional_vid7,238
normal/additional_vid7_0239.jpg,normal/normal_02351.jpg,additional_vid7,239
normal/additional_vid7_0240.jpg,normal/normal_02352.jpg,additional_vid7,240
normal/additional_vid7_0241.jpg,normal/normal_02353.jpg,additional_vid7,241
normal/additional_vid7_0242.jpg,normal/normal_02354.jpg,additional_vid7,242
normal/additional_vid7_0243.jpg,normal/normal_02355.jpg,additional_vid7,243
normal/additional_vid7_0244.jpg,normal/normal_02356.jpg,additional_vid7,244
normal/additional_vid7_0245.jpg,normal/normal_02357.jpg,additional_vid7,245
normal/additional_vid7_0246.jpg,normal/normal_02358.jpg,additional_vid7,246
normal/additional_vid7_0247.jpg,normal/normal_02359.jpg,additional_vid7,247
normal/additional_vid7_0248.jpg,normal/normal_02360.jpg,additional_vid7,248
normal/additional_vid7_0249.jpg,normal/normal_02361.jpg,additional_vid7,249
normal/additional_vid7_0250.jpg,normal/normal_02362.jpg,additional_vid7,250
normal/additional_vid7_0251.jpg,normal/normal_02363.jpg,additional_vid7,251
normal/additional_vid7_0252.jpg,normal/normal_02364.jpg,additional_vid7,252
normal/additional_vid7_0253.jpg,normal/normal_02365.jpg,additional_vid7,253
normal/additional_vid7_0254.jpg,normal/normal_02366.jpg,additional_vid7,254
normal/additional_vid7_0255.jpg,normal/normal_02367.jpg,additional_vid7,255
normal/additional_vid7_0256.jpg,normal/normal_02368.jpg,additional_vid7,256
normal/additional_vid7_0257.jpg,normal/normal_02369.jpg,additional_vid7,257
normal/additional_vid7_0258.jpg,normal/normal_02370.jpg,additional_vid7,258
normal/additional_vid7_0259.jpg,normal/normal_02371.jpg,additional_vid7,259
normal/additional_vid7_0260.jpg,normal/normal_02372.jpg,additional_vid7,260
normal/additional_vid7_0261.jpg,normal/normal_02373.jpg,additional_vid7,261
normal/additional_vid7_0262.jpg,normal/normal_02374.jpg,additional_vid7,262
normal/additional_vid7_0263.jpg,normal/normal_02375.jpg,additional_vid7,263
normal/additional_vid7_0264.jpg,normal/normal_02376.jpg,additional_vid7,264
normal/additional_vid7_0265.jpg,normal/normal_02377.jpg,additional_vid7,265
normal/additional_vid7_0266.jpg,normal/normal_02378.jpg,additional_vid7,266
normal/additional_vid7_0267.jpg,normal/normal_02379.jpg,additional_vid7,267
normal/additional_vid7_0268.jpg,normal/normal_02380.jpg,additional_vid7,268
normal/additional_vid7_0269.jpg,normal/normal_02381.jpg,additional_vid7,269
normal/additional_vid7_0270.jpg,normal/normal_02382.jpg,additional_vid7,270
normal/additional_vid7_0271.jpg,normal/normal_02383.jpg,additional_vid7,271
normal/additional_vid7_0272.jpg,normal/normal_02384.jpg,additional_vid7,272
normal/additional_vid7_0273.jpg,normal/normal_02385.jpg,additional_vid7,273
normal/additional_vid7_0274.jpg,normal/normal_02386.jpg,additional_vid7,274
normal/additional_vid7_0275.jpg,normal/normal_02387.jpg,additional_vid7,275
normal/additional_vid7_0276.jpg,normal/normal_02388.jpg,additional_vid7,276
normal/additional_vid7_0277.jpg,normal/normal_02389.jpg,additional_vid7,277
normal/additional_vid7_0278.jpg,normal/normal_02390.jpg,additional_vid7,278
normal/additional_vid7_0279.jpg,normal/normal_02391.jpg,additional_vid7,279
normal/additional_vid7_0280.jpg,normal/normal_02392.jpg,additional_vid7,280
normal/additional_vid7_0281.jpg,normal/normal_02393.jpg,additional_vid7,281
normal/additional_vid7_0282.jpg,normal/normal_02394.jpg,additional_vid7,282
normal/additional_vid7_0283.jpg,normal/normal_02395.jpg,additional_vid7,283
normal/additional_vid7_0284.jpg,normal/normal_02396.jpg,additional_vid7,284
normal/additional_vid7_0285.jpg,normal/normal_02397.jpg,additional_vid7,285
normal/additional_vid7_0286.jpg,normal/normal_02398.jpg,additional_vid7,286
normal/additional_vid7_0287.jpg,normal/normal_02399.jpg,additional_vid7,287
normal/additional_vid7_0288.jpg,normal/normal_02400.jpg,additional_vid7,288
normal/additional_vid7_0289.jpg,normal/normal_02401.jpg,additional_vid7,289
normal/additional_vid7_0290.jpg,normal/normal_02402.jpg,additional_vid7,290
normal/additional_vid7_0291.jpg,normal/normal_02403.jpg,additional_vid7,291
normal/additional_vid7_0292.jpg,normal/normal_02404.jpg,additional_vid7,292
normal/additional_vid7_0293.jpg,normal/normal_02405.jpg,additional_vid7,293
normal/additional_vid7_0294.jpg,normal/normal_02406.jpg,additional_vid7,294
normal/additional_vid7_0295.jpg,normal/normal_02407.jpg,additional_vid7,295
normal/additional_vid7_0296.jpg,normal/normal_02408.jpg,additional_vid7,296
normal/additional_vid7_0297.jpg,normal/normal_02409.jpg,additional_vid7,297
normal/additional_vid7_0298.jpg,normal/normal_02410.jpg,additional_vid7,298
normal/additional_vid7_0299.jpg,normal/normal_02411.jpg,additional_vid7,299
normal/additional_vid7_0300.jpg,normal/normal_02412.jpg,additional_vid7,300
normal/additional_vid7_0301.jpg,normal/normal_02413.jpg,additional_vid7,301
normal/additional_vid7_0302.jpg,normal/normal_02414.jpg,additional_vid7,302
normal/additional_vid7_0303.jpg,normal/normal_02415.jpg,additional_vid7,303
normal/additional_vid7_0304.jpg,normal/normal_02416.jpg,additional_vid7,304
normal/additional_vid7_0305.jpg,normal/normal_02417.jpg,additional_vid7,305
normal/additional_vid7_0306.jpg,normal/normal_02418.jpg,additional_vid7,306
normal/additional_vid7_0307.jpg,normal/normal_02419.jpg,additional_vid7,307
normal/additional_vid7_0308.jpg,normal/normal_02420.jpg,additional_vid7,308
normal/additional_vid7_0309.jpg,normal/normal_02421.jpg,additional_vid7,309
normal/additional_vid7_0310.jpg,normal/normal_02422.jpg,additional_vid7,310
normal/additional_vid7_0311.jpg,normal/normal_02423.jpg,additional_vid7,311
normal/additional_vid7_0312.jpg,normal/normal_02424.jpg,additional_vid7,312
normal/additional_vid7_0313.jpg,normal/normal_02425.jpg,additional_vid7,313
normal/additional_vid7_0314.jpg,normal/normal_02426.jpg,additional_vid7,314
normal/additional_vid7_0315.jpg,normal/normal_02427.jpg,additional_vid7,315
normal/additional_vid7_0316.jpg,normal/normal_02428.jpg,additional_vid7,316
normal/additional_vid7_0317.jpg,normal/normal_02429.jpg,additional_vid7,317
normal/additional_vid7_0318.jpg,normal/normal_02430.jpg,additional_vid7,318
normal/additional_vid7_0319.jpg,normal/normal_02431.jpg,additional_vid7,319
normal/additional_vid7_0320.jpg,normal/normal_02432.jpg,additional_vid7,320
normal/additional_vid7_0321.jpg,normal/normal_02433.jpg,additional_vid7,321
normal/additional_vid7_0322.jpg,normal/normal_02434.jpg,additional_vid7,322
normal/additional_vid7_0323.jpg,normal/normal_02435.jpg,additional_vid7,323
normal/additional_vid7_0324.jpg,normal/normal_02436.jpg,additional_vid7,324
normal/additional_vid7_0325.jpg,normal/normal_02437.jpg,additional_vid7,325
normal/additional_vid7_0326.jpg,normal/normal_02438.jpg,additional_vid7,326
normal/additional_vid7_0327.jpg,normal/normal_02439.jpg,additional_vid7,327
normal/additional_vid7_0328.jpg,normal/normal_02440.jpg,additional_vid7,328
normal/additional_vid7_0329.jpg,normal/normal_02441.jpg,additional_vid7,329
normal/additional_vid7_0330.jpg,normal/normal_02442.jpg,additional_vid7,330
normal/additional_vid7_0331.jpg,normal/normal_02443.jpg,additional_vid7,331
normal/additional_vid7_0332.jpg,normal/normal_02444.jpg,additional_vid7,332
normal/additional_vid7_0333.jpg,normal/normal_02445.jpg,additional_vid7,333
normal/additional_vid7_0334.jpg,normal/normal_02446.jpg,additional_vid7,334
normal/additional_vid7_0335.jpg,normal/normal_02447.jpg,additional_vid7,335
normal/additional_vid7_0336.jpg,normal/normal_02448.jpg,additional_vid7,336
normal/additional_vid7_0337.jpg,normal/normal_02449.jpg,additional_vid7,337
normal/additional_vid7_0338.jpg,normal/normal_02450.jpg,additional_vid7,338
normal/additional_vid7_0339.jpg,normal/normal_02451.jpg,additional_vid7,339
normal/additional_vid7_0340.jpg,normal/normal_02452.jpg,additional_vid7,340
normal/additional_vid7_0341.jpg,normal/normal_02453.jpg,additional_vid7,341
normal/additional_vid7_0342.jpg,normal/normal_02454.jpg,additional_vid7,342
normal/additional_vid7_0343.jpg,normal/normal_02455.jpg,additional_vid7,343
normal/additional_vid7_0344.jpg,normal/normal_02456.jpg,additional_vid7,344
normal/additional_vid7_0345.jpg,normal/normal_02457.jpg,additional_vid7,345
normal/additional_vid7_0346.jpg,normal/normal_02458.jpg,additional_vid7,346
normal/additional_vid7_0347.jpg,normal/normal_02459.jpg,additional_vid7,347
normal/additional_vid7_0348.jpg,normal/normal_02460.jpg,additional_vid7,348
normal/additional_vid7_0349.jpg,normal/normal_02461.jpg,additional_vid7,349
normal/additional_vid7_0350.jpg,normal/normal_02462.jpg,additional_vid7,350
normal/additional_vid7_0351.jpg,normal/normal_02463.jpg,additional_vid7,351
normal/additional_vid7_0352.jpg,normal/normal_02464.jpg,additional_vid7,352
normal/additional_vid7_0353.jpg,normal/normal_02465.jpg,additional_vid7,353
normal/additional_vid7_0354.jpg,normal/normal_02466.jpg,additional_vid7,354
normal/additional_vid7_0355.jpg,normal/normal_02467.jpg,additional_vid7,355
normal/additional_vid7_0356.jpg,normal/normal_02468.jpg,additional_vid7,356
normal/additional_vid7_0357.jpg,normal/normal_02469.jpg,additional_vid7,357
normal/additional_vid7_0358.jpg,normal/normal_02470.jpg,additional_vid7,358
normal/additional_vid7_0359.jpg,normal/normal_02471.jpg,additional_vid7,359
normal/additional_vid7_0360.jpg,normal/normal_02472.jpg,additional_vid7,360
normal/additional_vid7_0361.jpg,normal/normal_02473.jpg,additional_vid7,361
normal/additional_vid7_0362.jpg,normal/normal_02474.jpg,additional_vid7,362
normal/additional_vid7_0363.jpg,normal/normal_02475.jpg,additional_vid7,363
normal/additional_vid7_0364.jpg,normal/normal_02476.jpg,additional_vid7,364
normal/additional_vid7_0365.jpg,normal/normal_02477.jpg,additional_vid7,365
normal/additional_vid7_0366.jpg,normal/normal_02478.jpg,additional_vid7,366
normal/additional_vid7_0367.jpg,normal/normal_02479.jpg,additional_vid7,367
normal/additional_vid7_0368.jpg,normal/normal_02480.jpg,additional_vid7,368
normal/additional_vid7_0369.jpg,normal/normal_02481.jpg,additional_vid7,369
normal/additional_vid7_0370.jpg,normal/normal_02482.jpg,additional_vid7,370
normal/additional_vid7_0371.jpg,normal/normal_02483.jpg,additional_vid7,371
normal/additional_vid7_0372.jpg,normal/normal_02484.jpg,additional_vid7,372
normal/additional_vid7_0373.jpg,normal/normal_02485.jpg,additional_vid7,373
normal/additional_vid7_0374.jpg,normal/normal_02486.jpg,additional_vid7,374
normal/additional_vid7_0375.jpg,normal/normal_02487.jpg,additional_vid7,375
normal/additional_vid7_0376.jpg,normal/normal_02488.jpg,additional_vid7,376
normal/additional_vid7_0377.jpg,normal/normal_02489.jpg,additional_vid7,377
normal/additional_vid7_0378.jpg,normal/normal_02490.jpg,additional_vid7,378
normal/additional_vid7_0379.jpg,normal/normal_02491.jpg,additional_vid7,379
normal/additional_vid7_0380.jpg,normal/normal_02492.jpg,additional_vid7,380
normal/additional_vid7_0381.jpg,normal/normal_02493.jpg,additional_vid7,381
normal/additional_vid7_0382.jpg,normal/normal_02494.jpg,additional_vid7,382
normal/additional_vid7_0383.jpg,normal/normal_02495.jpg,additional_vid7,383
normal/additional_vid7_0384.jpg,normal/normal_02496.jpg,additional_vid7,384
normal/additional_vid7_0385.jpg,normal/normal_02497.jpg,additional_vid7,385
normal/additional_vid7_0386.jpg,normal/normal_02498.jpg,additional_vid7,386
normal/additional_vid7_0387.jpg,normal/normal_02499.jpg,additional_vid7,387
normal/additional_vid7_0388.jpg,normal/normal_02500.jpg,additional_vid7,388
normal/additional_vid7_0389.jpg,normal/normal_02501.jpg,additional_vid7,389
normal/additional_vid7_0390.jpg,normal/normal_02502.jpg,additional_vid7,390
normal/additional_vid7_0391.jpg,normal/normal_02503.jpg,additional_vid7,391
normal/additional_vid7_0392.jpg,normal/normal_02504.jpg,additional_vid7,392
normal/additional_vid7_0393.jpg,normal/normal_02505.jpg,additional_vid7,393
normal/additional_vid7_0394.jpg,normal/normal_02506.jpg,additional_vid7,394
normal/additional_vid7_0395.jpg,normal/normal_02507.jpg,additional_vid7,395
normal/additional_vid7_0396.jpg,normal/normal_02508.jpg,additional_vid7,396
normal/additional_vid7_0397.jpg,normal/normal_02509.jpg,additional_vid7,397
normal/additional_vid7_0398.jpg,normal/normal_02510.jpg,additional_vid7,398
normal/additional_vid7_0399.jpg,normal/normal_02511.jpg,additional_vid7,399
normal/additional_vid7_0400.jpg,normal/normal_02512.jpg,additional_vid7,400
normal/additional_vid7_0401.jpg,normal/normal_02513.jpg,additional_vid7,401
normal/additional_vid7_0402.jpg,normal/normal_02514.jpg,additional_vid7,402
normal/additional_vid7_0403.jpg,normal/normal_02515.jpg,additional_vid7,403
normal/additional_vid7_0404.jpg,normal/normal_02516.jpg,additional_vid7,404
normal/additional_vid7_0405.jpg,normal/normal_02517.jpg,additional_vid7,405
normal/additional_vid7_0406.jpg,normal/normal_02518.jpg,additional_vid7,406
normal/additional_vid7_0407.jpg,normal/normal_02519.jpg,additional_vid7,407
normal/additional_vid7_0408.jpg,normal/normal_02520.jpg,additional_vid7,408
normal/additional_vid7_0409.jpg,normal/normal_02521.jpg,additional_vid7,409
normal/additional_vid7_0410.jpg,normal/normal_02522.jpg,additional_vid7,410
normal/additional_vid7_0411.jpg,normal/normal_02523.jpg,additional_vid7,411
normal/additional_vid7_0412.jpg,normal/normal_02524.jpg,additional_vid7,412
normal/additional_vid7_0413.jpg,normal/normal_02525.jpg,additional_vid7,413
normal/additional_vid7_0414.jpg,normal/normal_02526.jpg,additional_vid7,414
normal/additional_vid7_0415.jpg,normal/normal_02527.jpg,additional_vid7,415
normal/additional_vid7_0416.jpg,normal/normal_02528.jpg,additional_vid7,416
normal/additional_vid7_0417.jpg,normal/normal_02529.jpg,additional_vid7,417
normal/additional_vid7_0418.jpg,normal/normal_02530.jpg,additional_vid7,418
normal/additional_vid7_0419.jpg,normal/normal_02531.jpg,additional_vid7,419
normal/additional_vid7_0420.jpg,normal/normal_02532.jpg,additional_vid7,420
normal/additional_vid7_0421.jpg,normal/normal_02533.jpg,additional_vid7,421
normal/additional_vid7_0422.jpg,normal/normal_02534.jpg,additional_vid7,422
normal/additional_vid7_0423.jpg,normal/normal_02535.jpg,additional_vid7,423
normal/additional_vid7_0424.jpg,normal/normal_02536.jpg,additional_vid7,424
normal/additional_vid7_0425.jpg,normal/normal_02537.jpg,additional_vid7,425
normal/additional_vid7_0426.jpg,normal/normal_02538.jpg,additional_vid7,426
normal/additional_vid7_0427.jpg,normal/normal_02539.jpg,additional_vid7,427
normal/additional_vid7_0428.jpg,normal/normal_02540.jpg,additional_vid7,428
normal/additional_vid7_0429.jpg,normal/normal_02541.jpg,additional_vid7,429
normal/additional_vid7_0430.jpg,normal/normal_02542.jpg,additional_vid7,430
normal/additional_vid7_0431.jpg,normal/normal_02543.jpg,additional_vid7,431
normal/additional_vid7_0432.jpg,normal/normal_02544.jpg,additional_vid7,432
normal/additional_vid7_0433.jpg,normal/normal_02545.jpg,additional_vid7,433
normal/additional_vid7_0434.jpg,normal/normal_02546.jpg,additional_vid7,434
normal/additional_vid7_0435.jpg,normal/normal_02547.jpg,additional_vid7,435
normal/additional_vid7_0436.jpg,normal/normal_02548.jpg,additional_vid7,436
normal/additional_vid7_0437.jpg,normal/normal_02549.jpg,additional_vid7,437
normal/additional_vid7_0438.jpg,normal/normal_02550.jpg,additional_vid7,438
normal/additional_vid7_0439.jpg,normal/normal_02551.jpg,additional_vid7,439
normal/additional_vid7_0440.jpg,normal/normal_02552.jpg,additional_vid7,440
normal/additional_vid7_0441.jpg,normal/normal_02553.jpg,additional_vid7,441
normal/additional_vid7_0442.jpg,normal/normal_02554.jpg,additional_vid7,442
normal/additional_vid7_0443.jpg,normal/normal_02555.jpg,additional_vid7,443
normal/additional_vid7_0444.jpg,normal/normal_02556.jpg,additional_vid7,444
normal/additional_vid7_0445.jpg,normal/normal_02557.jpg,additional_vid7,445
normal/additional_vid7_0446.jpg,normal/normal_02558.jpg,additional_vid7,446
normal/additional_vid7_0447.jpg,normal/normal_02559.jpg,additional_vid7,447
normal/additional_vid7_0448.jpg,normal/normal_02560.jpg,additional_vid7,448
normal/additional_vid7_0449.jpg,normal/normal_02561.jpg,additional_vid7,449
normal/additional_vid7_0450.jpg,normal/normal_02562.jpg,additional_vid7,450
normal/additional_vid7_0451.jpg,normal/normal_02563.jpg,additional_vid7,451
normal/additional_vid7_0452.jpg,normal/normal_02564.jpg,additional_vid7,452
normal/additional_vid7_0453.jpg,normal/normal_02565.jpg,additional_vid7,453
normal/additional_vid7_0454.jpg,normal/normal_02566.jpg,additional_vid7,454
normal/additional_vid7_0455.jpg,normal/normal_02567.jpg,additional_vid7,455
normal/additional_vid7_0456.jpg,normal/normal_02568.jpg,additional_vid7,456
normal/additional_vid7_0457.jpg,normal/normal_02569.jpg,additional_vid7,457
normal/additional_vid7_0458.jpg,normal/normal_02570.jpg,additional_vid7,458
normal/additional_vid7_0459.jpg,normal/normal_02571.jpg,additional_vid7,459
normal/additional_vid7_0460.jpg,normal/normal_02572.jpg,additional_vid7,460
normal/additional_vid7_0461.jpg,normal/normal_02573.jpg,additional_vid7,461
normal/additional_vid7_0462.jpg,normal/normal_02574.jpg,additional_vid7,462
normal/additional_vid7_0463.jpg,normal/normal_02575.jpg,additional_vid7,463
normal/additional_vid7_0464.jpg,normal/normal_02576.jpg,additional_vid7,464
normal/additional_vid8_0001.jpg,normal/normal_02577.jpg,additional_vid8,1
normal/additional_vid8_0002.jpg,normal/normal_02578.jpg,additional_vid8,2
normal/additional_vid8_0003.jpg,normal/normal_02579.jpg,additional_vid8,3
normal/additional_vid8_0004.jpg,normal/normal_02580.jpg,additional_vid8,4
normal/additional_vid8_0005.jpg,normal/normal_02581.jpg,additional_vid8,5
normal/additional_vid8_0006.jpg,normal/normal_02582.jpg,additional_vid8,6
normal/additional_vid8_0007.jpg,normal/normal_02583.jpg,additional_vid8,7
normal/additional_vid8_0008.jpg,normal/normal_02584.jpg,additional_vid8,8
normal/additional_vid8_0009.jpg,normal/normal_02585.jpg,additional_vid8,9
normal/additional_vid8_0010.jpg,normal/normal_02586.jpg,additional_vid8,10
normal/additional_vid8_0011.jpg,normal/normal_02587.jpg,additional_vid8,11
normal/additional_vid8_0012.jpg,normal/normal_02588.jpg,additional_vid8,12
normal/additional_vid8_0013.jpg,normal/normal_02589.jpg,additional_vid8,13
normal/additional_vid8_0014.jpg,normal/normal_02590.jpg,additional_vid8,14
normal/additional_vid8_0015.jpg,normal/normal_02591.jpg,additional_vid8,15
normal/additional_vid8_0016.jpg,normal/normal_02592.jpg,additional_vid8,16
normal/additional_vid8_0017.jpg,normal/normal_02593.jpg,additional_vid8,17
normal/additional_vid8_0018.jpg,normal/normal_02594.jpg,additional_vid8,18
normal/additional_vid8_0019.jpg,normal/normal_02595.jpg,additional_vid8,19
normal/additional_vid8_0020.jpg,normal/normal_02596.jpg,additional_vid8,20
normal/additional_vid8_0021.jpg,normal/normal_02597.jpg,additional_vid8,21
normal/additional_vid8_0022.jpg,normal/normal_02598.jpg,additional_vid8,22
normal/additional_vid8_0023.jpg,normal/normal_02599.jpg,additional_vid8,23
normal/additional_vid8_0024.jpg,normal/normal_02600.jpg,additional_vid8,24
normal/additional_vid8_0025.jpg,normal/normal_02601.jpg,additional_vid8,25
normal/additional_vid8_0026.jpg,normal/normal_02602.jpg,additional_vid8,26
normal/additional_vid8_0027.jpg,normal/normal_02603.jpg,additional_vid8,27
normal/additional_vid8_0028.jpg,normal/normal_02604.jpg,additional_vid8,28
normal/additional_vid8_0029.jpg,normal/normal_02605.jpg,additional_vid8,29
normal/additional_vid8_0030.jpg,normal/normal_02606.jpg,additional_vid8,30
normal/additional_vid8_0031.jpg,normal/normal_02607.jpg,additional_vid8,31
normal/additional_vid8_0032.jpg,normal/normal_02608.jpg,additional_vid8,32
normal/additional_vid8_0033.jpg,normal/normal_02609.jpg,additional_vid8,33
normal/additional_vid8_0034.jpg,normal/normal_02610.jpg,additional_vid8,34
normal/additional_vid8_0035.jpg,normal/normal_02611.jpg,additional_vid8,35
normal/additional_vid8_0036.jpg,normal/normal_02612.jpg,additional_vid8,36
normal/additional_vid8_0037.jpg,normal/normal_02613.jpg,additional_vid8,37
normal/additional_vid8_0038.jpg,normal/normal_02614.jpg,additional_vid8,38
normal/additional_vid8_0039.jpg,normal/normal_02615.jpg,additional_vid8,39
normal/additional_vid8_0040.jpg,normal/normal_02616.jpg,additional_vid8,40
normal/additional_vid8_0041.jpg,normal/normal_02617.jpg,additional_vid8,41
normal/additional_vid8_0042.jpg,normal/normal_02618.jpg,additional_vid8,42
normal/additional_vid8_0043.jpg,normal/normal_02619.jpg,additional_vid8,43
normal/additional_vid8_0044.jpg,normal/normal_02620.jpg,additional_vid8,44
normal/additional_vid8_0045.jpg,normal/normal_02621.jpg,additional_vid8,45
normal/additional_vid8_0046.jpg,normal/normal_02622.jpg,additional_vid8,46
normal/additional_vid8_0047.jpg,normal/normal_02623.jpg,additional_vid8,47
normal/additional_vid8_0048.jpg,normal/normal_02624.jpg,additional_vid8,48
normal/additional_vid8_0049.jpg,normal/normal_02625.jpg,additional_vid8,49
normal/additional_vid8_0050.jpg,normal/normal_02626.jpg,additional_vid8,50
normal/additional_vid8_0051.jpg,normal/normal_02627.jpg,additional_vid8,51
normal/additional_vid8_0052.jpg,normal/normal_02628.jpg,additional_vid8,52
normal/additional_vid8_0053.jpg,normal/normal_02629.jpg,additional_vid8,53
normal/additional_vid8_0054.jpg,normal/normal_02630.jpg,additional_vid8,54
normal/additional_vid8_0055.jpg,normal/normal_02631.jpg,additional_vid8,55
normal/additional_vid8_0056.jpg,normal/normal_02632.jpg,additional_vid8,56
normal/additional_vid8_0057.jpg,normal/normal_02633.jpg,additional_vid8,57
normal/additional_vid8_0058.jpg,normal/normal_02634.jpg,additional_vid8,58
normal/additional_vid8_0059.jpg,normal/normal_02635.jpg,additional_vid8,59
normal/additional_vid8_0060.jpg,normal/normal_02636.jpg,additional_vid8,60
normal/additional_vid8_0061.jpg,normal/normal_02637.jpg,additional_vid8,61
normal/additional_vid8_0062.jpg,normal/normal_02638.jpg,additional_vid8,62
normal/additional_vid8_0063.jpg,normal/normal_02639.jpg,additional_vid8,63
normal/additional_vid8_0064.jpg,normal/normal_02640.jpg,additional_vid8,64
normal/additional_vid8_0065.jpg,normal/normal_02641.jpg,additional_vid8,65
normal/additional_vid8_0066.jpg,normal/normal_02642.jpg,additional_vid8,66
normal/additional_vid8_0067.jpg,normal/normal_02643.jpg,additional_vid8,67
normal/additional_vid8_0068.jpg,normal/normal_02644.jpg,additional_vid8,68
normal/additional_vid8_0069.jpg,normal/normal_02645.jpg,additional_vid8,69
normal/additional_vid8_0070.jpg,normal/normal_02646.jpg,additional_vid8,70
normal/additional_vid8_0071.jpg,normal/normal_02647.jpg,additional_vid8,71
normal/additional_vid8_0072.jpg,normal/normal_02648.jpg,additional_vid8,72
normal/additional_vid8_0073.jpg,normal/normal_02649.jpg,additional_vid8,73
normal/additional_vid8_0074.jpg,normal/normal_02650.jpg,additional_vid8,74
normal/additional_vid8_0075.jpg,normal/normal_02651.jpg,additional_vid8,75
normal/additional_vid8_0076.jpg,normal/normal_02652.jpg,additional_vid8,76
normal/additional_vid8_0077.jpg,normal/normal_02653.jpg,additional_vid8,77
normal/additional_vid8_0078.jpg,normal/normal_02654.jpg,additional_vid8,78
normal/additional_vid8_0079.jpg,normal/normal_02655.jpg,additional_vid8,79
normal/additional_vid8_0080.jpg,normal/normal_02656.jpg,additional_vid8,80
normal/additional_vid8_0081.jpg,normal/normal_02657.jpg,additional_vid8,81
normal/additional_vid8_0082.jpg,normal/normal_02658.jpg,additional_vid8,82
normal/additional_vid8_0083.jpg,normal/normal_02659.jpg,additional_vid8,83
normal/additional_vid8_0084.jpg,normal/normal_02660.jpg,additional_vid8,84
normal/additional_vid8_0085.jpg,normal/normal_02661.jpg,additional_vid8,85
normal/additional_vid8_0086.jpg,normal/normal_02662.jpg,additional_vid8,86
normal/additional_vid8_0087.jpg,normal/normal_02663.jpg,additional_vid8,87
normal/additional_vid8_0088.jpg,normal/normal_02664.jpg,additional_vid8,88
normal/additional_vid8_0089.jpg,normal/normal_02665.jpg,additional_vid8,89
normal/additional_vid8_0090.jpg,normal/normal_02666.jpg,additional_vid8,90
normal/additional_vid8_0091.jpg,normal/normal_02667.jpg,additional_vid8,91
normal/additional_vid8_0092.jpg,normal/normal_02668.jpg,additional_vid8,92
normal/additional_vid8_0093.jpg,normal/normal_02669.jpg,additional_vid8,93
normal/additional_vid8_0094.jpg,normal/normal_02670.jpg,additional_vid8,94
normal/additional_vid8_0095.jpg,normal/normal_02671.jpg,additional_vid8,95
normal/additional_vid8_0096.jpg,normal/normal_02672.jpg,additional_vid8,96
normal/additional_vid8_0097.jpg,normal/normal_02673.jpg,additional_vid8,97
normal/additional_vid8_0098.jpg,normal/normal_02674.jpg,additional_vid8,98
normal/additional_vid8_0099.jpg,normal/normal_02675.jpg,additional_vid8,99
normal/additional_vid8_0100.jpg,normal/normal_02676.jpg,additional_vid8,100
normal/additional_vid8_0101.jpg,normal/normal_02677.jpg,additional_vid8,101
normal/additional_vid8_0102.jpg,normal/normal_02678.jpg,additional_vid8,102
normal/additional_vid8_0103.jpg,normal/normal_02679.jpg,additional_vid8,103
normal/additional_vid8_0104.jpg,normal/normal_02680.jpg,additional_vid8,104
normal/additional_vid8_0105.jpg,normal/normal_02681.jpg,additional_vid8,105
normal/additional_vid8_0106.jpg,normal/normal_02682.jpg,additional_vid8,106
normal/additional_vid8_0107.jpg,normal/normal_02683.jpg,additional_vid8,107
normal/additional_vid8_0108.jpg,normal/normal_02684.jpg,additional_vid8,108
normal/additional_vid8_0109.jpg,normal/normal_02685.jpg,additional_vid8,109
normal/additional_vid8_0110.jpg,normal/normal_02686.jpg,additional_vid8,110
normal/additional_vid8_0111.jpg,normal/normal_02687.jpg,additional_vid8,111
normal/additional_vid8_0112.jpg,normal/normal_02688.jpg,additional_vid8,112
normal/additional_vid8_0113.jpg,normal/normal_02689.jpg,additional_vid8,113
normal/additional_vid8_0114.jpg,normal/normal_02690.jpg,additional_vid8,114
normal/additional_vid8_0115.jpg,normal/normal_02691.jpg,additional_vid8,115
normal/additional_vid8_0116.jpg,normal/normal_02692.jpg,additional_vid8,116
normal/additional_vid8_0117.jpg,normal/normal_02693.jpg,additional_vid8,117
normal/additional_vid8_0118.jpg,normal/normal_02694.jpg,additional_vid8,118
normal/additional_vid8_0119.jpg,normal/normal_02695.jpg,additional_vid8,119
normal/additional_vid8_0120.jpg,normal/normal_02696.jpg,additional_vid8,120
normal/additional_vid8_0121.jpg,normal/normal_02697.jpg,additional_vid8,121
normal/additional_vid8_0122.jpg,normal/normal_02698.jpg,additional_vid8,122
normal/additional_vid8_0123.jpg,normal/normal_02699.jpg,additional_vid8,123
normal/additional_vid8_0124.jpg,normal/normal_02700.jpg,additional_vid8,124
normal/additional_vid8_0125.jpg,normal/normal_02701.jpg,additional_vid8,125
normal/additional_vid8_0126.jpg,normal/normal_02702.jpg,additional_vid8,126
normal/additional_vid8_0127.jpg,normal/normal_02703.jpg,additional_vid8,127
normal/additional_vid8_0128.jpg,normal/normal_02704.jpg,additional_vid8,128
normal/additional_vid8_0129.jpg,normal/normal_02705.jpg,additional_vid8,129
normal/additional_vid8_0130.jpg,normal/normal_02706.jpg,additional_vid8,130
normal/additional_vid8_0131.jpg,normal/normal_02707.jpg,additional_vid8,131
normal/additional_vid8_0132.jpg,normal/normal_02708.jpg,additional_vid8,132
normal/additional_vid8_0133.jpg,normal/normal_02709.jpg,additional_vid8,133
normal/additional_vid8_0134.jpg,normal/normal_02710.jpg,additional_vid8,134
normal/additional_vid8_0135.jpg,normal/normal_02711.jpg,additional_vid8,135
normal/additional_vid8_0136.jpg,normal/normal_02712.jpg,additional_vid8,136
normal/additional_vid8_0137.jpg,normal/normal_02713.jpg,additional_vid8,137
normal/additional_vid8_0138.jpg,normal/normal_02714.jpg,additional_vid8,138
normal/additional_vid8_0139.jpg,normal/normal_02715.jpg,additional_vid8,139
normal/additional_vid8_0140.jpg,normal/normal_02716.jpg,additional_vid8,140
normal/additional_vid8_0141.jpg,normal/normal_02717.jpg,additional_vid8,141
normal/additional_vid8_0142.jpg,normal/normal_02718.jpg,additional_vid8,142
normal/additional_vid8_0143.jpg,normal/normal_02719.jpg,additional_vid8,143
normal/additional_vid8_0144.jpg,normal/normal_02720.jpg,additional_vid8,144
normal/additional_vid8_0145.jpg,normal/normal_02721.jpg,additional_vid8,145
normal/additional_vid8_0146.jpg,normal/normal_02722.jpg,additional_vid8,146
normal/additional_vid8_0147.jpg,normal/normal_02723.jpg,additional_vid8,147
normal/additional_vid8_0148.jpg,normal/normal_02724.jpg,additional_vid8,148
normal/additional_vid9_0001.jpg,normal/normal_02725.jpg,additional_vid9,1
normal/additional_vid9_0002.jpg,normal/normal_02726.jpg,additional_vid9,2
normal/additional_vid9_0003.jpg,normal/normal_02727.jpg,additional_vid9,3
normal/additional_vid9_0004.jpg,normal/normal_02728.jpg,additional_vid9,4
normal/additional_vid9_0005.jpg,normal/normal_02729.jpg,additional_vid9,5
normal/additional_vid9_0006.jpg,normal/normal_02730.jpg,additional_vid9,6
normal/additional_vid9_0007.jpg,normal/normal_02731.jpg,additional_vid9,7
normal/additional_vid9_0008.jpg,normal/normal_02732.jpg,additional_vid9,8
normal/additional_vid9_0009.jpg,normal/normal_02733.jpg,additional_vid9,9
normal/additional_vid9_0010.jpg,normal/normal_02734.jpg,additional_vid9,10
normal/additional_vid9_0011.jpg,normal/normal_02735.jpg,additional_vid9,11
normal/additional_vid9_0012.jpg,normal/normal_02736.jpg,additional_vid9,12
normal/additional_vid9_0013.jpg,normal/normal_02737.jpg,additional_vid9,13
normal/additional_vid9_0014.jpg,normal/normal_02738.jpg,additional_vid9,14
normal/additional_vid9_0015.jpg,normal/normal_02739.jpg,additional_vid9,15
normal/additional_vid9_0016.jpg,normal/normal_02740.jpg,additional_vid9,16
normal/additional_vid9_0017.jpg,normal/normal_02741.jpg,additional_vid9,17
normal/additional_vid9_0018.jpg,normal/normal_02742.jpg,additional_vid9,18
normal/additional_vid9_0019.jpg,normal/normal_02743.jpg,additional_vid9,19
normal/additional_vid9_0020.jpg,normal/normal_02744.jpg,additional_vid9,20
normal/additional_vid9_0021.jpg,normal/normal_02745.jpg,additional_vid9,21
normal/additional_vid9_0022.jpg,normal/normal_02746.jpg,additional_vid9,22
normal/additional_vid9_0023.jpg,normal/normal_02747.jpg,additional_vid9,23
normal/additional_vid9_0024.jpg,normal/normal_02748.jpg,additional_vid9,24
normal/additional_vid9_0025.jpg,normal/normal_02749.jpg,additional_vid9,25
normal/additional_vid9_0026.jpg,normal/normal_02750.jpg,additional_vid9,26
normal/additional_vid9_0027.jpg,normal/normal_02751.jpg,additional_vid9,27
normal/additional_vid9_0028.jpg,normal/normal_02752.jpg,additional_vid9,28
normal/additional_vid9_0029.jpg,normal/normal_02753.jpg,additional_vid9,29
normal/additional_vid9_0030.jpg,normal/normal_02754.jpg,additional_vid9,30
normal/additional_vid9_0031.jpg,normal/normal_02755.jpg,additional_vid9,31
normal/additional_vid9_0032.jpg,normal/normal_02756.jpg,additional_vid9,32
normal/additional_vid9_0033.jpg,normal/normal_02757.jpg,additional_vid9,33
normal/additional_vid9_0034.jpg,normal/normal_02758.jpg,additional_vid9,34
normal/additional_vid9_0035.jpg,normal/normal_02759.jpg,additional_vid9,35
normal/additional_vid9_0036.jpg,normal/normal_02760.jpg,additional_vid9,36
normal/additional_vid9_0037.jpg,normal/normal_02761.jpg,additional_vid9,37
normal/additional_vid9_0038.jpg,normal/normal_02762.jpg,additional_vid9,38
normal/additional_vid9_0039.jpg,normal/normal_02763.jpg,additional_vid9,39
normal/additional_vid9_0040.jpg,normal/normal_02764.jpg,additional_vid9,40
normal/additional_vid9_0041.jpg,normal/normal_02765.jpg,additional_vid9,41
normal/additional_vid9_0042.jpg,normal/normal_02766.jpg,additional_vid9,42
normal/additional_vid9_0043.jpg,normal/normal_02767.jpg,additional_vid9,43
normal/additional_vid9_0044.jpg,normal/normal_02768.jpg,additional_vid9,44
normal/additional_vid9_0045.jpg,normal/normal_02769.jpg,additional_vid9,45
normal/additional_vid9_0046.jpg,normal/normal_02770.jpg,additional_vid9,46
normal/additional_vid9_0047.jpg,normal/normal_02771.jpg,additional_vid9,47
normal/additional_vid9_0048.jpg,normal/normal_02772.jpg,additional_vid9,48
normal/additional_vid9_0049.jpg,normal/normal_02773.jpg,additional_vid9,49
normal/additional_vid9_0050.jpg,normal/normal_02774.jpg,additional_vid9,50
normal/additional_vid9_0051.jpg,normal/normal_02775.jpg,additional_vid9,51
normal/additional_vid9_0052.jpg,normal/normal_02776.jpg,additional_vid9,52
normal/additional_vid9_0053.jpg,normal/normal_02777.jpg,additional_vid9,53
normal/additional_vid9_0054.jpg,normal/normal_02778.jpg,additional_vid9,54
normal/additional_vid9_0055.jpg,normal/normal_02779.jpg,additional_vid9,55
normal/additional_vid9_0056.jpg,normal/normal_02780.jpg,additional_vid9,56
normal/additional_vid9_0057.jpg,normal/normal_02781.jpg,additional_vid9,57
normal/old_norm_vid1_0001.jpg,normal/normal_02782.jpg,old_norm_vid1,1
normal/old_norm_vid1_0002.jpg,normal/normal_02783.jpg,old_norm_vid1,2
normal/old_norm_vid1_0003.jpg,normal/normal_02784.jpg,old_norm_vid1,3
normal/old_norm_vid1_0004.jpg,normal/normal_02785.jpg,old_norm_vid1,4
normal/old_norm_vid1_0005.jpg,normal/normal_02786.jpg,old_norm_vid1,5
normal/old_norm_vid1_0006.jpg,normal/normal_02787.jpg,old_norm_vid1,6
normal/old_norm_vid1_0007.jpg,normal/normal_02788.jpg,old_norm_vid1,7
normal/old_norm_vid1_0008.jpg,normal/normal_02789.jpg,old_norm_vid1,8
normal/old_norm_vid1_0009.jpg,normal/normal_02790.jpg,old_norm_vid1,9
normal/old_norm_vid1_0010.jpg,normal/normal_02791.jpg,old_norm_vid1,10
normal/old_norm_vid1_0011.jpg,normal/normal_02792.jpg,old_norm_vid1,11
normal/old_norm_vid1_0012.jpg,normal/normal_02793.jpg,old_norm_vid1,12
normal/old_norm_vid1_0013.jpg,normal/normal_02794.jpg,old_norm_vid1,13
normal/old_norm_vid1_0014.jpg,normal/normal_02795.jpg,old_norm_vid1,14
normal/old_norm_vid1_0015.jpg,normal/normal_02796.jpg,old_norm_vid1,15
normal/old_norm_vid1_0016.jpg,normal/normal_02797.jpg,old_norm_vid1,16
normal/old_norm_vid1_0017.jpg,normal/normal_02798.jpg,old_norm_vid1,17
normal/old_norm_vid1_0018.jpg,normal/normal_02799.jpg,old_norm_vid1,18
normal/old_norm_vid1_0019.jpg,normal/normal_02800.jpg,old_norm_vid1,19
normal/old_norm_vid1_0020.jpg,normal/normal_02801.jpg,old_norm_vid1,20
normal/old_norm_vid1_0021.jpg,normal/normal_02802.jpg,old_norm_vid1,21
normal/old_norm_vid1_0022.jpg,normal/normal_02803.jpg,old_norm_vid1,22
normal/old_norm_vid1_0023.jpg,normal/normal_02804.jpg,old_norm_vid1,23
normal/old_norm_vid1_0024.jpg,normal/normal_02805.jpg,old_norm_vid1,24
normal/old_norm_vid1_0025.jpg,normal/normal_02806.jpg,old_norm_vid1,25
normal/old_norm_vid1_0026.jpg,normal/normal_02807.jpg,old_norm_vid1,26
normal/old_norm_vid1_0027.jpg,normal/normal_02808.jpg,old_norm_vid1,27
normal/old_norm_vid1_0028.jpg,normal/normal_02809.jpg,old_norm_vid1,28
normal/old_norm_vid1_0029.jpg,normal/normal_02810.jpg,old_norm_vid1,29
normal/old_norm_vid1_0030.jpg,normal/normal_02811.jpg,old_norm_vid1,30
normal/old_norm_vid1_0031.jpg,normal/normal_02812.jpg,old_norm_vid1,31
normal/old_norm_vid1_0032.jpg,normal/normal_02813.jpg,old_norm_vid1,32
normal/old_norm_vid1_0033.jpg,normal/normal_02814.jpg,old_norm_vid1,33
normal/old_norm_vid1_0034.jpg,normal/normal_02815.jpg,old_norm_vid1,34
normal/old_norm_vid1_0035.jpg,normal/normal_02816.jpg,old_norm_vid1,35
normal/old_norm_vid1_0036.jpg,normal/normal_02817.jpg,old_norm_vid1,36
normal/old_norm_vid1_0037.jpg,normal/normal_02818.jpg,old_norm_vid1,37
normal/old_norm_vid1_0038.jpg,normal/normal_02819.jpg,old_norm_vid1,38
normal/old_norm_vid1_0039.jpg,normal/normal_02820.jpg,old_norm_vid1,39
normal/old_norm_vid1_0040.jpg,normal/normal_02821.jpg,old_norm_vid1,40
normal/old_norm_vid1_0041.jpg,normal/normal_02822.jpg,old_norm_vid1,41
normal/old_norm_vid1_0042.jpg,normal/normal_02823.jpg,old_norm_vid1,42
normal/old_norm_vid1_0043.jpg,normal/normal_02824.jpg,old_norm_vid1,43
normal/old_norm_vid1_0044.jpg,normal/normal_02825.jpg,old_norm_vid1,44
normal/old_norm_vid1_0045.jpg,normal/normal_02826.jpg,old_norm_vid1,45
normal/old_norm_vid1_0046.jpg,normal/normal_02827.jpg,old_norm_vid1,46
normal/old_norm_vid1_0047.jpg,normal/normal_02828.jpg,old_norm_vid1,47
normal/old_norm_vid1_0048.jpg,normal/normal_02829.jpg,old_norm_vid1,48
normal/old_norm_vid1_0049.jpg,normal/normal_02830.jpg,old_norm_vid1,49
normal/old_norm_vid1_0050.jpg,normal/normal_02831.jpg,old_norm_vid1,50
normal/old_norm_vid1_0051.jpg,normal/normal_02832.jpg,old_norm_vid1,51
normal/old_norm_vid1_0052.jpg,normal/normal_02833.jpg,old_norm_vid1,52
normal/old_norm_vid1_0053.jpg,normal/normal_02834.jpg,old_norm_vid1,53
normal/old_norm_vid1_0054.jpg,normal/normal_02835.jpg,old_norm_vid1,54
normal/old_norm_vid1_0055.jpg,normal/normal_02836.jpg,old_norm_vid1,55
normal/old_norm_vid1_0056.jpg,normal/normal_02837.jpg,old_norm_vid1,56
normal/old_norm_vid1_0057.jpg,normal/normal_02838.jpg,old_norm_vid1,57
normal/old_norm_vid1_0058.jpg,normal/normal_02839.jpg,old_norm_vid1,58
normal/old_norm_vid1_0059.jpg,normal/normal_02840.jpg,old_norm_vid1,59
normal/old_norm_vid1_0060.jpg,normal/normal_02841.jpg,old_norm_vid1,60
normal/old_norm_vid1_0061.jpg,normal/normal_02842.jpg,old_norm_vid1,61
normal/old_norm_vid1_0062.jpg,normal/normal_02843.jpg,old_norm_vid1,62
normal/old_norm_vid1_0063.jpg,normal/normal_02844.jpg,old_norm_vid1,63
normal/old_norm_vid1_0064.jpg,normal/normal_02845.jpg,old_norm_vid1,64
normal/old_norm_vid1_0065.jpg,normal/normal_02846.jpg,old_norm_vid1,65
normal/old_norm_vid1_0066.jpg,normal/normal_02847.jpg,old_norm_vid1,66
normal/old_norm_vid1_0067.jpg,normal/normal_02848.jpg,old_norm_vid1,67
normal/old_norm_vid1_0068.jpg,normal/normal_02849.jpg,old_norm_vid1,68
normal/old_norm_vid1_0069.jpg,normal/normal_02850.jpg,old_norm_vid1,69
normal/old_norm_vid1_0070.jpg,normal/normal_02851.jpg,old_norm_vid1,70
normal/old_norm_vid1_0071.jpg,normal/normal_02852.jpg,old_norm_vid1,71
normal/old_norm_vid1_0072.jpg,normal/normal_02853.jpg,old_norm_vid1,72
normal/old_norm_vid1_0073.jpg,normal/normal_02854.jpg,old_norm_vid1,73
normal/old_norm_vid1_0074.jpg,normal/normal_02855.jpg,old_norm_vid1,74
normal/old_norm_vid1_0075.jpg,normal/normal_02856.jpg,old_norm_vid1,75
normal/old_norm_vid1_0076.jpg,normal/normal_02857.jpg,old_norm_vid1,76
normal/old_norm_vid1_0077.jpg,normal/normal_02858.jpg,old_norm_vid1,77
normal/old_norm_vid1_0078.jpg,normal/normal_02859.jpg,old_norm_vid1,78
normal/old_norm_vid1_0079.jpg,normal/normal_02860.jpg,old_norm_vid1,79
normal/old_norm_vid1_0080.jpg,normal/normal_02861.jpg,old_norm_vid1,80
normal/old_norm_vid1_0081.jpg,normal/normal_02862.jpg,old_norm_vid1,81
normal/old_norm_vid1_0082.jpg,normal/normal_02863.jpg,old_norm_vid1,82
normal/old_norm_vid1_0083.jpg,normal/normal_02864.jpg,old_norm_vid1,83
normal/old_norm_vid1_0084.jpg,normal/normal_02865.jpg,old_norm_vid1,84
normal/old_norm_vid1_0085.jpg,normal/normal_02866.jpg,old_norm_vid1,85
normal/old_norm_vid1_0086.jpg,normal/normal_02867.jpg,old_norm_vid1,86
normal/old_norm_vid1_0087.jpg,normal/normal_02868.jpg,old_norm_vid1,87
normal/old_norm_vid1_0088.jpg,normal/normal_02869.jpg,old_norm_vid1,88
normal/old_norm_vid1_0089.jpg,normal/normal_02870.jpg,old_norm_vid1,89
normal/old_norm_vid1_0090.jpg,normal/normal_02871.jpg,old_norm_vid1,90
normal/old_norm_vid1_0091.jpg,normal/normal_02872.jpg,old_norm_vid1,91
normal/old_norm_vid1_0092.jpg,normal/normal_02873.jpg,old_norm_vid1,92
normal/old_norm_vid1_0093.jpg,normal/normal_02874.jpg,old_norm_vid1,93
normal/old_norm_vid1_0094.jpg,normal/normal_02875.jpg,old_norm_vid1,94
normal/old_norm_vid1_0095.jpg,normal/normal_02876.jpg,old_norm_vid1,95
normal/old_norm_vid1_0096.jpg,normal/normal_02877.jpg,old_norm_vid1,96
normal/old_norm_vid1_0097.jpg,normal/normal_02878.jpg,old_norm_vid1,97
normal/old_norm_vid1_0098.jpg,normal/normal_02879.jpg,old_norm_vid1,98
normal/old_norm_vid1_0099.jpg,normal/normal_02880.jpg,old_norm_vid1,99
normal/old_norm_vid1_0100.jpg,normal/normal_02881.jpg,old_norm_vid1,100
normal/old_norm_vid1_0101.jpg,normal/normal_02882.jpg,old_norm_vid1,101
normal/old_norm_vid1_0102.jpg,normal/normal_02883.jpg,old_norm_vid1,102
normal/old_norm_vid1_0103.jpg,normal/normal_02884.jpg,old_norm_vid1,103
normal/old_norm_vid1_0104.jpg,normal/normal_02885.jpg,old_norm_vid1,104
normal/old_norm_vid1_0105.jpg,normal/normal_02886.jpg,old_norm_vid1,105
normal/old_norm_vid1_0106.jpg,normal/normal_02887.jpg,old_norm_vid1,106
normal/old_norm_vid1_0107.jpg,normal/normal_02888.jpg,old_norm_vid1,107
normal/old_norm_vid1_0108.jpg,normal/normal_02889.jpg,old_norm_vid1,108
normal/old_norm_vid1_0109.jpg,normal/normal_02890.jpg,old_norm_vid1,109
normal/old_norm_vid1_0110.jpg,normal/normal_02891.jpg,old_norm_vid1,110
normal/old_norm_vid1_0111.jpg,normal/normal_02892.jpg,old_norm_vid1,111
normal/old_norm_vid1_0112.jpg,normal/normal_02893.jpg,old_norm_vid1,112
normal/old_norm_vid1_0113.jpg,normal/normal_02894.jpg,old_norm_vid1,113
normal/old_norm_vid1_0114.jpg,normal/normal_02895.jpg,old_norm_vid1,114
normal/old_norm_vid1_0115.jpg,normal/normal_02896.jpg,old_norm_vid1,115
normal/old_norm_vid1_0116.jpg,normal/normal_02897.jpg,old_norm_vid1,116
normal/old_norm_vid1_0117.jpg,normal/normal_02898.jpg,old_norm_vid1,117
normal/old_norm_vid1_0118.jpg,normal/normal_02899.jpg,old_norm_vid1,118
normal/old_norm_vid1_0119.jpg,normal/normal_02900.jpg,old_norm_vid1,119
normal/old_norm_vid1_0120.jpg,normal/normal_02901.jpg,old_norm_vid1,120
normal/old_norm_vid1_0121.jpg,normal/normal_02902.jpg,old_norm_vid1,121
normal/old_norm_vid1_0122.jpg,normal/normal_02903.jpg,old_norm_vid1,122
normal/old_norm_vid1_0123.jpg,normal/normal_02904.jpg,old_norm_vid1,123
normal/old_norm_vid1_0124.jpg,normal/normal_02905.jpg,old_norm_vid1,124
normal/old_norm_vid1_0125.jpg,normal/normal_02906.jpg,old_norm_vid1,125
normal/old_norm_vid1_0126.jpg,normal/normal_02907.jpg,old_norm_vid1,126
normal/old_norm_vid1_0127.jpg,normal/normal_02908.jpg,old_norm_vid1,127
normal/old_norm_vid1_0128.jpg,normal/normal_02909.jpg,old_norm_vid1,128
normal/old_norm_vid1_0129.jpg,normal/normal_02910.jpg,old_norm_vid1,129
normal/old_norm_vid1_0130.jpg,normal/normal_02911.jpg,old_norm_vid1,130
normal/old_norm_vid1_0131.jpg,normal/normal_02912.jpg,old_norm_vid1,131
normal/old_norm_vid1_0132.jpg,normal/normal_02913.jpg,old_norm_vid1,132
normal/old_norm_vid1_0133.jpg,normal/normal_02914.jpg,old_norm_vid1,133
normal/old_norm_vid1_0134.jpg,normal/normal_02915.jpg,old_norm_vid1,134
normal/old_norm_vid1_0135.jpg,normal/normal_02916.jpg,old_norm_vid1,135
normal/old_norm_vid1_0136.jpg,normal/normal_02917.jpg,old_norm_vid1,136
normal/old_norm_vid1_0137.jpg,normal/normal_02918.jpg,old_norm_vid1,137
normal/old_norm_vid1_0138.jpg,normal/normal_02919.jpg,old_norm_vid1,138
normal/old_norm_vid1_0139.jpg,normal/normal_02920.jpg,old_norm_vid1,139
normal/old_norm_vid2_0001.jpg,normal/normal_02921.jpg,old_norm_vid2,1
normal/old_norm_vid2_0002.jpg,normal/normal_02922.jpg,old_norm_vid2,2
normal/old_norm_vid2_0003.jpg,normal/normal_02923.jpg,old_norm_vid2,3
normal/old_norm_vid2_0004.jpg,normal/normal_02924.jpg,old_norm_vid2,4
normal/old_norm_vid2_0005.jpg,normal/normal_02925.jpg,old_norm_vid2,5
normal/old_norm_vid2_0006.jpg,normal/normal_02926.jpg,old_norm_vid2,6
normal/old_norm_vid2_0007.jpg,normal/normal_02927.jpg,old_norm_vid2,7
normal/old_norm_vid2_0008.jpg,normal/normal_02928.jpg,old_norm_vid2,8
normal/old_norm_vid2_0009.jpg,normal/normal_02929.jpg,old_norm_vid2,9
normal/old_norm_vid2_0010.jpg,normal/normal_02930.jpg,old_norm_vid2,10
normal/old_norm_vid2_0011.jpg,normal/normal_02931.jpg,old_norm_vid2,11
normal/old_norm_vid2_0012.jpg,normal/normal_02932.jpg,old_norm_vid2,12
normal/old_norm_vid2_0013.jpg,normal/normal_02933.jpg,old_norm_vid2,13
normal/old_norm_vid2_0014.jpg,normal/normal_02934.jpg,old_norm_vid2,14
normal/old_norm_vid2_0015.jpg,normal/normal_02935.jpg,old_norm_vid2,15
normal/old_norm_vid2_0016.jpg,normal/normal_02936.jpg,old_norm_vid2,16
normal/old_norm_vid2_0017.jpg,normal/normal_02937.jpg,old_norm_vid2,17
normal/old_norm_vid2_0018.jpg,normal/normal_02938.jpg,old_norm_vid2,18
normal/old_norm_vid2_0019.jpg,normal/normal_02939.jpg,old_norm_vid2,19
normal/old_norm_vid2_0020.jpg,normal/normal_02940.jpg,old_norm_vid2,20
normal/old_norm_vid2_0021.jpg,normal/normal_02941.jpg,old_norm_vid2,21
normal/old_norm_vid2_0022.jpg,normal/normal_02942.jpg,old_norm_vid2,22
normal/old_norm_vid2_0023.jpg,normal/normal_02943.jpg,old_norm_vid2,23
normal/old_norm_vid2_0024.jpg,normal/normal_02944.jpg,old_norm_vid2,24
normal/old_norm_vid2_0025.jpg,normal/normal_02945.jpg,old_norm_vid2,25
normal/old_norm_vid2_0026.jpg,normal/normal_02946.jpg,old_norm_vid2,26
normal/old_norm_vid2_0027.jpg,normal/normal_02947.jpg,old_norm_vid2,27
normal/old_norm_vid2_0028.jpg,normal/normal_02948.jpg,old_norm_vid2,28
normal/old_norm_vid2_0029.jpg,normal/normal_02949.jpg,old_norm_vid2,29
normal/old_norm_vid2_0030.jpg,normal/normal_02950.jpg,old_norm_vid2,30
normal/old_norm_vid2_0031.jpg,normal/normal_02951.jpg,old_norm_vid2,31
normal/old_norm_vid2_0032.jpg,normal/normal_02952.jpg,old_norm_vid2,32
normal/old_norm_vid2_0033.jpg,normal/normal_02953.jpg,old_norm_vid2,33
normal/old_norm_vid2_0034.jpg,normal/normal_02954.jpg,old_norm_vid2,34
normal/old_norm_vid2_0035.jpg,normal/normal_02955.jpg,old_norm_vid2,35
normal/old_norm_vid2_0036.jpg,normal/normal_02956.jpg,old_norm_vid2,36
normal/old_norm_vid2_0037.jpg,normal/normal_02957.jpg,old_norm_vid2,37
normal/old_norm_vid2_0038.jpg,normal/normal_02958.jpg,old_norm_vid2,38
normal/old_norm_vid2_0039.jpg,normal/normal_02959.jpg,old_norm_vid2,39
normal/old_norm_vid2_0040.jpg,normal/normal_02960.jpg,old_norm_vid2,40
normal/old_norm_vid2_0041.jpg,normal/normal_02961.jpg,old_norm_vid2,41
normal/old_norm_vid2_0042.jpg,normal/normal_02962.jpg,old_norm_vid2,42
normal/old_norm_vid2_0043.jpg,normal/normal_02963.jpg,old_norm_vid2,43
normal/old_norm_vid2_0044.jpg,normal/normal_02964.jpg,old_norm_vid2,44
normal/old_norm_vid2_0045.jpg,normal/normal_02965.jpg,old_norm_vid2,45
normal/old_norm_vid2_0046.jpg,normal/normal_02966.jpg,old_norm_vid2,46
normal/old_norm_vid2_0047.jpg,normal/normal_02967.jpg,old_norm_vid2,47
normal/old_norm_vid2_0048.jpg,normal/normal_02968.jpg,old_norm_vid2,48
normal/old_norm_vid2_0049.jpg,normal/normal_02969.jpg,old_norm_vid2,49
normal/old_norm_vid2_0050.jpg,normal/normal_02970.jpg,old_norm_vid2,50
normal/old_norm_vid2_0051.jpg,normal/normal_02971.jpg,old_norm_vid2,51
normal/old_norm_vid2_0052.jpg,normal/normal_02972.jpg,old_norm_vid2,52
normal/old_norm_vid2_0053.jpg,normal/normal_02973.jpg,old_norm_vid2,53
normal/old_norm_vid2_0054.jpg,normal/normal_02974.jpg,old_norm_vid2,54
normal/old_norm_vid2_0055.jpg,normal/normal_02975.jpg,old_norm_vid2,55
normal/old_norm_vid2_0056.jpg,normal/normal_02976.jpg,old_norm_vid2,56
normal/old_norm_vid2_0057.jpg,normal/normal_02977.jpg,old_norm_vid2,57
normal/old_norm_vid2_0058.jpg,normal/normal_02978.jpg,old_norm_vid2,58
normal/old_norm_vid2_0059.jpg,normal/normal_02979.jpg,old_norm_vid2,59
normal/old_norm_vid2_0060.jpg,normal/normal_02980.jpg,old_norm_vid2,60
normal/old_norm_vid2_0061.jpg,normal/normal_02981.jpg,old_norm_vid2,61
normal/old_norm_vid2_0062.jpg,normal/normal_02982.jpg,old_norm_vid2,62
normal/old_norm_vid2_0063.jpg,normal/normal_02983.jpg,old_norm_vid2,63
normal/old_norm_vid2_0064.jpg,normal/normal_02984.jpg,old_norm_vid2,64
normal/old_norm_vid2_0065.jpg,normal/normal_02985.jpg,old_norm_vid2,65
normal/old_norm_vid2_0066.jpg,normal/normal_02986.jpg,old_norm_vid2,66
normal/old_norm_vid2_0067.jpg,normal/normal_02987.jpg,old_norm_vid2,67
normal/old_norm_vid2_0068.jpg,normal/normal_02988.jpg,old_norm_vid2,68
normal/old_norm_vid2_0069.jpg,normal/normal_02989.jpg,old_norm_vid2,69
normal/old_norm_vid2_0070.jpg,normal/normal_02990.jpg,old_norm_vid2,70
normal/old_norm_vid2_0071.jpg,normal/normal_02991.jpg,old_norm_vid2,71
normal/old_norm_vid2_0072.jpg,normal/normal_02992.jpg,old_norm_vid2,72
normal/old_norm_vid2_0073.jpg,normal/normal_02993.jpg,old_norm_vid2,73
normal/old_norm_vid2_0074.jpg,normal/normal_02994.jpg,old_norm_vid2,74
normal/old_norm_vid2_0075.jpg,normal/normal_02995.jpg,old_norm_vid2,75
normal/old_norm_vid2_0076.jpg,normal/normal_02996.jpg,old_norm_vid2,76
normal/old_norm_vid2_0077.jpg,normal/normal_02997.jpg,old_norm_vid2,77
normal/old_norm_vid2_0078.jpg,normal/normal_02998.jpg,old_norm_vid2,78
normal/old_norm_vid2_0079.jpg,normal/normal_02999.jpg,old_norm_vid2,79
normal/old_norm_vid2_0080.jpg,normal/normal_03000.jpg,old_norm_vid2,80
normal/old_norm_vid2_0081.jpg,normal/normal_03001.jpg,old_norm_vid2,81
normal/old_norm_vid2_0082.jpg,normal/normal_03002.jpg,old_norm_vid2,82
normal/old_norm_vid2_0083.jpg,normal/normal_03003.jpg,old_norm_vid2,83
normal/old_norm_vid2_0084.jpg,normal/normal_03004.jpg,old_norm_vid2,84
normal/old_norm_vid2_0085.jpg,normal/normal_03005.jpg,old_norm_vid2,85
normal/old_norm_vid2_0086.jpg,normal/normal_03006.jpg,old_norm_vid2,86
normal/old_norm_vid2_0087.jpg,normal/normal_03007.jpg,old_norm_vid2,87
normal/old_norm_vid2_0088.jpg,normal/normal_03008.jpg,old_norm_vid2,88
normal/old_norm_vid2_0089.jpg,normal/normal_03009.jpg,old_norm_vid2,89
normal/old_norm_vid2_0090.jpg,normal/normal_03010.jpg,old_norm_vid2,90
normal/old_norm_vid2_0091.jpg,normal/normal_03011.jpg,old_norm_vid2,91
normal/old_norm_vid2_0092.jpg,normal/normal_03012.jpg,old_norm_vid2,92
normal/old_norm_vid2_0093.jpg,normal/normal_03013.jpg,old_norm_vid2,93
normal/old_norm_vid2_0094.jpg,normal/normal_03014.jpg,old_norm_vid2,94
normal/old_norm_vid2_0095.jpg,normal/normal_03015.jpg,old_norm_vid2,95
normal/old_norm_vid2_0096.jpg,normal/normal_03016.jpg,old_norm_vid2,96
normal/old_norm_vid2_0097.jpg,normal/normal_03017.jpg,old_norm_vid2,97
normal/old_norm_vid2_0098.jpg,normal/normal_03018.jpg,old_norm_vid2,98
normal/old_norm_vid2_0099.jpg,normal/normal_03019.jpg,old_norm_vid2,99
normal/old_norm_vid2_0100.jpg,normal/normal_03020.jpg,old_norm_vid2,100
normal/old_norm_vid2_0101.jpg,normal/normal_03021.jpg,old_norm_vid2,101
normal/old_norm_vid2_0102.jpg,normal/normal_03022.jpg,old_norm_vid2,102
normal/old_norm_vid2_0103.jpg,normal/normal_03023.jpg,old_norm_vid2,103
normal/old_norm_vid2_0104.jpg,normal/normal_03024.jpg,old_norm_vid2,104
normal/old_norm_vid2_0105.jpg,normal/normal_03025.jpg,old_norm_vid2,105
normal/old_norm_vid2_0106.jpg,normal/normal_03026.jpg,old_norm_vid2,106
normal/old_norm_vid2_0107.jpg,normal/normal_03027.jpg,old_norm_vid2,107
normal/old_norm_vid2_0108.jpg,normal/normal_03028.jpg,old_norm_vid2,108
normal/old_norm_vid2_0109.jpg,normal/normal_03029.jpg,old_norm_vid2,109
normal/old_norm_vid2_0110.jpg,normal/normal_03030.jpg,old_norm_vid2,110
normal/old_norm_vid2_0111.jpg,normal/normal_03031.jpg,old_norm_vid2,111
normal/old_norm_vid2_0112.jpg,normal/normal_03032.jpg,old_norm_vid2,112
normal/old_norm_vid2_0113.jpg,normal/normal_03033.jpg,old_norm_vid2,113
normal/old_norm_vid2_0114.jpg,normal/normal_03034.jpg,old_norm_vid2,114
normal/old_norm_vid2_0115.jpg,normal/normal_03035.jpg,old_norm_vid2,115
normal/old_norm_vid2_0116.jpg,normal/normal_03036.jpg,old_norm_vid2,116
normal/old_norm_vid2_0117.jpg,normal/normal_03037.jpg,old_norm_vid2,117
normal/old_norm_vid2_0118.jpg,normal/normal_03038.jpg,old_norm_vid2,118
normal/old_norm_vid2_0119.jpg,normal/normal_03039.jpg,old_norm_vid2,119
normal/old_norm_vid2_0120.jpg,normal/normal_03040.jpg,old_norm_vid2,120
normal/old_norm_vid2_0121.jpg,normal/normal_03041.jpg,old_norm_vid2,121
normal/old_norm_vid2_0122.jpg,normal/normal_03042.jpg,old_norm_vid2,122
normal/old_norm_vid2_0123.jpg,normal/normal_03043.jpg,old_norm_vid2,123
normal/old_norm_vid2_0124.jpg,normal/normal_03044.jpg,old_norm_vid2,124
normal/old_norm_vid2_0125.jpg,normal/normal_03045.jpg,old_norm_vid2,125
normal/old_norm_vid2_0126.jpg,normal/normal_03046.jpg,old_norm_vid2,126
normal/old_norm_vid2_0127.jpg,normal/normal_03047.jpg,old_norm_vid2,127
normal/old_norm_vid2_0128.jpg,normal/normal_03048.jpg,old_norm_vid2,128
normal/old_norm_vid2_0129.jpg,normal/normal_03049.jpg,old_norm_vid2,129
normal/old_norm_vid2_0130.jpg,normal/normal_03050.jpg,old_norm_vid2,130
normal/old_norm_vid2_0131.jpg,normal/normal_03051.jpg,old_norm_vid2,131
normal/old_norm_vid2_0132.jpg,normal/normal_03052.jpg,old_norm_vid2,132
normal/old_norm_vid3_0001.jpg,normal/normal_03053.jpg,old_norm_vid3,1
normal/old_norm_vid3_0002.jpg,normal/normal_03054.jpg,old_norm_vid3,2
normal/old_norm_vid3_0003.jpg,normal/normal_03055.jpg,old_norm_vid3,3
normal/old_norm_vid3_0004.jpg,normal/normal_03056.jpg,old_norm_vid3,4
normal/old_norm_vid3_0005.jpg,normal/normal_03057.jpg,old_norm_vid3,5
normal/old_norm_vid3_0006.jpg,normal/normal_03058.jpg,old_norm_vid3,6
normal/old_norm_vid3_0007.jpg,normal/normal_03059.jpg,old_norm_vid3,7
normal/old_norm_vid3_0008.jpg,normal/normal_03060.jpg,old_norm_vid3,8
normal/old_norm_vid3_0009.jpg,normal/normal_03061.jpg,old_norm_vid3,9
normal/old_norm_vid3_0010.jpg,normal/normal_03062.jpg,old_norm_vid3,10
normal/old_norm_vid3_0011.jpg,normal/normal_03063.jpg,old_norm_vid3,11
normal/old_norm_vid3_0012.jpg,normal/normal_03064.jpg,old_norm_vid3,12
normal/old_norm_vid3_0013.jpg,normal/normal_03065.jpg,old_norm_vid3,13
normal/old_norm_vid3_0014.jpg,normal/normal_03066.jpg,old_norm_vid3,14
normal/old_norm_vid3_0015.jpg,normal/normal_03067.jpg,old_norm_vid3,15
normal/old_norm_vid3_0016.jpg,normal/normal_03068.jpg,old_norm_vid3,16
normal/old_norm_vid3_0017.jpg,normal/normal_03069.jpg,old_norm_vid3,17
normal/old_norm_vid3_0018.jpg,normal/normal_03070.jpg,old_norm_vid3,18
normal/old_norm_vid3_0019.jpg,normal/normal_03071.jpg,old_norm_vid3,19
normal/old_norm_vid3_0020.jpg,normal/normal_03072.jpg,old_norm_vid3,20
normal/old_norm_vid3_0021.jpg,normal/normal_03073.jpg,old_norm_vid3,21
normal/old_norm_vid3_0022.jpg,normal/normal_03074.jpg,old_norm_vid3,22
normal/old_norm_vid3_0023.jpg,normal/normal_03075.jpg,old_norm_vid3,23
normal/old_norm_vid3_0024.jpg,normal/normal_03076.jpg,old_norm_vid3,24
normal/old_norm_vid3_0025.jpg,normal/normal_03077.jpg,old_norm_vid3,25
normal/old_norm_vid3_0026.jpg,normal/normal_03078.jpg,old_norm_vid3,26
normal/old_norm_vid3_0027.jpg,normal/normal_03079.jpg,old_norm_vid3,27
normal/old_norm_vid3_0028.jpg,normal/normal_03080.jpg,old_norm_vid3,28
normal/old_norm_vid3_0029.jpg,normal/normal_03081.jpg,old_norm_vid3,29
normal/old_norm_vid3_0030.jpg,normal/normal_03082.jpg,old_norm_vid3,30
normal/old_norm_vid3_0031.jpg,normal/normal_03083.jpg,old_norm_vid3,31
normal/old_norm_vid3_0032.jpg,normal/normal_03084.jpg,old_norm_vid3,32
normal/old_norm_vid3_0033.jpg,normal/normal_03085.jpg,old_norm_vid3,33
normal/old_norm_vid3_0034.jpg,normal/normal_03086.jpg,old_norm_vid3,34
normal/old_norm_vid3_0035.jpg,normal/normal_03087.jpg,old_norm_vid3,35
normal/old_norm_vid3_0036.jpg,normal/normal_03088.jpg,old_norm_vid3,36
normal/old_norm_vid3_0037.jpg,normal/normal_03089.jpg,old_norm_vid3,37
normal/old_norm_vid3_0038.jpg,normal/normal_03090.jpg,old_norm_vid3,38
normal/old_norm_vid3_0039.jpg,normal/normal_03091.jpg,old_norm_vid3,39
normal/old_norm_vid3_0040.jpg,normal/normal_03092.jpg,old_norm_vid3,40
normal/old_norm_vid3_0041.jpg,normal/normal_03093.jpg,old_norm_vid3,41
normal/old_norm_vid3_0042.jpg,normal/normal_03094.jpg,old_norm_vid3,42
normal/old_norm_vid3_0043.jpg,normal/normal_03095.jpg,old_norm_vid3,43
normal/old_norm_vid3_0044.jpg,normal/normal_03096.jpg,old_norm_vid3,44
normal/old_norm_vid3_0045.jpg,normal/normal_03097.jpg,old_norm_vid3,45
normal/old_norm_vid3_0046.jpg,normal/normal_03098.jpg,old_norm_vid3,46
normal/old_norm_vid3_0047.jpg,normal/normal_03099.jpg,old_norm_vid3,47
normal/old_norm_vid3_0048.jpg,normal/normal_03100.jpg,old_norm_vid3,48
normal/old_norm_vid3_0049.jpg,normal/normal_03101.jpg,old_norm_vid3,49
normal/old_norm_vid3_0050.jpg,normal/normal_03102.jpg,old_norm_vid3,50
normal/old_norm_vid3_0051.jpg,normal/normal_03103.jpg,old_norm_vid3,51
normal/old_norm_vid3_0052.jpg,normal/normal_03104.jpg,old_norm_vid3,52
normal/old_norm_vid3_0053.jpg,normal/normal_03105.jpg,old_norm_vid3,53
normal/old_norm_vid3_0054.jpg,normal/normal_03106.jpg,old_norm_vid3,54
normal/old_norm_vid3_0055.jpg,normal/normal_03107.jpg,old_norm_vid3,55
normal/old_norm_vid3_0056.jpg,normal/normal_03108.jpg,old_norm_vid3,56
normal/old_norm_vid3_0057.jpg,normal/normal_03109.jpg,old_norm_vid3,57
normal/old_norm_vid3_0058.jpg,normal/normal_03110.jpg,old_norm_vid3,58
normal/old_norm_vid3_0059.jpg,normal/normal_03111.jpg,old_norm_vid3,59
normal/old_norm_vid3_0060.jpg,normal/normal_03112.jpg,old_norm_vid3,60
normal/old_norm_vid3_0061.jpg,normal/normal_03113.jpg,old_norm_vid3,61
normal/old_norm_vid3_0062.jpg,normal/normal_03114.jpg,old_norm_vid3,62
normal/old_norm_vid3_0063.jpg,normal/normal_03115.jpg,old_norm_vid3,63
normal/old_norm_vid3_0064.jpg,normal/normal_03116.jpg,old_norm_vid3,64
normal/old_norm_vid3_0065.jpg,normal/normal_03117.jpg,old_norm_vid3,65
normal/old_norm_vid3_0066.jpg,normal/normal_03118.jpg,old_norm_vid3,66
normal/old_norm_vid3_0067.jpg,normal/normal_03119.jpg,old_norm_vid3,67
normal/old_norm_vid3_0068.jpg,normal/normal_03120.jpg,old_norm_vid3,68
normal/old_norm_vid3_0069.jpg,normal/normal_03121.jpg,old_norm_vid3,69
normal/old_norm_vid3_0070.jpg,normal/normal_03122.jpg,old_norm_vid3,70
normal/old_norm_vid3_0071.jpg,normal/normal_03123.jpg,old_norm_vid3,71
normal/old_norm_vid3_0072.jpg,normal/normal_03124.jpg,old_norm_vid3,72
normal/old_norm_vid3_0073.jpg,normal/normal_03125.jpg,old_norm_vid3,73
normal/old_norm_vid3_0074.jpg,normal/normal_03126.jpg,old_norm_vid3,74
normal/old_norm_vid3_0075.jpg,normal/normal_03127.jpg,old_norm_vid3,75
normal/old_norm_vid4_0001.jpg,normal/normal_03128.jpg,old_norm_vid4,1
normal/old_norm_vid4_0002.jpg,normal/normal_03129.jpg,old_norm_vid4,2
normal/old_norm_vid4_0003.jpg,normal/normal_03130.jpg,old_norm_vid4,3
normal/old_norm_vid4_0004.jpg,normal/normal_03131.jpg,old_norm_vid4,4
normal/old_norm_vid4_0005.jpg,normal/normal_03132.jpg,old_norm_vid4,5
normal/old_norm_vid4_0006.jpg,normal/normal_03133.jpg,old_norm_vid4,6
normal/old_norm_vid4_0007.jpg,normal/normal_03134.jpg,old_norm_vid4,7
normal/old_norm_vid4_0008.jpg,normal/normal_03135.jpg,old_norm_vid4,8
normal/old_norm_vid4_0009.jpg,normal/normal_03136.jpg,old_norm_vid4,9
normal/old_norm_vid4_0010.jpg,normal/normal_03137.jpg,old_norm_vid4,10
normal/old_norm_vid4_0011.jpg,normal/normal_03138.jpg,old_norm_vid4,11
normal/old_norm_vid4_0012.jpg,normal/normal_03139.jpg,old_norm_vid4,12
normal/old_norm_vid4_0013.jpg,normal/normal_03140.jpg,old_norm_vid4,13
normal/old_norm_vid4_0014.jpg,normal/normal_03141.jpg,old_norm_vid4,14
normal/old_norm_vid4_0015.jpg,normal/normal_03142.jpg,old_norm_vid4,15
normal/old_norm_vid4_0016.jpg,normal/normal_03143.jpg,old_norm_vid4,16
normal/old_norm_vid4_0017.jpg,normal/normal_03144.jpg,old_norm_vid4,17
normal/old_norm_vid4_0018.jpg,normal/normal_03145.jpg,old_norm_vid4,18
normal/old_norm_vid4_0019.jpg,normal/normal_03146.jpg,old_norm_vid4,19
normal/old_norm_vid4_0020.jpg,normal/normal_03147.jpg,old_norm_vid4,20
normal/old_norm_vid4_0021.jpg,normal/normal_03148.jpg,old_norm_vid4,21
normal/old_norm_vid4_0022.jpg,normal/normal_03149.jpg,old_norm_vid4,22
normal/old_norm_vid4_0023.jpg,normal/normal_03150.jpg,old_norm_vid4,23
normal/old_norm_vid4_0024.jpg,normal/normal_03151.jpg,old_norm_vid4,24
normal/old_norm_vid4_0025.jpg,normal/normal_03152.jpg,old_norm_vid4,25
normal/old_norm_vid4_0026.jpg,normal/normal_03153.jpg,old_norm_vid4,26
normal/old_norm_vid4_0027.jpg,normal/normal_03154.jpg,old_norm_vid4,27
normal/old_norm_vid4_0028.jpg,normal/normal_03155.jpg,old_norm_vid4,28
normal/old_norm_vid4_0029.jpg,normal/normal_03156.jpg,old_norm_vid4,29
normal/old_norm_vid4_0030.jpg,normal/normal_03157.jpg,old_norm_vid4,30
normal/old_norm_vid4_0031.jpg,normal/normal_03158.jpg,old_norm_vid4,31
normal/old_norm_vid4_0032.jpg,normal/normal_03159.jpg,old_norm_vid4,32
normal/old_norm_vid4_0033.jpg,normal/normal_03160.jpg,old_norm_vid4,33
normal/old_norm_vid4_0034.jpg,normal/normal_03161.jpg,old_norm_vid4,34
normal/old_norm_vid4_0035.jpg,normal/normal_03162.jpg,old_norm_vid4,35
normal/old_norm_vid4_0036.jpg,normal/normal_03163.jpg,old_norm_vid4,36
normal/old_norm_vid4_0037.jpg,normal/normal_03164.jpg,old_norm_vid4,37
normal/old_norm_vid4_0038.jpg,normal/normal_03165.jpg,old_norm_vid4,38
normal/old_norm_vid4_0039.jpg,normal/normal_03166.jpg,old_norm_vid4,39
normal/old_norm_vid4_0040.jpg,normal/normal_03167.jpg,old_norm_vid4,40
normal/old_norm_vid4_0041.jpg,normal/normal_03168.jpg,old_norm_vid4,41
normal/old_norm_vid4_0042.jpg,normal/normal_03169.jpg,old_norm_vid4,42
normal/old_norm_vid4_0043.jpg,normal/normal_03170.jpg,old_norm_vid4,43
normal/old_norm_vid4_0044.jpg,normal/normal_03171.jpg,old_norm_vid4,44
normal/old_norm_vid4_0045.jpg,normal/normal_03172.jpg,old_norm_vid4,45
normal/old_norm_vid4_0046.jpg,normal/normal_03173.jpg,old_norm_vid4,46
normal/old_norm_vid4_0047.jpg,normal/normal_03174.jpg,old_norm_vid4,47
normal/old_norm_vid4_0048.jpg,normal/normal_03175.jpg,old_norm_vid4,48
normal/old_norm_vid4_0049.jpg,normal/normal_03176.jpg,old_norm_vid4,49
normal/old_norm_vid4_0050.jpg,normal/normal_03177.jpg,old_norm_vid4,50
normal/old_norm_vid4_0051.jpg,normal/normal_03178.jpg,old_norm_vid4,51
normal/old_norm_vid4_0052.jpg,normal/normal_03179.jpg,old_norm_vid4,52
normal/old_norm_vid4_0053.jpg,normal/normal_03180.jpg,old_norm_vid4,53
normal/old_norm_vid4_0054.jpg,normal/normal_03181.jpg,old_norm_vid4,54
normal/old_norm_vid4_0055.jpg,normal/normal_03182.jpg,old_norm_vid4,55
normal/old_norm_vid4_0056.jpg,normal/normal_03183.jpg,old_norm_vid4,56
normal/old_norm_vid4_0057.jpg,normal/normal_03184.jpg,old_norm_vid4,57
normal/old_norm_vid4_0058.jpg,normal/normal_03185.jpg,old_norm_vid4,58
normal/old_norm_vid4_0059.jpg,normal/normal_03186.jpg,old_norm_vid4,59
normal/old_norm_vid4_0060.jpg,normal/normal_03187.jpg,old_norm_vid4,60
normal/old_norm_vid4_0061.jpg,normal/normal_03188.jpg,old_norm_vid4,61
normal/old_norm_vid4_0062.jpg,normal/normal_03189.jpg,old_norm_vid4,62
normal/old_norm_vid4_0063.jpg,normal/normal_03190.jpg,old_norm_vid4,63
normal/old_norm_vid4_0064.jpg,normal/normal_03191.jpg,old_norm_vid4,64
normal/old_norm_vid4_0065.jpg,normal/normal_03192.jpg,old_norm_vid4,65
normal/old_norm_vid4_0066.jpg,normal/normal_03193.jpg,old_norm_vid4,66
normal/old_norm_vid4_0067.jpg,normal/normal_03194.jpg,old_norm_vid4,67
normal/old_norm_vid4_0068.jpg,normal/normal_03195.jpg,old_norm_vid4,68
normal/old_norm_vid4_0069.jpg,normal/normal_03196.jpg,old_norm_vid4,69
normal/old_norm_vid4_0070.jpg,normal/normal_03197.jpg,old_norm_vid4,70
normal/old_norm_vid4_0071.jpg,normal/normal_03198.jpg,old_norm_vid4,71
normal/old_norm_vid4_0072.jpg,normal/normal_03199.jpg,old_norm_vid4,72
normal/old_norm_vid4_0073.jpg,normal/normal_03200.jpg,old_norm_vid4,73
normal/old_norm_vid4_0074.jpg,normal/normal_03201.jpg,old_norm_vid4,74
normal/old_norm_vid4_0075.jpg,normal/normal_03202.jpg,old_norm_vid4,75
normal/old_norm_vid4_0076.jpg,normal/normal_03203.jpg,old_norm_vid4,76
normal/old_norm_vid4_0077.jpg,normal/normal_03204.jpg,old_norm_vid4,77
normal/old_norm_vid4_0078.jpg,normal/normal_03205.jpg,old_norm_vid4,78
normal/old_norm_vid4_0079.jpg,normal/normal_03206.jpg,old_norm_vid4,79
normal/old_norm_vid4_0080.jpg,normal/normal_03207.jpg,old_norm_vid4,80
normal/old_norm_vid4_0081.jpg,normal/normal_03208.jpg,old_norm_vid4,81
normal/old_norm_vid4_0082.jpg,normal/normal_03209.jpg,old_norm_vid4,82
normal/old_norm_vid4_0083.jpg,normal/normal_03210.jpg,old_norm_vid4,83
normal/old_norm_vid4_0084.jpg,normal/normal_03211.jpg,old_norm_vid4,84
normal/old_norm_vid4_0085.jpg,normal/normal_03212.jpg,old_norm_vid4,85
normal/old_norm_vid4_0086.jpg,normal/normal_03213.jpg,old_norm_vid4,86
normal/old_norm_vid4_0087.jpg,normal/normal_03214.jpg,old_norm_vid4,87
normal/old_norm_vid4_0088.jpg,normal/normal_03215.jpg,old_norm_vid4,88
normal/old_norm_vid4_0089.jpg,normal/normal_03216.jpg,old_norm_vid4,89
normal/old_norm_vid4_0090.jpg,normal/normal_03217.jpg,old_norm_vid4,90
normal/old_norm_vid4_0091.jpg,normal/normal_03218.jpg,old_norm_vid4,91
normal/old_norm_vid4_0092.jpg,normal/normal_03219.jpg,old_norm_vid4,92
normal/old_norm_vid4_0093.jpg,normal/normal_03220.jpg,old_norm_vid4,93
normal/old_norm_vid4_0094.jpg,normal/normal_03221.jpg,old_norm_vid4,94
normal/old_norm_vid4_0095.jpg,normal/normal_03222.jpg,old_norm_vid4,95
normal/old_norm_vid4_0096.jpg,normal/normal_03223.jpg,old_norm_vid4,96
normal/old_norm_vid4_0097.jpg,normal/normal_03224.jpg,old_norm_vid4,97
normal/old_norm_vid4_0098.jpg,normal/normal_03225.jpg,old_norm_vid4,98
normal/old_norm_vid4_0099.jpg,normal/normal_03226.jpg,old_norm_vid4,99
normal/old_norm_vid4_0100.jpg,normal/normal_03227.jpg,old_norm_vid4,100
normal/old_norm_vid4_0101.jpg,normal/normal_03228.jpg,old_norm_vid4,101
normal/old_norm_vid4_0102.jpg,normal/normal_03229.jpg,old_norm_vid4,102
normal/old_norm_vid4_0103.jpg,normal/normal_03230.jpg,old_norm_vid4,103
normal/old_norm_vid4_0104.jpg,normal/normal_03231.jpg,old_norm_vid4,104
normal/old_norm_vid4_0105.jpg,normal/normal_03232.jpg,old_norm_vid4,105
normal/old_norm_vid4_0106.jpg,normal/normal_03233.jpg,old_norm_vid4,106
normal/old_norm_vid4_0107.jpg,normal/normal_03234.jpg,old_norm_vid4,107
normal/old_norm_vid4_0108.jpg,normal/normal_03235.jpg,old_norm_vid4,108
normal/old_norm_vid4_0109.jpg,normal/normal_03236.jpg,old_norm_vid4,109
normal/old_norm_vid4_0110.jpg,normal/normal_03237.jpg,old_norm_vid4,110
normal/old_norm_vid4_0111.jpg,normal/normal_03238.jpg,old_norm_vid4,111
normal/old_norm_vid4_0112.jpg,normal/normal_03239.jpg,old_norm_vid4,112
normal/old_norm_vid4_0113.jpg,normal/normal_03240.jpg,old_norm_vid4,113
normal/old_norm_vid4_0114.jpg,normal/normal_03241.jpg,old_norm_vid4,114
normal/old_norm_vid4_0115.jpg,normal/normal_03242.jpg,old_norm_vid4,115
normal/old_norm_vid4_0116.jpg,normal/normal_03243.jpg,old_norm_vid4,116
normal/old_norm_vid4_0117.jpg,normal/normal_03244.jpg,old_norm_vid4,117
normal/old_norm_vid4_0118.jpg,normal/normal_03245.jpg,old_norm_vid4,118
normal/old_norm_vid4_0119.jpg,normal/normal_03246.jpg,old_norm_vid4,119
normal/old_norm_vid4_0120.jpg,normal/normal_03247.jpg,old_norm_vid4,120
normal/old_norm_vid4_0121.jpg,normal/normal_03248.jpg,old_norm_vid4,121
normal/old_norm_vid4_0122.jpg,normal/normal_03249.jpg,old_norm_vid4,122
normal/old_norm_vid4_0123.jpg,normal/normal_03250.jpg,old_norm_vid4,123
normal/old_norm_vid4_0124.jpg,normal/normal_03251.jpg,old_norm_vid4,124
normal/old_norm_vid4_0125.jpg,normal/normal_03252.jpg,old_norm_vid4,125
normal/old_norm_vid4_0126.jpg,normal/normal_03253.jpg,old_norm_vid4,126
normal/old_norm_vid4_0127.jpg,normal/normal_03254.jpg,old_norm_vid4,127
normal/old_norm_vid4_0128.jpg,normal/normal_03255.jpg,old_norm_vid4,128
normal/old_norm_vid4_0129.jpg,normal/normal_03256.jpg,old_norm_vid4,129
normal/old_norm_vid4_0130.jpg,normal/normal_03257.jpg,old_norm_vid4,130
normal/old_norm_vid4_0131.jpg,normal/normal_03258.jpg,old_norm_vid4,131
normal/old_norm_vid4_0132.jpg,normal/normal_03259.jpg,old_norm_vid4,132
normal/old_norm_vid4_0133.jpg,normal/normal_03260.jpg,old_norm_vid4,133
normal/old_norm_vid4_0134.jpg,normal/normal_03261.jpg,old_norm_vid4,134
normal/old_norm_vid4_0135.jpg,normal/normal_03262.jpg,old_norm_vid4,135
normal/old_norm_vid4_0136.jpg,normal/normal_03263.jpg,old_norm_vid4,136
normal/old_norm_vid4_0137.jpg,normal/normal_03264.jpg,old_norm_vid4,137
normal/old_norm_vid4_0138.jpg,normal/normal_03265.jpg,old_norm_vid4,138
normal/old_norm_vid4_0139.jpg,normal/normal_03266.jpg,old_norm_vid4,139
normal/old_norm_vid4_0140.jpg,normal/normal_03267.jpg,old_norm_vid4,140
normal/old_norm_vid4_0141.jpg,normal/normal_03268.jpg,old_norm_vid4,141
normal/old_norm_vid4_0142.jpg,normal/normal_03269.jpg,old_norm_vid4,142
normal/old_norm_vid4_0143.jpg,normal/normal_03270.jpg,old_norm_vid4,143
normal/old_norm_vid4_0144.jpg,normal/normal_03271.jpg,old_norm_vid4,144
normal/old_norm_vid4_0145.jpg,normal/normal_03272.jpg,old_norm_vid4,145
normal/old_norm_vid4_0146.jpg,normal/normal_03273.jpg,old_norm_vid4,146
normal/old_norm_vid4_0147.jpg,normal/normal_03274.jpg,old_norm_vid4,147
normal/old_norm_vid4_0148.jpg,normal/normal_03275.jpg,old_norm_vid4,148
normal/old_norm_vid4_0149.jpg,normal/normal_03276.jpg,old_norm_vid4,149
normal/old_norm_vid4_0150.jpg,normal/normal_03277.jpg,old_norm_vid4,150
normal/old_norm_vid4_0151.jpg,normal/normal_03278.jpg,old_norm_vid4,151
normal/old_norm_vid4_0152.jpg,normal/normal_03279.jpg,old_norm_vid4,152
normal/old_norm_vid4_0153.jpg,normal/normal_03280.jpg,old_norm_vid4,153
normal/old_norm_vid4_0154.jpg,normal/normal_03281.jpg,old_norm_vid4,154
normal/old_norm_vid4_0155.jpg,normal/normal_03282.jpg,old_norm_vid4,155
normal/old_norm_vid4_0156.jpg,normal/normal_03283.jpg,old_norm_vid4,156
normal/old_norm_vid4_0157.jpg,normal/normal_03284.jpg,old_norm_vid4,157
normal/old_norm_vid4_0158.jpg,normal/normal_03285.jpg,old_norm_vid4,158
normal/old_norm_vid4_0159.jpg,normal/normal_03286.jpg,old_norm_vid4,159
normal/old_norm_vid4_0160.jpg,normal/normal_03287.jpg,old_norm_vid4,160
normal/old_norm_vid4_0161.jpg,normal/normal_03288.jpg,old_norm_vid4,161
normal/old_norm_vid4_0162.jpg,normal/normal_03289.jpg,old_norm_vid4,162
normal/old_norm_vid4_0163.jpg,normal/normal_03290.jpg,old_norm_vid4,163
normal/old_norm_vid4_0164.jpg,normal/normal_03291.jpg,old_norm_vid4,164
normal/old_norm_vid4_0165.jpg,normal/normal_03292.jpg,old_norm_vid4,165
normal/old_norm_vid4_0166.jpg,normal/normal_03293.jpg,old_norm_vid4,166
normal/old_norm_vid4_0167.jpg,normal/normal_03294.jpg,old_norm_vid4,167
normal/old_norm_vid4_0168.jpg,normal/normal_03295.jpg,old_norm_vid4,168
normal/old_norm_vid4_0169.jpg,normal/normal_03296.jpg,old_norm_vid4,169
normal/old_norm_vid4_0170.jpg,normal/normal_03297.jpg,old_norm_vid4,170
normal/old_norm_vid4_0171.jpg,normal/normal_03298.jpg,old_norm_vid4,171
normal/old_norm_vid4_0172.jpg,normal/normal_03299.jpg,old_norm_vid4,172
normal/old_norm_vid4_0173.jpg,normal/normal_03300.jpg,old_norm_vid4,173
normal/old_norm_vid4_0174.jpg,normal/normal_03301.jpg,old_norm_vid4,174
normal/old_norm_vid4_0175.jpg,normal/normal_03302.jpg,old_norm_vid4,175
normal/old_norm_vid4_0176.jpg,normal/normal_03303.jpg,old_norm_vid4,176
normal/old_norm_vid4_0177.jpg,normal/normal_03304.jpg,old_norm_vid4,177
normal/old_norm_vid4_0178.jpg,normal/normal_03305.jpg,old_norm_vid4,178
normal/old_norm_vid4_0179.jpg,normal/normal_03306.jpg,old_norm_vid4,179
normal/old_norm_vid4_0180.jpg,normal/normal_03307.jpg,old_norm_vid4,180
normal/old_norm_vid4_0181.jpg,normal/normal_03308.jpg,old_norm_vid4,181
normal/old_norm_vid4_0182.jpg,normal/normal_03309.jpg,old_norm_vid4,182
normal/old_norm_vid4_0183.jpg,normal/normal_03310.jpg,old_norm_vid4,183
normal/old_norm_vid4_0184.jpg,normal/normal_03311.jpg,old_norm_vid4,184
normal/old_norm_vid4_0185.jpg,normal/normal_03312.jpg,old_norm_vid4,185
normal/old_norm_vid4_0186.jpg,normal/normal_03313.jpg,old_norm_vid4,186
normal/old_norm_vid4_0187.jpg,normal/normal_03314.jpg,old_norm_vid4,187
normal/old_norm_vid4_0188.jpg,normal/normal_03315.jpg,old_norm_vid4,188
normal/old_norm_vid4_0189.jpg,normal/normal_03316.jpg,old_norm_vid4,189
normal/old_norm_vid5_0001.jpg,normal/normal_03317.jpg,old_norm_vid5,1
normal/old_norm_vid5_0002.jpg,normal/normal_03318.jpg,old_norm_vid5,2
normal/old_norm_vid5_0003.jpg,normal/normal_03319.jpg,old_norm_vid5,3
normal/old_norm_vid5_0004.jpg,normal/normal_03320.jpg,old_norm_vid5,4
normal/old_norm_vid5_0005.jpg,normal/normal_03321.jpg,old_norm_vid5,5
normal/old_norm_vid5_0006.jpg,normal/normal_03322.jpg,old_norm_vid5,6
normal/old_norm_vid5_0007.jpg,normal/normal_03323.jpg,old_norm_vid5,7
normal/old_norm_vid5_0008.jpg,normal/normal_03324.jpg,old_norm_vid5,8
normal/old_norm_vid5_0009.jpg,normal/normal_03325.jpg,old_norm_vid5,9
normal/old_norm_vid5_0010.jpg,normal/normal_03326.jpg,old_norm_vid5,10
normal/old_norm_vid5_0011.jpg,normal/normal_03327.jpg,old_norm_vid5,11
normal/old_norm_vid5_0012.jpg,normal/normal_03328.jpg,old_norm_vid5,12
normal/old_norm_vid5_0013.jpg,normal/normal_03329.jpg,old_norm_vid5,13
normal/old_norm_vid5_0014.jpg,normal/normal_03330.jpg,old_norm_vid5,14
normal/old_norm_vid5_0015.jpg,normal/normal_03331.jpg,old_norm_vid5,15
normal/old_norm_vid5_0016.jpg,normal/normal_03332.jpg,old_norm_vid5,16
normal/old_norm_vid5_0017.jpg,normal/normal_03333.jpg,old_norm_vid5,17
normal/old_norm_vid5_0018.jpg,normal/normal_03334.jpg,old_norm_vid5,18
normal/old_norm_vid5_0019.jpg,normal/normal_03335.jpg,old_norm_vid5,19
normal/old_norm_vid5_0020.jpg,normal/normal_03336.jpg,old_norm_vid5,20
normal/old_norm_vid5_0021.jpg,normal/normal_03337.jpg,old_norm_vid5,21
normal/old_norm_vid5_0022.jpg,normal/normal_03338.jpg,old_norm_vid5,22
normal/old_norm_vid5_0023.jpg,normal/normal_03339.jpg,old_norm_vid5,23
normal/old_norm_vid5_0024.jpg,normal/normal_03340.jpg,old_norm_vid5,24
normal/old_norm_vid5_0025.jpg,normal/normal_03341.jpg,old_norm_vid5,25
normal/old_norm_vid5_0026.jpg,normal/normal_03342.jpg,old_norm_vid5,26
normal/old_norm_vid5_0027.jpg,normal/normal_03343.jpg,old_norm_vid5,27
normal/old_norm_vid5_0028.jpg,normal/normal_03344.jpg,old_norm_vid5,28
normal/old_norm_vid5_0029.jpg,normal/normal_03345.jpg,old_norm_vid5,29
normal/old_norm_vid5_0030.jpg,normal/normal_03346.jpg,old_norm_vid5,30
normal/old_norm_vid5_0031.jpg,normal/normal_03347.jpg,old_norm_vid5,31
normal/old_norm_vid5_0032.jpg,normal/normal_03348.jpg,old_norm_vid5,32
normal/old_norm_vid5_0033.jpg,normal/normal_03349.jpg,old_norm_vid5,33
normal/old_norm_vid5_0034.jpg,normal/normal_03350.jpg,old_norm_vid5,34
normal/old_norm_vid5_0035.jpg,normal/normal_03351.jpg,old_norm_vid5,35
normal/old_norm_vid5_0036.jpg,normal/normal_03352.jpg,old_norm_vid5,36
normal/old_norm_vid5_0037.jpg,normal/normal_03353.jpg,old_norm_vid5,37
normal/old_norm_vid5_0038.jpg,normal/normal_03354.jpg,old_norm_vid5,38
normal/old_norm_vid5_0039.jpg,normal/normal_03355.jpg,old_norm_vid5,39
normal/old_norm_vid5_0040.jpg,normal/normal_03356.jpg,old_norm_vid5,40
normal/old_norm_vid5_0041.jpg,normal/normal_03357.jpg,old_norm_vid5,41
normal/old_norm_vid5_0042.jpg,normal/normal_03358.jpg,old_norm_vid5,42
normal/old_norm_vid5_0043.jpg,normal/normal_03359.jpg,old_norm_vid5,43
normal/old_norm_vid5_0044.jpg,normal/normal_03360.jpg,old_norm_vid5,44
normal/old_norm_vid5_0045.jpg,normal/normal_03361.jpg,old_norm_vid5,45
normal/old_norm_vid5_0046.jpg,normal/normal_03362.jpg,old_norm_vid5,46
normal/old_norm_vid5_0047.jpg,normal/normal_03363.jpg,old_norm_vid5,47
normal/old_norm_vid5_0048.jpg,normal/normal_03364.jpg,old_norm_vid5,48
normal/old_norm_vid5_0049.jpg,normal/normal_03365.jpg,old_norm_vid5,49
normal/old_norm_vid5_0050.jpg,normal/normal_03366.jpg,old_norm_vid5,50
normal/old_norm_vid5_0051.jpg,normal/normal_03367.jpg,old_norm_vid5,51
normal/old_norm_vid5_0052.jpg,normal/normal_03368.jpg,old_norm_vid5,52
normal/old_norm_vid5_0053.jpg,normal/normal_03369.jpg,old_norm_vid5,53
normal/old_norm_vid5_0054.jpg,normal/normal_03370.jpg,old_norm_vid5,54
normal/old_norm_vid5_0055.jpg,normal/normal_03371.jpg,old_norm_vid5,55
normal/old_norm_vid5_0056.jpg,normal/normal_03372.jpg,old_norm_vid5,56
normal/old_norm_vid5_0057.jpg,normal/normal_03373.jpg,old_norm_vid5,57
normal/old_norm_vid5_0058.jpg,normal/normal_03374.jpg,old_norm_vid5,58
normal/old_norm_vid5_0059.jpg,normal/normal_03375.jpg,old_norm_vid5,59
normal/old_norm_vid5_0060.jpg,normal/normal_03376.jpg,old_norm_vid5,60
normal/old_norm_vid5_0061.jpg,normal/normal_03377.jpg,old_norm_vid5,61
normal/old_norm_vid5_0062.jpg,normal/normal_03378.jpg,old_norm_vid5,62
normal/old_norm_vid5_0063.jpg,normal/normal_03379.jpg,old_norm_vid5,63
normal/old_norm_vid5_0064.jpg,normal/normal_03380.jpg,old_norm_vid5,64
normal/old_norm_vid5_0065.jpg,normal/normal_03381.jpg,old_norm_vid5,65
normal/old_norm_vid5_0066.jpg,normal/normal_03382.jpg,old_norm_vid5,66
normal/old_norm_vid5_0067.jpg,normal/normal_03383.jpg,old_norm_vid5,67
normal/old_norm_vid5_0068.jpg,normal/normal_03384.jpg,old_norm_vid5,68
normal/old_norm_vid5_0069.jpg,normal/normal_03385.jpg,old_norm_vid5,69
normal/old_norm_vid5_0070.jpg,normal/normal_03386.jpg,old_norm_vid5,70
normal/old_norm_vid5_0071.jpg,normal/normal_03387.jpg,old_norm_vid5,71
normal/old_norm_vid5_0072.jpg,normal/normal_03388.jpg,old_norm_vid5,72
normal/old_norm_vid5_0073.jpg,normal/normal_03389.jpg,old_norm_vid5,73
normal/old_norm_vid5_0074.jpg,normal/normal_03390.jpg,old_norm_vid5,74
normal/old_norm_vid5_0075.jpg,normal/normal_03391.jpg,old_norm_vid5,75
normal/old_norm_vid5_0076.jpg,normal/normal_03392.jpg,old_norm_vid5,76
normal/old_norm_vid5_0077.jpg,normal/normal_03393.jpg,old_norm_vid5,77
normal/old_norm_vid5_0078.jpg,normal/normal_03394.jpg,old_norm_vid5,78
normal/old_norm_vid5_0079.jpg,normal/normal_03395.jpg,old_norm_vid5,79
normal/old_norm_vid5_0080.jpg,normal/normal_03396.jpg,old_norm_vid5,80
normal/old_norm_vid5_0081.jpg,normal/normal_03397.jpg,old_norm_vid5,81
normal/old_norm_vid5_0082.jpg,normal/normal_03398.jpg,old_norm_vid5,82
normal/old_norm_vid5_0083.jpg,normal/normal_03399.jpg,old_norm_vid5,83
normal/old_norm_vid5_0084.jpg,normal/normal_03400.jpg,old_norm_vid5,84
normal/old_norm_vid5_0085.jpg,normal/normal_03401.jpg,old_norm_vid5,85
normal/old_norm_vid5_0086.jpg,normal/normal_03402.jpg,old_norm_vid5,86
normal/old_norm_vid5_0087.jpg,normal/normal_03403.jpg,old_norm_vid5,87
normal/old_norm_vid5_0088.jpg,normal/normal_03404.jpg,old_norm_vid5,88
normal/old_norm_vid5_0089.jpg,normal/normal_03405.jpg,old_norm_vid5,89
normal/old_norm_vid5_0090.jpg,normal/normal_03406.jpg,old_norm_vid5,90
normal/old_norm_vid5_0091.jpg,normal/normal_03407.jpg,old_norm_vid5,91
normal/old_norm_vid5_0092.jpg,normal/normal_03408.jpg,old_norm_vid5,92
normal/old_norm_vid5_0093.jpg,normal/normal_03409.jpg,old_norm_vid5,93
normal/old_norm_vid5_0094.jpg,normal/normal_03410.jpg,old_norm_vid5,94
normal/old_norm_vid5_0095.jpg,normal/normal_03411.jpg,old_norm_vid5,95
normal/old_norm_vid5_0096.jpg,normal/normal_03412.jpg,old_norm_vid5,96
normal/old_norm_vid5_0097.jpg,normal/normal_03413.jpg,old_norm_vid5,97
normal/old_norm_vid5_0098.jpg,normal/normal_03414.jpg,old_norm_vid5,98
normal/old_norm_vid5_0099.jpg,normal/normal_03415.jpg,old_norm_vid5,99
normal/old_norm_vid5_0100.jpg,normal/normal_03416.jpg,old_norm_vid5,100
normal/old_norm_vid5_0101.jpg,normal/normal_03417.jpg,old_norm_vid5,101
normal/old_norm_vid5_0102.jpg,normal/normal_03418.jpg,old_norm_vid5,102
normal/old_norm_vid5_0103.jpg,normal/normal_03419.jpg,old_norm_vid5,103
normal/old_norm_vid5_0104.jpg,normal/normal_03420.jpg,old_norm_vid5,104
normal/old_norm_vid5_0105.jpg,normal/normal_03421.jpg,old_norm_vid5,105
normal/old_norm_vid5_0106.jpg,normal/normal_03422.jpg,old_norm_vid5,106
normal/old_norm_vid5_0107.jpg,normal/normal_03423.jpg,old_norm_vid5,107
normal/old_norm_vid5_0108.jpg,normal/normal_03424.jpg,old_norm_vid5,108
normal/old_norm_vid5_0109.jpg,normal/normal_03425.jpg,old_norm_vid5,109
normal/old_norm_vid5_0110.jpg,normal/normal_03426.jpg,old_norm_vid5,110
normal/old_norm_vid5_0111.jpg,normal/normal_03427.jpg,old_norm_vid5,111
normal/old_norm_vid5_0112.jpg,normal/normal_03428.jpg,old_norm_vid5,112
normal/old_norm_vid5_0113.jpg,normal/normal_03429.jpg,old_norm_vid5,113
normal/old_norm_vid5_0114.jpg,normal/normal_03430.jpg,old_norm_vid5,114
normal/old_norm_vid5_0115.jpg,normal/normal_03431.jpg,old_norm_vid5,115
normal/old_norm_vid5_0116.jpg,normal/normal_03432.jpg,old_norm_vid5,116
normal/old_norm_vid5_0117.jpg,normal/normal_03433.jpg,old_norm_vid5,117
normal/old_norm_vid5_0118.jpg,normal/normal_03434.jpg,old_norm_vid5,118
normal/old_norm_vid5_0119.jpg,normal/normal_03435.jpg,old_norm_vid5,119
normal/old_norm_vid5_0120.jpg,normal/normal_03436.jpg,old_norm_vid5,120
normal/old_norm_vid5_0121.jpg,normal/normal_03437.jpg,old_norm_vid5,121
normal/old_norm_vid5_0122.jpg,normal/normal_03438.jpg,old_norm_vid5,122
normal/old_norm_vid5_0123.jpg,normal/normal_03439.jpg,old_norm_vid5,123
normal/old_norm_vid5_0124.jpg,normal/normal_03440.jpg,old_norm_vid5,124
normal/old_norm_vid5_0125.jpg,normal/normal_03441.jpg,old_norm_vid5,125
normal/old_norm_vid5_0126.jpg,normal/normal_03442.jpg,old_norm_vid5,126
normal/old_norm_vid5_0127.jpg,normal/normal_03443.jpg,old_norm_vid5,127
normal/old_norm_vid5_0128.jpg,normal/normal_03444.jpg,old_norm_vid5,128
normal/old_norm_vid5_0129.jpg,normal/normal_03445.jpg,old_norm_vid5,129
normal/old_norm_vid5_0130.jpg,normal/normal_03446.jpg,old_norm_vid5,130
normal/old_norm_vid5_0131.jpg,normal/normal_03447.jpg,old_norm_vid5,131
normal/old_norm_vid5_0132.jpg,normal/normal_03448.jpg,old_norm_vid5,132
normal/old_norm_vid5_0133.jpg,normal/normal_03449.jpg,old_norm_vid5,133
normal/old_norm_vid5_0134.jpg,normal/normal_03450.jpg,old_norm_vid5,134
normal/old_norm_vid5_0135.jpg,normal/normal_03451.jpg,old_norm_vid5,135
normal/old_norm_vid5_0136.jpg,normal/normal_03452.jpg,old_norm_vid5,136
normal/old_norm_vid5_0137.jpg,normal/normal_03453.jpg,old_norm_vid5,137
normal/old_norm_vid5_0138.jpg,normal/normal_03454.jpg,old_norm_vid5,138
normal/old_norm_vid5_0139.jpg,normal/normal_03455.jpg,old_norm_vid5,139
normal/old_norm_vid5_0140.jpg,normal/normal_03456.jpg,old_norm_vid5,140
normal/old_norm_vid5_0141.jpg,normal/normal_03457.jpg,old_norm_vid5,141
normal/old_norm_vid5_0142.jpg,normal/normal_03458.jpg,old_norm_vid5,142
normal/old_norm_vid5_0143.jpg,normal/normal_03459.jpg,old_norm_vid5,143
normal/old_norm_vid5_0144.jpg,normal/normal_03460.jpg,old_norm_vid5,144
normal/old_norm_vid5_0145.jpg,normal/normal_03461.jpg,old_norm_vid5,145
normal/old_norm_vid5_0146.jpg,normal/normal_03462.jpg,old_norm_vid5,146
normal/old_norm_vid5_0147.jpg,normal/normal_03463.jpg,old_norm_vid5,147
normal/old_norm_vid5_0148.jpg,normal/normal_03464.jpg,old_norm_vid5,148
normal/old_norm_vid5_0149.jpg,normal/normal_03465.jpg,old_norm_vid5,149
normal/old_norm_vid5_0150.jpg,normal/normal_03466.jpg,old_norm_vid5,150
normal/old_norm_vid5_0151.jpg,normal/normal_03467.jpg,old_norm_vid5,151
normal/old_norm_vid5_0152.jpg,normal/normal_03468.jpg,old_norm_vid5,152
normal/old_norm_vid5_0153.jpg,normal/normal_03469.jpg,old_norm_vid5,153
normal/old_norm_vid5_0154.jpg,normal/normal_03470.jpg,old_norm_vid5,154
normal/old_norm_vid5_0155.jpg,normal/normal_03471.jpg,old_norm_vid5,155
normal/old_norm_vid5_0156.jpg,normal/normal_03472.jpg,old_norm_vid5,156
normal/old_norm_vid5_0157.jpg,normal/normal_03473.jpg,old_norm_vid5,157
normal/old_norm_vid5_0158.jpg,normal/normal_03474.jpg,old_norm_vid5,158
normal/old_norm_vid5_0159.jpg,normal/normal_03475.jpg,old_norm_vid5,159
normal/old_norm_vid5_0160.jpg,normal/normal_03476.jpg,old_norm_vid5,160
normal/old_norm_vid5_0161.jpg,normal/normal_03477.jpg,old_norm_vid5,161
normal/old_norm_vid5_0162.jpg,normal/normal_03478.jpg,old_norm_vid5,162
normal/old_norm_vid5_0163.jpg,normal/normal_03479.jpg,old_norm_vid5,163
normal/old_norm_vid5_0164.jpg,normal/normal_03480.jpg,old_norm_vid5,164
normal/old_norm_vid5_0165.jpg,normal/normal_03481.jpg,old_norm_vid5,165
normal/old_norm_vid5_0166.jpg,normal/normal_03482.jpg,old_norm_vid5,166
normal/old_norm_vid5_0167.jpg,normal/normal_03483.jpg,old_norm_vid5,167
normal/old_norm_vid5_0168.jpg,normal/normal_03484.jpg,old_norm_vid5,168
normal/old_norm_vid5_0169.jpg,normal/normal_03485.jpg,old_norm_vid5,169
normal/old_norm_vid5_0170.jpg,normal/normal_03486.jpg,old_norm_vid5,170
normal/old_norm_vid5_0171.jpg,normal/normal_03487.jpg,old_norm_vid5,171
normal/old_norm_vid5_0172.jpg,normal/normal_03488.jpg,old_norm_vid5,172
normal/old_norm_vid5_0173.jpg,normal/normal_03489.jpg,old_norm_vid5,173
normal/old_norm_vid5_0174.jpg,normal/normal_03490.jpg,old_norm_vid5,174
normal/old_norm_vid5_0175.jpg,normal/normal_03491.jpg,old_norm_vid5,175
normal/old_norm_vid6_0001.jpg,normal/normal_03492.jpg,old_norm_vid6,1
normal/old_norm_vid6_0002.jpg,normal/normal_03493.jpg,old_norm_vid6,2
normal/old_norm_vid6_0003.jpg,normal/normal_03494.jpg,old_norm_vid6,3
normal/old_norm_vid6_0004.jpg,normal/normal_03495.jpg,old_norm_vid6,4
normal/old_norm_vid6_0005.jpg,normal/normal_03496.jpg,old_norm_vid6,5
normal/old_norm_vid6_0006.jpg,normal/normal_03497.jpg,old_norm_vid6,6
normal/old_norm_vid6_0007.jpg,normal/normal_03498.jpg,old_norm_vid6,7
normal/old_norm_vid6_0008.jpg,normal/normal_03499.jpg,old_norm_vid6,8
normal/old_norm_vid6_0009.jpg,normal/normal_03500.jpg,old_norm_vid6,9
normal/old_norm_vid6_0010.jpg,normal/normal_03501.jpg,old_norm_vid6,10
normal/old_norm_vid6_0011.jpg,normal/normal_03502.jpg,old_norm_vid6,11
normal/old_norm_vid6_0012.jpg,normal/normal_03503.jpg,old_norm_vid6,12
normal/old_norm_vid6_0013.jpg,normal/normal_03504.jpg,old_norm_vid6,13
normal/old_norm_vid6_0014.jpg,normal/normal_03505.jpg,old_norm_vid6,14
normal/old_norm_vid6_0015.jpg,normal/normal_03506.jpg,old_norm_vid6,15
normal/old_norm_vid6_0016.jpg,normal/normal_03507.jpg,old_norm_vid6,16
normal/old_norm_vid6_0017.jpg,normal/normal_03508.jpg,old_norm_vid6,17
normal/old_norm_vid6_0018.jpg,normal/normal_03509.jpg,old_norm_vid6,18
normal/old_norm_vid6_0019.jpg,normal/normal_03510.jpg,old_norm_vid6,19
normal/old_norm_vid6_0020.jpg,normal/normal_03511.jpg,old_norm_vid6,20
normal/old_norm_vid6_0021.jpg,normal/normal_03512.jpg,old_norm_vid6,21
normal/old_norm_vid6_0022.jpg,normal/normal_03513.jpg,old_norm_vid6,22
normal/old_norm_vid6_0023.jpg,normal/normal_03514.jpg,old_norm_vid6,23
normal/old_norm_vid6_0024.jpg,normal/normal_03515.jpg,old_norm_vid6,24
normal/old_norm_vid6_0025.jpg,normal/normal_03516.jpg,old_norm_vid6,25
normal/old_norm_vid6_0026.jpg,normal/normal_03517.jpg,old_norm_vid6,26
normal/old_norm_vid6_0027.jpg,normal/normal_03518.jpg,old_norm_vid6,27
normal/old_norm_vid6_0028.jpg,normal/normal_03519.jpg,old_norm_vid6,28
normal/old_norm_vid6_0029.jpg,normal/normal_03520.jpg,old_norm_vid6,29
normal/old_norm_vid6_0030.jpg,normal/normal_03521.jpg,old_norm_vid6,30
normal/old_norm_vid6_0031.jpg,normal/normal_03522.jpg,old_norm_vid6,31
normal/old_norm_vid6_0032.jpg,normal/normal_03523.jpg,old_norm_vid6,32
normal/old_norm_vid6_0033.jpg,normal/normal_03524.jpg,old_norm_vid6,33
normal/old_norm_vid6_0034.jpg,normal/normal_03525.jpg,old_norm_vid6,34
normal/old_norm_vid6_0035.jpg,normal/normal_03526.jpg,old_norm_vid6,35
normal/old_norm_vid6_0036.jpg,normal/normal_03527.jpg,old_norm_vid6,36
normal/old_norm_vid6_0037.jpg,normal/normal_03528.jpg,old_norm_vid6,37
normal/old_norm_vid6_0038.jpg,normal/normal_03529.jpg,old_norm_vid6,38
normal/old_norm_vid6_0039.jpg,normal/normal_03530.jpg,old_norm_vid6,39
normal/old_norm_vid6_0040.jpg,normal/normal_03531.jpg,old_norm_vid6,40
normal/old_norm_vid6_0041.jpg,normal/normal_03532.jpg,old_norm_vid6,41
normal/old_norm_vid6_0042.jpg,normal/normal_03533.jpg,old_norm_vid6,42
normal/old_norm_vid6_0043.jpg,normal/normal_03534.jpg,old_norm_vid6,43
normal/old_norm_vid6_0044.jpg,normal/normal_03535.jpg,old_norm_vid6,44
normal/old_norm_vid6_0045.jpg,normal/normal_03536.jpg,old_norm_vid6,45
normal/old_norm_vid6_0046.jpg,normal/normal_03537.jpg,old_norm_vid6,46
normal/old_norm_vid6_0047.jpg,normal/normal_03538.jpg,old_norm_vid6,47
normal/old_norm_vid6_0048.jpg,normal/normal_03539.jpg,old_norm_vid6,48
normal/old_norm_vid6_0049.jpg,normal/normal_03540.jpg,old_norm_vid6,49
normal/old_norm_vid6_0050.jpg,normal/normal_03541.jpg,old_norm_vid6,50
normal/old_norm_vid6_0051.jpg,normal/normal_03542.jpg,old_norm_vid6,51
normal/old_norm_vid6_0052.jpg,normal/normal_03543.jpg,old_norm_vid6,52
normal/old_norm_vid6_0053.jpg,normal/normal_03544.jpg,old_norm_vid6,53
normal/old_norm_vid6_0054.jpg,normal/normal_03545.jpg,old_norm_vid6,54
normal/old_norm_vid6_0055.jpg,normal/normal_03546.jpg,old_norm_vid6,55
normal/old_norm_vid6_0056.jpg,normal/normal_03547.jpg,old_norm_vid6,56
normal/old_norm_vid6_0057.jpg,normal/normal_03548.jpg,old_norm_vid6,57
normal/old_norm_vid6_0058.jpg,normal/normal_03549.jpg,old_norm_vid6,58
normal/old_norm_vid6_0059.jpg,normal/normal_03550.jpg,old_norm_vid6,59
normal/old_norm_vid6_0060.jpg,normal/normal_03551.jpg,old_norm_vid6,60
normal/old_norm_vid6_0061.jpg,normal/normal_03552.jpg,old_norm_vid6,61
normal/old_norm_vid6_0062.jpg,normal/normal_03553.jpg,old_norm_vid6,62
normal/old_norm_vid6_0063.jpg,normal/normal_03554.jpg,old_norm_vid6,63
normal/old_norm_vid6_0064.jpg,normal/normal_03555.jpg,old_norm_vid6,64
normal/old_norm_vid6_0065.jpg,normal/normal_03556.jpg,old_norm_vid6,65
normal/old_norm_vid6_0066.jpg,normal/normal_03557.jpg,old_norm_vid6,66
normal/old_norm_vid6_0067.jpg,normal/normal_03558.jpg,old_norm_vid6,67
normal/old_norm_vid6_0068.jpg,normal/normal_03559.jpg,old_norm_vid6,68
normal/old_norm_vid6_0069.jpg,normal/normal_03560.jpg,old_norm_vid6,69
normal/old_norm_vid6_0070.jpg,normal/normal_03561.jpg,old_norm_vid6,70
normal/old_norm_vid6_0071.jpg,normal/normal_03562.jpg,old_norm_vid6,71
normal/old_norm_vid6_0072.jpg,normal/normal_03563.jpg,old_norm_vid6,72
normal/old_norm_vid6_0073.jpg,normal/normal_03564.jpg,old_norm_vid6,73
normal/old_norm_vid6_0074.jpg,normal/normal_03565.jpg,old_norm_vid6,74
normal/old_norm_vid6_0075.jpg,normal/normal_03566.jpg,old_norm_vid6,75
normal/old_norm_vid6_0076.jpg,normal/normal_03567.jpg,old_norm_vid6,76
normal/old_norm_vid6_0077.jpg,normal/normal_03568.jpg,old_norm_vid6,77
normal/old_norm_vid6_0078.jpg,normal/normal_03569.jpg,old_norm_vid6,78
normal/old_norm_vid6_0079.jpg,normal/normal_03570.jpg,old_norm_vid6,79
normal/old_norm_vid6_0080.jpg,normal/normal_03571.jpg,old_norm_vid6,80
normal/old_norm_vid6_0081.jpg,normal/normal_03572.jpg,old_norm_vid6,81
normal/old_norm_vid6_0082.jpg,normal/normal_03573.jpg,old_norm_vid6,82
normal/old_norm_vid6_0083.jpg,normal/normal_03574.jpg,old_norm_vid6,83
normal/old_norm_vid6_0084.jpg,normal/normal_03575.jpg,old_norm_vid6,84
normal/old_norm_vid6_0085.jpg,normal/normal_03576.jpg,old_norm_vid6,85
normal/old_norm_vid6_0086.jpg,normal/normal_03577.jpg,old_norm_vid6,86
normal/old_norm_vid6_0087.jpg,normal/normal_03578.jpg,old_norm_vid6,87
normal/old_norm_vid6_0088.jpg,normal/normal_03579.jpg,old_norm_vid6,88
normal/old_norm_vid6_0089.jpg,normal/normal_03580.jpg,old_norm_vid6,89
normal/old_norm_vid6_0090.jpg,normal/normal_03581.jpg,old_norm_vid6,90
normal/old_norm_vid6_0091.jpg,normal/normal_03582.jpg,old_norm_vid6,91
normal/old_norm_vid6_0092.jpg,normal/normal_03583.jpg,old_norm_vid6,92
normal/old_norm_vid6_0093.jpg,normal/normal_03584.jpg,old_norm_vid6,93
normal/old_norm_vid6_0094.jpg,normal/normal_03585.jpg,old_norm_vid6,94
normal/old_norm_vid6_0095.jpg,normal/normal_03586.jpg,old_norm_vid6,95
normal/old_norm_vid6_0096.jpg,normal/normal_03587.jpg,old_norm_vid6,96
normal/old_norm_vid6_0097.jpg,normal/normal_03588.jpg,old_norm_vid6,97
normal/old_norm_vid6_0098.jpg,normal/normal_03589.jpg,old_norm_vid6,98
normal/old_norm_vid6_0099.jpg,normal/normal_03590.jpg,old_norm_vid6,99
normal/old_norm_vid6_0100.jpg,normal/normal_03591.jpg,old_norm_vid6,100
normal/old_norm_vid6_0101.jpg,normal/normal_03592.jpg,old_norm_vid6,101
normal/old_norm_vid6_0102.jpg,normal/normal_03593.jpg,old_norm_vid6,102
normal/old_norm_vid6_0103.jpg,normal/normal_03594.jpg,old_norm_vid6,103
normal/old_norm_vid6_0104.jpg,normal/normal_03595.jpg,old_norm_vid6,104
normal/old_norm_vid6_0105.jpg,normal/normal_03596.jpg,old_norm_vid6,105
normal/old_norm_vid6_0106.jpg,normal/normal_03597.jpg,old_norm_vid6,106
normal/old_norm_vid6_0107.jpg,normal/normal_03598.jpg,old_norm_vid6,107
normal/old_norm_vid6_0108.jpg,normal/normal_03599.jpg,old_norm_vid6,108
normal/old_norm_vid6_0109.jpg,normal/normal_03600.jpg,old_norm_vid6,109
normal/old_norm_vid6_0110.jpg,normal/normal_03601.jpg,old_norm_vid6,110
normal/old_norm_vid6_0111.jpg,normal/normal_03602.jpg,old_norm_vid6,111
normal/old_norm_vid6_0112.jpg,normal/normal_03603.jpg,old_norm_vid6,112
normal/old_norm_vid6_0113.jpg,normal/normal_03604.jpg,old_norm_vid6,113
normal/old_norm_vid6_0114.jpg,normal/normal_03605.jpg,old_norm_vid6,114
normal/old_norm_vid6_0115.jpg,normal/normal_03606.jpg,old_norm_vid6,115
normal/old_norm_vid6_0116.jpg,normal/normal_03607.jpg,old_norm_vid6,116
normal/old_norm_vid6_0117.jpg,normal/normal_03608.jpg,old_norm_vid6,117
normal/old_norm_vid6_0118.jpg,normal/normal_03609.jpg,old_norm_vid6,118
normal/old_norm_vid6_0119.jpg,normal/normal_03610.jpg,old_norm_vid6,119
normal/old_norm_vid6_0120.jpg,normal/normal_03611.jpg,old_norm_vid6,120
normal/old_norm_vid6_0121.jpg,normal/normal_03612.jpg,old_norm_vid6,121
normal/old_norm_vid6_0122.jpg,normal/normal_03613.jpg,old_norm_vid6,122
normal/old_norm_vid6_0123.jpg,normal/normal_03614.jpg,old_norm_vid6,123
normal/old_norm_vid6_0124.jpg,normal/normal_03615.jpg,old_norm_vid6,124
normal/old_norm_vid6_0125.jpg,normal/normal_03616.jpg,old_norm_vid6,125
normal/old_norm_vid6_0126.jpg,normal/normal_03617.jpg,old_norm_vid6,126
normal/old_norm_vid6_0127.jpg,normal/normal_03618.jpg,old_norm_vid6,127
normal/old_norm_vid6_0128.jpg,normal/normal_03619.jpg,old_norm_vid6,128
normal/old_norm_vid6_0129.jpg,normal/normal_03620.jpg,old_norm_vid6,129
normal/old_norm_vid6_0130.jpg,normal/normal_03621.jpg,old_norm_vid6,130
normal/old_norm_vid6_0131.jpg,normal/normal_03622.jpg,old_norm_vid6,131
normal/old_norm_vid6_0132.jpg,normal/normal_03623.jpg,old_norm_vid6,132
normal/old_norm_vid6_0133.jpg,normal/normal_03624.jpg,old_norm_vid6,133
normal/old_norm_vid6_0134.jpg,normal/normal_03625.jpg,old_norm_vid6,134
normal/old_norm_vid6_0135.jpg,normal/normal_03626.jpg,old_norm_vid6,135
normal/old_norm_vid6_0136.jpg,normal/normal_03627.jpg,old_norm_vid6,136
normal/old_norm_vid6_0137.jpg,normal/normal_03628.jpg,old_norm_vid6,137
normal/old_norm_vid6_0138.jpg,normal/normal_03629.jpg,old_norm_vid6,138
normal/old_norm_vid7_0001.jpg,normal/normal_03630.jpg,old_norm_vid7,1
normal/old_norm_vid7_0002.jpg,normal/normal_03631.jpg,old_norm_vid7,2
normal/old_norm_vid7_0003.jpg,normal/normal_03632.jpg,old_norm_vid7,3
normal/old_norm_vid7_0004.jpg,normal/normal_03633.jpg,old_norm_vid7,4
normal/old_norm_vid7_0005.jpg,normal/normal_03634.jpg,old_norm_vid7,5
normal/old_norm_vid7_0006.jpg,normal/normal_03635.jpg,old_norm_vid7,6
normal/old_norm_vid7_0007.jpg,normal/normal_03636.jpg,old_norm_vid7,7
normal/old_norm_vid7_0008.jpg,normal/normal_03637.jpg,old_norm_vid7,8
normal/old_norm_vid7_0009.jpg,normal/normal_03638.jpg,old_norm_vid7,9
normal/old_norm_vid7_0010.jpg,normal/normal_03639.jpg,old_norm_vid7,10
normal/old_norm_vid7_0011.jpg,normal/normal_03640.jpg,old_norm_vid7,11
normal/old_norm_vid7_0012.jpg,normal/normal_03641.jpg,old_norm_vid7,12
normal/old_norm_vid7_0013.jpg,normal/normal_03642.jpg,old_norm_vid7,13
normal/old_norm_vid7_0014.jpg,normal/normal_03643.jpg,old_norm_vid7,14
normal/old_norm_vid7_0015.jpg,normal/normal_03644.jpg,old_norm_vid7,15
normal/old_norm_vid7_0016.jpg,normal/normal_03645.jpg,old_norm_vid7,16
normal/old_norm_vid7_0017.jpg,normal/normal_03646.jpg,old_norm_vid7,17
normal/old_norm_vid7_0018.jpg,normal/normal_03647.jpg,old_norm_vid7,18
normal/old_norm_vid7_0019.jpg,normal/normal_03648.jpg,old_norm_vid7,19
normal/old_norm_vid7_0020.jpg,normal/normal_03649.jpg,old_norm_vid7,20
normal/old_norm_vid7_0021.jpg,normal/normal_03650.jpg,old_norm_vid7,21
normal/old_norm_vid7_0022.jpg,normal/normal_03651.jpg,old_norm_vid7,22
normal/old_norm_vid7_0023.jpg,normal/normal_03652.jpg,old_norm_vid7,23
normal/old_norm_vid7_0024.jpg,normal/normal_03653.jpg,old_norm_vid7,24
normal/old_norm_vid7_0025.jpg,normal/normal_03654.jpg,old_norm_vid7,25
normal/old_norm_vid7_0026.jpg,normal/normal_03655.jpg,old_norm_vid7,26
normal/old_norm_vid7_0027.jpg,normal/normal_03656.jpg,old_norm_vid7,27
normal/old_norm_vid7_0028.jpg,normal/normal_03657.jpg,old_norm_vid7,28
normal/old_norm_vid7_0029.jpg,normal/normal_03658.jpg,old_norm_vid7,29
normal/old_norm_vid7_0030.jpg,normal/normal_03659.jpg,old_norm_vid7,30
normal/old_norm_vid7_0031.jpg,normal/normal_03660.jpg,old_norm_vid7,31
normal/old_norm_vid7_0032.jpg,normal/normal_03661.jpg,old_norm_vid7,32
normal/old_norm_vid7_0033.jpg,normal/normal_03662.jpg,old_norm_vid7,33
normal/old_norm_vid7_0034.jpg,normal/normal_03663.jpg,old_norm_vid7,34
normal/old_norm_vid7_0035.jpg,normal/normal_03664.jpg,old_norm_vid7,35
normal/old_norm_vid7_0036.jpg,normal/normal_03665.jpg,old_norm_vid7,36
normal/old_norm_vid7_0037.jpg,normal/normal_03666.jpg,old_norm_vid7,37
normal/old_norm_vid7_0038.jpg,normal/normal_03667.jpg,old_norm_vid7,38
normal/old_norm_vid7_0039.jpg,normal/normal_03668.jpg,old_norm_vid7,39
normal/old_norm_vid7_0040.jpg,normal/normal_03669.jpg,old_norm_vid7,40
normal/old_norm_vid7_0041.jpg,normal/normal_03670.jpg,old_norm_vid7,41
normal/old_norm_vid7_0042.jpg,normal/normal_03671.jpg,old_norm_vid7,42
normal/old_norm_vid7_0043.jpg,normal/normal_03672.jpg,old_norm_vid7,43
normal/old_norm_vid7_0044.jpg,normal/normal_03673.jpg,old_norm_vid7,44
normal/old_norm_vid7_0045.jpg,normal/normal_03674.jpg,old_norm_vid7,45
normal/old_norm_vid7_0046.jpg,normal/normal_03675.jpg,old_norm_vid7,46
normal/old_norm_vid7_0047.jpg,normal/normal_03676.jpg,old_norm_vid7,47
normal/old_norm_vid7_0048.jpg,normal/normal_03677.jpg,old_norm_vid7,48
normal/old_norm_vid7_0049.jpg,normal/normal_03678.jpg,old_norm_vid7,49
normal/old_norm_vid7_0050.jpg,normal/normal_03679.jpg,old_norm_vid7,50
normal/old_norm_vid7_0051.jpg,normal/normal_03680.jpg,old_norm_vid7,51
normal/old_norm_vid7_0052.jpg,normal/normal_03681.jpg,old_norm_vid7,52
normal/old_norm_vid7_0053.jpg,normal/normal_03682.jpg,old_norm_vid7,53
normal/old_norm_vid7_0054.jpg,normal/normal_03683.jpg,old_norm_vid7,54
normal/old_norm_vid7_0055.jpg,normal/normal_03684.jpg,old_norm_vid7,55
normal/old_norm_vid7_0056.jpg,normal/normal_03685.jpg,old_norm_vid7,56
normal/old_norm_vid7_0057.jpg,normal/normal_03686.jpg,old_norm_vid7,57
normal/old_norm_vid7_0058.jpg,normal/normal_03687.jpg,old_norm_vid7,58
normal/old_norm_vid7_0059.jpg,normal/normal_03688.jpg,old_norm_vid7,59
normal/old_norm_vid7_0060.jpg,normal/normal_03689.jpg,old_norm_vid7,60
normal/old_norm_vid7_0061.jpg,normal/normal_03690.jpg,old_norm_vid7,61
normal/old_norm_vid7_0062.jpg,normal/normal_03691.jpg,old_norm_vid7,62
normal/old_norm_vid7_0063.jpg,normal/normal_03692.jpg,old_norm_vid7,63
normal/old_norm_vid7_0064.jpg,normal/normal_03693.jpg,old_norm_vid7,64
normal/old_norm_vid7_0065.jpg,normal/normal_03694.jpg,old_norm_vid7,65
normal/old_norm_vid7_0066.jpg,normal/normal_03695.jpg,old_norm_vid7,66
normal/old_norm_vid7_0067.jpg,normal/normal_03696.jpg,old_norm_vid7,67
normal/old_norm_vid7_0068.jpg,normal/normal_03697.jpg,old_norm_vid7,68
normal/old_norm_vid7_0069.jpg,normal/normal_03698.jpg,old_norm_vid7,69
normal/old_norm_vid7_0070.jpg,normal/normal_03699.jpg,old_norm_vid7,70
normal/old_norm_vid7_0071.jpg,normal/normal_03700.jpg,old_norm_vid7,71
normal/old_norm_vid7_0072.jpg,normal/normal_03701.jpg,old_norm_vid7,72
normal/old_norm_vid7_0073.jpg,normal/normal_03702.jpg,old_norm_vid7,73
normal/old_norm_vid7_0074.jpg,normal/normal_03703.jpg,old_norm_vid7,74
normal/old_norm_vid7_0075.jpg,normal/normal_03704.jpg,old_norm_vid7,75
normal/old_norm_vid7_0076.jpg,normal/normal_03705.jpg,old_norm_vid7,76
normal/old_norm_vid7_0077.jpg,normal/normal_03706.jpg,old_norm_vid7,77
normal/old_norm_vid7_0078.jpg,normal/normal_03707.jpg,old_norm_vid7,78
normal/old_norm_vid7_0079.jpg,normal/normal_03708.jpg,old_norm_vid7,79
normal/old_norm_vid7_0080.jpg,normal/normal_03709.jpg,old_norm_vid7,80
normal/old_norm_vid7_0081.jpg,normal/normal_03710.jpg,old_norm_vid7,81
normal/old_norm_vid7_0082.jpg,normal/normal_03711.jpg,old_norm_vid7,82
normal/old_norm_vid7_0083.jpg,normal/normal_03712.jpg,old_norm_vid7,83
normal/old_norm_vid7_0084.jpg,normal/normal_03713.jpg,old_norm_vid7,84
normal/old_norm_vid7_0085.jpg,normal/normal_03714.jpg,old_norm_vid7,85
normal/old_norm_vid7_0086.jpg,normal/normal_03715.jpg,old_norm_vid7,86
normal/old_norm_vid7_0087.jpg,normal/normal_03716.jpg,old_norm_vid7,87
normal/old_norm_vid7_0088.jpg,normal/normal_03717.jpg,old_norm_vid7,88
normal/old_norm_vid7_0089.jpg,normal/normal_03718.jpg,old_norm_vid7,89
normal/old_norm_vid7_0090.jpg,normal/normal_03719.jpg,old_norm_vid7,90
normal/old_norm_vid7_0091.jpg,normal/normal_03720.jpg,old_norm_vid7,91
normal/old_norm_vid7_0092.jpg,normal/normal_03721.jpg,old_norm_vid7,92
normal/old_norm_vid7_0093.jpg,normal/normal_03722.jpg,old_norm_vid7,93
normal/old_norm_vid7_0094.jpg,normal/normal_03723.jpg,old_norm_vid7,94
normal/old_norm_vid7_0095.jpg,normal/normal_03724.jpg,old_norm_vid7,95
normal/old_norm_vid7_0096.jpg,normal/normal_03725.jpg,old_norm_vid7,96
normal/old_norm_vid7_0097.jpg,normal/normal_03726.jpg,old_norm_vid7,97
normal/old_norm_vid7_0098.jpg,normal/normal_03727.jpg,old_norm_vid7,98
normal/old_norm_vid7_0099.jpg,normal/normal_03728.jpg,old_norm_vid7,99
normal/old_norm_vid7_0100.jpg,normal/normal_03729.jpg,old_norm_vid7,100
normal/old_norm_vid7_0101.jpg,normal/normal_03730.jpg,old_norm_vid7,101
normal/old_norm_vid7_0102.jpg,normal/normal_03731.jpg,old_norm_vid7,102
normal/old_norm_vid7_0103.jpg,normal/normal_03732.jpg,old_norm_vid7,103
normal/old_norm_vid7_0104.jpg,normal/normal_03733.jpg,old_norm_vid7,104
normal/old_norm_vid7_0105.jpg,normal/normal_03734.jpg,old_norm_vid7,105
normal/old_norm_vid7_0106.jpg,normal/normal_03735.jpg,old_norm_vid7,106
normal/old_norm_vid7_0107.jpg,normal/normal_03736.jpg,old_norm_vid7,107
normal/old_norm_vid7_0108.jpg,normal/normal_03737.jpg,old_norm_vid7,108
normal/old_norm_vid7_0109.jpg,normal/normal_03738.jpg,old_norm_vid7,109
normal/old_norm_vid7_0110.jpg,normal/normal_03739.jpg,old_norm_vid7,110
normal/old_norm_vid7_0111.jpg,normal/normal_03740.jpg,old_norm_vid7,111
normal/old_norm_vid7_0112.jpg,normal/normal_03741.jpg,old_norm_vid7,112
normal/old_norm_vid7_0113.jpg,normal/normal_03742.jpg,old_norm_vid7,113
normal/old_norm_vid7_0114.jpg,normal/normal_03743.jpg,old_norm_vid7,114
normal/old_norm_vid7_0115.jpg,normal/normal_03744.jpg,old_norm_vid7,115
normal/old_norm_vid7_0116.jpg,normal/normal_03745.jpg,old_norm_vid7,116
normal/old_norm_vid7_0117.jpg,normal/normal_03746.jpg,old_norm_vid7,117
normal/old_norm_vid7_0118.jpg,normal/normal_03747.jpg,old_norm_vid7,118
normal/old_norm_vid7_0119.jpg,normal/normal_03748.jpg,old_norm_vid7,119
normal/old_norm_vid7_0120.jpg,normal/normal_03749.jpg,old_norm_vid7,120
normal/old_norm_vid7_0121.jpg,normal/normal_03750.jpg,old_norm_vid7,121
normal/old_norm_vid7_0122.jpg,normal/normal_03751.jpg,old_norm_vid7,122
normal/old_norm_vid7_0123.jpg,normal/normal_03752.jpg,old_norm_vid7,123
normal/old_norm_vid7_0124.jpg,normal/normal_03753.jpg,old_norm_vid7,124
normal/old_norm_vid7_0125.jpg,normal/normal_03754.jpg,old_norm_vid7,125
normal/old_norm_vid7_0126.jpg,normal/normal_03755.jpg,old_norm_vid7,126
normal/old_norm_vid7_0127.jpg,normal/normal_03756.jpg,old_norm_vid7,127
normal/old_norm_vid7_0128.jpg,normal/normal_03757.jpg,old_norm_vid7,128
normal/old_norm_vid7_0129.jpg,normal/normal_03758.jpg,old_norm_vid7,129
normal/old_norm_vid7_0130.jpg,normal/normal_03759.jpg,old_norm_vid7,130
normal/old_norm_vid7_0131.jpg,normal/normal_03760.jpg,old_norm_vid7,131
normal/old_norm_vid7_0132.jpg,normal/normal_03761.jpg,old_norm_vid7,132
normal/old_norm_vid7_0133.jpg,normal/normal_03762.jpg,old_norm_vid7,133
normal/old_norm_vid7_0134.jpg,normal/normal_03763.jpg,old_norm_vid7,134
normal/old_norm_vid7_0135.jpg,normal/normal_03764.jpg,old_norm_vid7,135
normal/old_norm_vid7_0136.jpg,normal/normal_03765.jpg,old_norm_vid7,136
normal/old_norm_vid7_0137.jpg,normal/normal_03766.jpg,old_norm_vid7,137
normal/old_norm_vid7_0138.jpg,normal/normal_03767.jpg,old_norm_vid7,138
normal/old_norm_vid7_0139.jpg,normal/normal_03768.jpg,old_norm_vid7,139
normal/old_norm_vid7_0140.jpg,normal/normal_03769.jpg,old_norm_vid7,140
normal/old_norm_vid7_0141.jpg,normal/normal_03770.jpg,old_norm_vid7,141
normal/old_norm_vid7_0142.jpg,normal/normal_03771.jpg,old_norm_vid7,142
normal/old_norm_vid7_0143.jpg,normal/normal_03772.jpg,old_norm_vid7,143
normal/old_norm_vid7_0144.jpg,normal/normal_03773.jpg,old_norm_vid7,144
normal/old_norm_vid7_0145.jpg,normal/normal_03774.jpg,old_norm_vid7,145
normal/old_norm_vid7_0146.jpg,normal/normal_03775.jpg,old_norm_vid7,146
normal/old_norm_vid7_0147.jpg,normal/normal_03776.jpg,old_norm_vid7,147
normal/old_norm_vid7_0148.jpg,normal/normal_03777.jpg,old_norm_vid7,148
normal/old_norm_vid7_0149.jpg,normal/normal_03778.jpg,old_norm_vid7,149
normal/old_norm_vid7_0150.jpg,normal/normal_03779.jpg,old_norm_vid7,150
normal/old_norm_vid7_0151.jpg,normal/normal_03780.jpg,old_norm_vid7,151
normal/old_norm_vid7_0152.jpg,normal/normal_03781.jpg,old_norm_vid7,152
normal/old_norm_vid7_0153.jpg,normal/normal_03782.jpg,old_norm_vid7,153
normal/old_norm_vid7_0154.jpg,normal/normal_03783.jpg,old_norm_vid7,154
normal/old_norm_vid7_0155.jpg,normal/normal_03784.jpg,old_norm_vid7,155
normal/old_norm_vid7_0156.jpg,normal/normal_03785.jpg,old_norm_vid7,156
normal/old_norm_vid7_0157.jpg,normal/normal_03786.jpg,old_norm_vid7,157
normal/old_norm_vid7_0158.jpg,normal/normal_03787.jpg,old_norm_vid7,158
normal/old_norm_vid7_0159.jpg,normal/normal_03788.jpg,old_norm_vid7,159
normal/old_norm_vid7_0160.jpg,normal/normal_03789.jpg,old_norm_vid7,160
normal/old_norm_vid7_0161.jpg,normal/normal_03790.jpg,old_norm_vid7,161
normal/old_norm_vid7_0162.jpg,normal/normal_03791.jpg,old_norm_vid7,162
normal/old_norm_vid7_0163.jpg,normal/normal_03792.jpg,old_norm_vid7,163
normal/old_norm_vid7_0164.jpg,normal/normal_03793.jpg,old_norm_vid7,164
normal/old_norm_vid7_0165.jpg,normal/normal_03794.jpg,old_norm_vid7,165
normal/old_norm_vid7_0166.jpg,normal/normal_03795.jpg,old_norm_vid7,166
normal/old_norm_vid7_0167.jpg,normal/normal_03796.jpg,old_norm_vid7,167
normal/old_norm_vid7_0168.jpg,normal/normal_03797.jpg,old_norm_vid7,168
normal/old_norm_vid7_0169.jpg,normal/normal_03798.jpg,old_norm_vid7,169
normal/old_norm_vid7_0170.jpg,normal/normal_03799.jpg,old_norm_vid7,170
normal/old_norm_vid7_0171.jpg,normal/normal_03800.jpg,old_norm_vid7,171
normal/old_norm_vid7_0172.jpg,normal/normal_03801.jpg,old_norm_vid7,172
normal/old_norm_vid7_0173.jpg,normal/normal_03802.jpg,old_norm_vid7,173
normal/old_norm_vid7_0174.jpg,normal/normal_03803.jpg,old_norm_vid7,174
normal/old_norm_vid7_0175.jpg,normal/normal_03804.jpg,old_norm_vid7,175
normal/old_norm_vid7_0176.jpg,normal/normal_03805.jpg,old_norm_vid7,176
normal/old_norm_vid7_0177.jpg,normal/normal_03806.jpg,old_norm_vid7,177
normal/old_norm_vid7_0178.jpg,normal/normal_03807.jpg,old_norm_vid7,178
normal/old_norm_vid7_0179.jpg,normal/normal_03808.jpg,old_norm_vid7,179
normal/old_norm_vid7_0180.jpg,normal/normal_03809.jpg,old_norm_vid7,180
normal/old_norm_vid7_0181.jpg,normal/normal_03810.jpg,old_norm_vid7,181
normal/old_norm_vid7_0182.jpg,normal/normal_03811.jpg,old_norm_vid7,182
normal/old_norm_vid7_0183.jpg,normal/normal_03812.jpg,old_norm_vid7,183
normal/old_norm_vid7_0184.jpg,normal/normal_03813.jpg,old_norm_vid7,184
normal/old_norm_vid7_0185.jpg,normal/normal_03814.jpg,old_norm_vid7,185
normal/old_norm_vid7_0186.jpg,normal/normal_03815.jpg,old_norm_vid7,186
normal/old_norm_vid7_0187.jpg,normal/normal_03816.jpg,old_norm_vid7,187
normal/old_norm_vid7_0188.jpg,normal/normal_03817.jpg,old_norm_vid7,188
normal/old_norm_vid7_0189.jpg,normal/normal_03818.jpg,old_norm_vid7,189
normal/old_norm_vid7_0190.jpg,normal/normal_03819.jpg,old_norm_vid7,190
normal/old_norm_vid7_0191.jpg,normal/normal_03820.jpg,old_norm_vid7,191
normal/old_norm_vid7_0192.jpg,normal/normal_03821.jpg,old_norm_vid7,192
normal/old_norm_vid7_0193.jpg,normal/normal_03822.jpg,old_norm_vid7,193
normal/old_norm_vid7_0194.jpg,normal/normal_03823.jpg,old_norm_vid7,194
normal/old_norm_vid7_0195.jpg,normal/normal_03824.jpg,old_norm_vid7,195
normal/old_norm_vid7_0196.jpg,normal/normal_03825.jpg,old_norm_vid7,196
normal/old_norm_vid7_0197.jpg,normal/normal_03826.jpg,old_norm_vid7,197
normal/old_norm_vid7_0198.jpg,normal/normal_03827.jpg,old_norm_vid7,198
normal/old_norm_vid7_0199.jpg,normal/normal_03828.jpg,old_norm_vid7,199
normal/old_norm_vid7_0200.jpg,normal/normal_03829.jpg,old_norm_vid7,200
normal/old_norm_vid7_0201.jpg,normal/normal_03830.jpg,old_norm_vid7,201
normal/old_norm_vid7_0202.jpg,normal/normal_03831.jpg,old_norm_vid7,202
normal/old_norm_vid7_0203.jpg,normal/normal_03832.jpg,old_norm_vid7,203
normal/old_norm_vid7_0204.jpg,normal/normal_03833.jpg,old_norm_vid7,204
normal/old_norm_vid7_0205.jpg,normal/normal_03834.jpg,old_norm_vid7,205
normal/old_norm_vid7_0206.jpg,normal/normal_03835.jpg,old_norm_vid7,206
normal/old_norm_vid7_0207.jpg,normal/normal_03836.jpg,old_norm_vid7,207
normal/old_norm_vid7_0208.jpg,normal/normal_03837.jpg,old_norm_vid7,208
normal/old_norm_vid7_0209.jpg,normal/normal_03838.jpg,old_norm_vid7,209
normal/old_norm_vid7_0210.jpg,normal/normal_03839.jpg,old_norm_vid7,210
normal/old_norm_vid7_0211.jpg,normal/normal_03840.jpg,old_norm_vid7,211
normal/old_norm_vid8_0001.jpg,normal/normal_03841.jpg,old_norm_vid8,1
normal/old_norm_vid8_0002.jpg,normal/normal_03842.jpg,old_norm_vid8,2
normal/old_norm_vid8_0003.jpg,normal/normal_03843.jpg,old_norm_vid8,3
normal/old_norm_vid8_0004.jpg,normal/normal_03844.jpg,old_norm_vid8,4
normal/old_norm_vid8_0005.jpg,normal/normal_03845.jpg,old_norm_vid8,5
normal/old_norm_vid8_0006.jpg,normal/normal_03846.jpg,old_norm_vid8,6
normal/old_norm_vid8_0007.jpg,normal/normal_03847.jpg,old_norm_vid8,7
normal/old_norm_vid8_0008.jpg,normal/normal_03848.jpg,old_norm_vid8,8
normal/old_norm_vid8_0009.jpg,normal/normal_03849.jpg,old_norm_vid8,9
normal/old_norm_vid8_0010.jpg,normal/normal_03850.jpg,old_norm_vid8,10
normal/old_norm_vid8_0011.jpg,normal/normal_03851.jpg,old_norm_vid8,11
normal/old_norm_vid8_0012.jpg,normal/normal_03852.jpg,old_norm_vid8,12
normal/old_norm_vid8_0013.jpg,normal/normal_03853.jpg,old_norm_vid8,13
normal/old_norm_vid8_0014.jpg,normal/normal_03854.jpg,old_norm_vid8,14
normal/old_norm_vid8_0015.jpg,normal/normal_03855.jpg,old_norm_vid8,15
normal/old_norm_vid8_0016.jpg,normal/normal_03856.jpg,old_norm_vid8,16
normal/old_norm_vid8_0017.jpg,normal/normal_03857.jpg,old_norm_vid8,17
normal/old_norm_vid8_0018.jpg,normal/normal_03858.jpg,old_norm_vid8,18
normal/old_norm_vid8_0019.jpg,normal/normal_03859.jpg,old_norm_vid8,19
normal/old_norm_vid8_0020.jpg,normal/normal_03860.jpg,old_norm_vid8,20
normal/old_norm_vid8_0021.jpg,normal/normal_03861.jpg,old_norm_vid8,21
normal/old_norm_vid8_0022.jpg,normal/normal_03862.jpg,old_norm_vid8,22
normal/old_norm_vid8_0023.jpg,normal/normal_03863.jpg,old_norm_vid8,23
normal/old_norm_vid8_0024.jpg,normal/normal_03864.jpg,old_norm_vid8,24
normal/old_norm_vid8_0025.jpg,normal/normal_03865.jpg,old_norm_vid8,25
normal/old_norm_vid8_0026.jpg,normal/normal_03866.jpg,old_norm_vid8,26
normal/old_norm_vid8_0027.jpg,normal/normal_03867.jpg,old_norm_vid8,27
normal/old_norm_vid8_0028.jpg,normal/normal_03868.jpg,old_norm_vid8,28
normal/old_norm_vid8_0029.jpg,normal/normal_03869.jpg,old_norm_vid8,29
normal/old_norm_vid8_0030.jpg,normal/normal_03870.jpg,old_norm_vid8,30
normal/old_norm_vid8_0031.jpg,normal/normal_03871.jpg,old_norm_vid8,31
normal/old_norm_vid8_0032.jpg,normal/normal_03872.jpg,old_norm_vid8,32
normal/old_norm_vid8_0033.jpg,normal/normal_03873.jpg,old_norm_vid8,33
normal/old_norm_vid8_0034.jpg,normal/normal_03874.jpg,old_norm_vid8,34
normal/old_norm_vid8_0035.jpg,normal/normal_03875.jpg,old_norm_vid8,35
normal/old_norm_vid8_0036.jpg,normal/normal_03876.jpg,old_norm_vid8,36
normal/old_norm_vid8_0037.jpg,normal/normal_03877.jpg,old_norm_vid8,37
normal/old_norm_vid8_0038.jpg,normal/normal_03878.jpg,old_norm_vid8,38
normal/old_norm_vid8_0039.jpg,normal/normal_03879.jpg,old_norm_vid8,39
normal/old_norm_vid8_0040.jpg,normal/normal_03880.jpg,old_norm_vid8,40
normal/old_norm_vid8_0041.jpg,normal/normal_03881.jpg,old_norm_vid8,41
normal/old_norm_vid8_0042.jpg,normal/normal_03882.jpg,old_norm_vid8,42
normal/old_norm_vid8_0043.jpg,normal/normal_03883.jpg,old_norm_vid8,43
normal/old_norm_vid8_0044.jpg,normal/normal_03884.jpg,old_norm_vid8,44
normal/old_norm_vid8_0045.jpg,normal/normal_03885.jpg,old_norm_vid8,45
normal/old_norm_vid8_0046.jpg,normal/normal_03886.jpg,old_norm_vid8,46
normal/old_norm_vid8_0047.jpg,normal/normal_03887.jpg,old_norm_vid8,47
normal/old_norm_vid8_0048.jpg,normal/normal_03888.jpg,old_norm_vid8,48
normal/old_norm_vid8_0049.jpg,normal/normal_03889.jpg,old_norm_vid8,49
normal/old_norm_vid8_0050.jpg,normal/normal_03890.jpg,old_norm_vid8,50
normal/old_norm_vid8_0051.jpg,normal/normal_03891.jpg,old_norm_vid8,51
normal/old_norm_vid8_0052.jpg,normal/normal_03892.jpg,old_norm_vid8,52
normal/old_norm_vid8_0053.jpg,normal/normal_03893.jpg,old_norm_vid8,53
normal/old_norm_vid8_0054.jpg,normal/normal_03894.jpg,old_norm_vid8,54
normal/old_norm_vid8_0055.jpg,normal/normal_03895.jpg,old_norm_vid8,55
normal/old_norm_vid8_0056.jpg,normal/normal_03896.jpg,old_norm_vid8,56
normal/old_norm_vid8_0057.jpg,normal/normal_03897.jpg,old_norm_vid8,57
normal/old_norm_vid8_0058.jpg,normal/normal_03898.jpg,old_norm_vid8,58
normal/old_norm_vid8_0059.jpg,normal/normal_03899.jpg,old_norm_vid8,59
normal/old_norm_vid8_0060.jpg,normal/normal_03900.jpg,old_norm_vid8,60
normal/old_norm_vid8_0061.jpg,normal/normal_03901.jpg,old_norm_vid8,61
normal/old_norm_vid8_0062.jpg,normal/normal_03902.jpg,old_norm_vid8,62
normal/old_norm_vid8_0063.jpg,normal/normal_03903.jpg,old_norm_vid8,63
normal/old_norm_vid8_0064.jpg,normal/normal_03904.jpg,old_norm_vid8,64
normal/old_norm_vid8_0065.jpg,normal/normal_03905.jpg,old_norm_vid8,65
normal/old_norm_vid8_0066.jpg,normal/normal_03906.jpg,old_norm_vid8,66
normal/old_norm_vid8_0067.jpg,normal/normal_03907.jpg,old_norm_vid8,67
normal/old_norm_vid8_0068.jpg,normal/normal_03908.jpg,old_norm_vid8,68
normal/old_norm_vid8_0069.jpg,normal/normal_03909.jpg,old_norm_vid8,69
normal/old_norm_vid8_0070.jpg,normal/normal_03910.jpg,old_norm_vid8,70
normal/old_norm_vid8_0071.jpg,normal/normal_03911.jpg,old_norm_vid8,71
normal/old_norm_vid8_0072.jpg,normal/normal_03912.jpg,old_norm_vid8,72
normal/old_norm_vid8_0073.jpg,normal/normal_03913.jpg,old_norm_vid8,73
normal/old_norm_vid8_0074.jpg,normal/normal_03914.jpg,old_norm_vid8,74
normal/old_norm_vid8_0075.jpg,normal/normal_03915.jpg,old_norm_vid8,75
normal/old_norm_vid8_0076.jpg,normal/normal_03916.jpg,old_norm_vid8,76
normal/old_norm_vid8_0077.jpg,normal/normal_03917.jpg,old_norm_vid8,77
normal/old_norm_vid8_0078.jpg,normal/normal_03918.jpg,old_norm_vid8,78
normal/old_norm_vid8_0079.jpg,normal/normal_03919.jpg,old_norm_vid8,79
normal/old_norm_vid8_0080.jpg,normal/normal_03920.jpg,old_norm_vid8,80
normal/old_norm_vid8_0081.jpg,normal/normal_03921.jpg,old_norm_vid8,81
normal/old_norm_vid8_0082.jpg,normal/normal_03922.jpg,old_norm_vid8,82
normal/old_norm_vid8_0083.jpg,normal/normal_03923.jpg,old_norm_vid8,83
normal/old_norm_vid8_0084.jpg,normal/normal_03924.jpg,old_norm_vid8,84
normal/old_norm_vid8_0085.jpg,normal/normal_03925.jpg,old_norm_vid8,85
normal/old_norm_vid8_0086.jpg,normal/normal_03926.jpg,old_norm_vid8,86
normal/old_norm_vid8_0087.jpg,normal/normal_03927.jpg,old_norm_vid8,87
normal/old_norm_vid8_0088.jpg,normal/normal_03928.jpg,old_norm_vid8,88
normal/old_norm_vid8_0089.jpg,normal/normal_03929.jpg,old_norm_vid8,89
normal/old_norm_vid8_0090.jpg,normal/normal_03930.jpg,old_norm_vid8,90
normal/old_norm_vid8_0091.jpg,normal/normal_03931.jpg,old_norm_vid8,91
normal/old_norm_vid8_0092.jpg,normal/normal_03932.jpg,old_norm_vid8,92
normal/old_norm_vid8_0093.jpg,normal/normal_03933.jpg,old_norm_vid8,93
normal/old_norm_vid8_0094.jpg,normal/normal_03934.jpg,old_norm_vid8,94
normal/old_norm_vid8_0095.jpg,normal/normal_03935.jpg,old_norm_vid8,95
normal/old_norm_vid8_0096.jpg,normal/normal_03936.jpg,old_norm_vid8,96
normal/old_norm_vid8_0097.jpg,normal/normal_03937.jpg,old_norm_vid8,97
normal/old_norm_vid8_0098.jpg,normal/normal_03938.jpg,old_norm_vid8,98
normal/old_norm_vid8_0099.jpg,normal/normal_03939.jpg,old_norm_vid8,99
normal/old_norm_vid8_0100.jpg,normal/normal_03940.jpg,old_norm_vid8,100
normal/old_norm_vid8_0101.jpg,normal/normal_03941.jpg,old_norm_vid8,101
normal/old_norm_vid8_0102.jpg,normal/normal_03942.jpg,old_norm_vid8,102
normal/old_norm_vid8_0103.jpg,normal/normal_03943.jpg,old_norm_vid8,103
normal/old_norm_vid8_0104.jpg,normal/normal_03944.jpg,old_norm_vid8,104
normal/old_norm_vid8_0105.jpg,normal/normal_03945.jpg,old_norm_vid8,105
normal/old_norm_vid8_0106.jpg,normal/normal_03946.jpg,old_norm_vid8,106
normal/old_norm_vid8_0107.jpg,normal/normal_03947.jpg,old_norm_vid8,107
normal/old_norm_vid8_0108.jpg,normal/normal_03948.jpg,old_norm_vid8,108
normal/old_norm_vid8_0109.jpg,normal/normal_03949.jpg,old_norm_vid8,109
normal/old_norm_vid8_0110.jpg,normal/normal_03950.jpg,old_norm_vid8,110
normal/old_norm_vid8_0111.jpg,normal/normal_03951.jpg,old_norm_vid8,111
normal/old_norm_vid8_0112.jpg,normal/normal_03952.jpg,old_norm_vid8,112
normal/old_norm_vid8_0113.jpg,normal/normal_03953.jpg,old_norm_vid8,113
normal/old_norm_vid8_0114.jpg,normal/normal_03954.jpg,old_norm_vid8,114
normal/old_norm_vid8_0115.jpg,normal/normal_03955.jpg,old_norm_vid8,115
normal/old_norm_vid8_0116.jpg,normal/normal_03956.jpg,old_norm_vid8,116
normal/old_norm_vid8_0117.jpg,normal/normal_03957.jpg,old_norm_vid8,117
normal/old_norm_vid8_0118.jpg,normal/normal_03958.jpg,old_norm_vid8,118
normal/old_norm_vid8_0119.jpg,normal/normal_03959.jpg,old_norm_vid8,119
normal/old_norm_vid8_0120.jpg,normal/normal_03960.jpg,old_norm_vid8,120
normal/old_norm_vid8_0121.jpg,normal/normal_03961.jpg,old_norm_vid8,121
normal/old_norm_vid8_0122.jpg,normal/normal_03962.jpg,old_norm_vid8,122
normal/old_norm_vid8_0123.jpg,normal/normal_03963.jpg,old_norm_vid8,123
normal/old_norm_vid8_0124.jpg,normal/normal_03964.jpg,old_norm_vid8,124
normal/old_norm_vid8_0125.jpg,normal/normal_03965.jpg,old_norm_vid8,125
normal/old_norm_vid8_0126.jpg,normal/normal_03966.jpg,old_norm_vid8,126
normal/old_norm_vid8_0127.jpg,normal/normal_03967.jpg,old_norm_vid8,127
normal/old_norm_vid8_0128.jpg,normal/normal_03968.jpg,old_norm_vid8,128
normal/old_norm_vid8_0129.jpg,normal/normal_03969.jpg,old_norm_vid8,129
normal/old_norm_vid8_0130.jpg,normal/normal_03970.jpg,old_norm_vid8,130
normal/old_norm_vid8_0131.jpg,normal/normal_03971.jpg,old_norm_vid8,131
normal/old_norm_vid8_0132.jpg,normal/normal_03972.jpg,old_norm_vid8,132
normal/old_norm_vid8_0133.jpg,normal/normal_03973.jpg,old_norm_vid8,133
normal/old_norm_vid8_0134.jpg,normal/normal_03974.jpg,old_norm_vid8,134
normal/old_norm_vid8_0135.jpg,normal/normal_03975.jpg,old_norm_vid8,135
normal/old_norm_vid8_0136.jpg,normal/normal_03976.jpg,old_norm_vid8,136
normal/old_norm_vid8_0137.jpg,normal/normal_03977.jpg,old_norm_vid8,137
normal/old_norm_vid8_0138.jpg,normal/normal_03978.jpg,old_norm_vid8,138
normal/old_norm_vid8_0139.jpg,normal/normal_03979.jpg,old_norm_vid8,139
normal/old_norm_vid8_0140.jpg,normal/normal_03980.jpg,old_norm_vid8,140
normal/old_norm_vid8_0141.jpg,normal/normal_03981.jpg,old_norm_vid8,141
normal/old_norm_vid8_0142.jpg,normal/normal_03982.jpg,old_norm_vid8,142
normal/old_norm_vid8_0143.jpg,normal/normal_03983.jpg,old_norm_vid8,143
normal/old_norm_vid8_0144.jpg,normal/normal_03984.jpg,old_norm_vid8,144
normal/old_norm_vid8_0145.jpg,normal/normal_03985.jpg,old_norm_vid8,145
normal/old_norm_vid8_0146.jpg,normal/normal_03986.jpg,old_norm_vid8,146
normal/old_norm_vid8_0147.jpg,normal/normal_03987.jpg,old_norm_vid8,147
normal/old_norm_vid8_0148.jpg,normal/normal_03988.jpg,old_norm_vid8,148
normal/old_norm_vid8_0149.jpg,normal/normal_03989.jpg,old_norm_vid8,149
normal/old_norm_vid8_0150.jpg,normal/normal_03990.jpg,old_norm_vid8,150
normal/old_norm_vid8_0151.jpg,normal/normal_03991.jpg,old_norm_vid8,151
normal/old_norm_vid8_0152.jpg,normal/normal_03992.jpg,old_norm_vid8,152
normal/old_norm_vid8_0153.jpg,normal/normal_03993.jpg,old_norm_vid8,153
normal/old_norm_vid8_0154.jpg,normal/normal_03994.jpg,old_norm_vid8,154
normal/old_norm_vid8_0155.jpg,normal/normal_03995.jpg,old_norm_vid8,155
normal/old_norm_vid8_0156.jpg,normal/normal_03996.jpg,old_norm_vid8,156
normal/old_norm_vid8_0157.jpg,normal/normal_03997.jpg,old_norm_vid8,157
normal/old_norm_vid8_0158.jpg,normal/normal_03998.jpg,old_norm_vid8,158
normal/old_norm_vid8_0159.jpg,normal/normal_03999.jpg,old_norm_vid8,159
normal/old_norm_vid8_0160.jpg,normal/normal_04000.jpg,old_norm_vid8,160
normal/old_norm_vid8_0161.jpg,normal/normal_04001.jpg,old_norm_vid8,161
normal/old_norm_vid8_0162.jpg,normal/normal_04002.jpg,old_norm_vid8,162
normal/old_norm_vid8_0163.jpg,normal/normal_04003.jpg,old_norm_vid8,163
normal/old_norm_vid8_0164.jpg,normal/normal_04004.jpg,old_norm_vid8,164
normal/old_norm_vid8_0165.jpg,normal/normal_04005.jpg,old_norm_vid8,165
normal/old_norm_vid8_0166.jpg,normal/normal_04006.jpg,old_norm_vid8,166
normal/old_norm_vid8_0167.jpg,normal/normal_04007.jpg,old_norm_vid8,167
normal/old_norm_vid8_0168.jpg,normal/normal_04008.jpg,old_norm_vid8,168
normal/old_norm_vid8_0169.jpg,normal/normal_04009.jpg,old_norm_vid8,169
normal/old_norm_vid8_0170.jpg,normal/normal_04010.jpg,old_norm_vid8,170
normal/old_norm_vid8_0171.jpg,normal/normal_04011.jpg,old_norm_vid8,171
normal/old_norm_vid8_0172.jpg,normal/normal_04012.jpg,old_norm_vid8,172
normal/old_norm_vid8_0173.jpg,normal/normal_04013.jpg,old_norm_vid8,173
normal/old_norm_vid8_0174.jpg,normal/normal_04014.jpg,old_norm_vid8,174
normal/old_norm_vid8_0175.jpg,normal/normal_04015.jpg,old_norm_vid8,175
normal/old_norm_vid8_0176.jpg,normal/normal_04016.jpg,old_norm_vid8,176
normal/old_norm_vid8_0177.jpg,normal/normal_04017.jpg,old_norm_vid8,177
normal/old_norm_vid8_0178.jpg,normal/normal_04018.jpg,old_norm_vid8,178
normal/old_norm_vid8_0179.jpg,normal/normal_04019.jpg,old_norm_vid8,179
normal/old_norm_vid8_0180.jpg,normal/normal_04020.jpg,old_norm_vid8,180
normal/old_norm_vid8_0181.jpg,normal/normal_04021.jpg,old_norm_vid8,181
normal/old_norm_vid8_0182.jpg,normal/normal_04022.jpg,old_norm_vid8,182
normal/old_norm_vid8_0183.jpg,normal/normal_04023.jpg,old_norm_vid8,183
normal/old_norm_vid8_0184.jpg,normal/normal_04024.jpg,old_norm_vid8,184
normal/old_norm_vid8_0185.jpg,normal/normal_04025.jpg,old_norm_vid8,185
normal/old_norm_vid8_0186.jpg,normal/normal_04026.jpg,old_norm_vid8,186
normal/old_norm_vid8_0187.jpg,normal/normal_04027.jpg,old_norm_vid8,187
normal/old_norm_vid8_0188.jpg,normal/normal_04028.jpg,old_norm_vid8,188
normal/old_norm_vid8_0189.jpg,normal/normal_04029.jpg,old_norm_vid8,189
normal/old_norm_vid8_0190.jpg,normal/normal_04030.jpg,old_norm_vid8,190
normal/old_norm_vid8_0191.jpg,normal/normal_04031.jpg,old_norm_vid8,191
normal/old_norm_vid8_0192.jpg,normal/normal_04032.jpg,old_norm_vid8,192
normal/old_norm_vid8_0193.jpg,normal/normal_04033.jpg,old_norm_vid8,193
normal/old_norm_vid8_0194.jpg,normal/normal_04034.jpg,old_norm_vid8,194
normal/old_norm_vid8_0195.jpg,normal/normal_04035.jpg,old_norm_vid8,195
normal/old_norm_vid8_0196.jpg,normal/normal_04036.jpg,old_norm_vid8,196
normal/old_norm_vid8_0197.jpg,normal/normal_04037.jpg,old_norm_vid8,197
normal/old_norm_vid8_0198.jpg,normal/normal_04038.jpg,old_norm_vid8,198
normal/old_norm_vid8_0199.jpg,normal/normal_04039.jpg,old_norm_vid8,199
normal/old_norm_vid8_0200.jpg,normal/normal_04040.jpg,old_norm_vid8,200
normal/old_norm_vid8_0201.jpg,normal/normal_04041.jpg,old_norm_vid8,201
normal/old_norm_vid8_0202.jpg,normal/normal_04042.jpg,old_norm_vid8,202
normal/old_norm_vid8_0203.jpg,normal/normal_04043.jpg,old_norm_vid8,203
normal/old_norm_vid8_0204.jpg,normal/normal_04044.jpg,old_norm_vid8,204
normal/old_norm_vid8_0205.jpg,normal/normal_04045.jpg,old_norm_vid8,205
normal/old_norm_vid8_0206.jpg,normal/normal_04046.jpg,old_norm_vid8,206
normal/old_norm_vid8_0207.jpg,normal/normal_04047.jpg,old_norm_vid8,207
normal/old_norm_vid8_0208.jpg,normal/normal_04048.jpg,old_norm_vid8,208
normal/old_norm_vid8_0209.jpg,normal/normal_04049.jpg,old_norm_vid8,209
normal/old_norm_vid8_0210.jpg,normal/normal_04050.jpg,old_norm_vid8,210
normal/old_norm_vid8_0211.jpg,normal/normal_04051.jpg,old_norm_vid8,211
normal/old_norm_vid8_0212.jpg,normal/normal_04052.jpg,old_norm_vid8,212
normal/old_norm_vid8_0213.jpg,normal/normal_04053.jpg,old_norm_vid8,213
normal/old_norm_vid8_0214.jpg,normal/normal_04054.jpg,old_norm_vid8,214
normal/old_norm_vid8_0215.jpg,normal/normal_04055.jpg,old_norm_vid8,215
normal/old_norm_vid8_0216.jpg,normal/normal_04056.jpg,old_norm_vid8,216
normal/old_norm_vid8_0217.jpg,normal/normal_04057.jpg,old_norm_vid8,217
normal/old_norm_vid8_0218.jpg,normal/normal_04058.jpg,old_norm_vid8,218
normal/old_norm_vid8_0219.jpg,normal/normal_04059.jpg,old_norm_vid8,219
normal/old_norm_vid8_0220.jpg,normal/normal_04060.jpg,old_norm_vid8,220
normal/old_norm_vid8_0221.jpg,normal/normal_04061.jpg,old_norm_vid8,221
normal/old_norm_vid8_0222.jpg,normal/normal_04062.jpg,old_norm_vid8,222
normal/old_norm_vid8_0223.jpg,normal/normal_04063.jpg,old_norm_vid8,223
normal/old_norm_vid8_0224.jpg,normal/normal_04064.jpg,old_norm_vid8,224
normal/old_norm_vid8_0225.jpg,normal/normal_04065.jpg,old_norm_vid8,225
normal/old_norm_vid8_0226.jpg,normal/normal_04066.jpg,old_norm_vid8,226
normal/old_norm_vid8_0227.jpg,normal/normal_04067.jpg,old_norm_vid8,227
normal/old_norm_vid8_0228.jpg,normal/normal_04068.jpg,old_norm_vid8,228
normal/old_norm_vid8_0229.jpg,normal/normal_04069.jpg,old_norm_vid8,229
normal/old_norm_vid8_0230.jpg,normal/normal_04070.jpg,old_norm_vid8,230
normal/old_norm_vid8_0231.jpg,normal/normal_04071.jpg,old_norm_vid8,231
normal/old_norm_vid8_0232.jpg,normal/normal_04072.jpg,old_norm_vid8,232
normal/old_norm_vid8_0233.jpg,normal/normal_04073.jpg,old_norm_vid8,233
normal/old_norm_vid8_0234.jpg,normal/normal_04074.jpg,old_norm_vid8,234
normal/old_norm_vid8_0235.jpg,normal/normal_04075.jpg,old_norm_vid8,235
normal/old_norm_vid8_0236.jpg,normal/normal_04076.jpg,old_norm_vid8,236
normal/old_norm_vid8_0237.jpg,normal/normal_04077.jpg,old_norm_vid8,237
normal/old_norm_vid8_0238.jpg,normal/normal_04078.jpg,old_norm_vid8,238
normal/old_norm_vid8_0239.jpg,normal/normal_04079.jpg,old_norm_vid8,239
normal/old_norm_vid8_0240.jpg,normal/normal_04080.jpg,old_norm_vid8,240
normal/old_norm_vid8_0241.jpg,normal/normal_04081.jpg,old_norm_vid8,241
normal/old_norm_vid8_0242.jpg,normal/normal_04082.jpg,old_norm_vid8,242
normal/old_norm_vid8_0243.jpg,normal/normal_04083.jpg,old_norm_vid8,243
normal/old_norm_vid8_0244.jpg,normal/normal_04084.jpg,old_norm_vid8,244
normal/old_norm_vid8_0245.jpg,normal/normal_04085.jpg,old_norm_vid8,245
normal/old_norm_vid8_0246.jpg,normal/normal_04086.jpg,old_norm_vid8,246
normal/old_norm_vid8_0247.jpg,normal/normal_04087.jpg,old_norm_vid8,247
normal/old_norm_vid8_0248.jpg,normal/normal_04088.jpg,old_norm_vid8,248
normal/old_norm_vid8_0249.jpg,normal/normal_04089.jpg,old_norm_vid8,249
normal/old_norm_vid8_0250.jpg,normal/normal_04090.jpg,old_norm_vid8,250
normal/old_norm_vid8_0251.jpg,normal/normal_04091.jpg,old_norm_vid8,251
normal/old_norm_vid8_0252.jpg,normal/normal_04092.jpg,old_norm_vid8,252
normal/old_norm_vid8_0253.jpg,normal/normal_04093.jpg,old_norm_vid8,253
normal/old_norm_vid8_0254.jpg,normal/normal_04094.jpg,old_norm_vid8,254
normal/old_norm_vid8_0255.jpg,normal/normal_04095.jpg,old_norm_vid8,255
normal/old_norm_vid8_0256.jpg,normal/normal_04096.jpg,old_norm_vid8,256
normal/old_norm_vid8_0257.jpg,normal/normal_04097.jpg,old_norm_vid8,257
normal/old_norm_vid8_0258.jpg,normal/normal_04098.jpg,old_norm_vid8,258
normal/old_norm_vid8_0259.jpg,normal/normal_04099.jpg,old_norm_vid8,259
normal/old_norm_vid8_0260.jpg,normal/normal_04100.jpg,old_norm_vid8,260
normal/old_norm_vid8_0261.jpg,normal/normal_04101.jpg,old_norm_vid8,261
normal/old_norm_vid8_0262.jpg,normal/normal_04102.jpg,old_norm_vid8,262
normal/old_norm_vid8_0263.jpg,normal/normal_04103.jpg,old_norm_vid8,263
normal/old_norm_vid8_0264.jpg,normal/normal_04104.jpg,old_norm_vid8,264
normal/old_norm_vid8_0265.jpg,normal/normal_04105.jpg,old_norm_vid8,265
normal/old_norm_vid8_0266.jpg,normal/normal_04106.jpg,old_norm_vid8,266
normal/old_norm_vid8_0267.jpg,normal/normal_04107.jpg,old_norm_vid8,267
normal/old_norm_vid8_0268.jpg,normal/normal_04108.jpg,old_norm_vid8,268
normal/old_norm_vid8_0269.jpg,normal/normal_04109.jpg,old_norm_vid8,269
normal/old_norm_vid8_0270.jpg,normal/normal_04110.jpg,old_norm_vid8,270
normal/old_norm_vid8_0271.jpg,normal/normal_04111.jpg,old_norm_vid8,271
normal/old_norm_vid8_0272.jpg,normal/normal_04112.jpg,old_norm_vid8,272
normal/old_norm_vid8_0273.jpg,normal/normal_04113.jpg,old_norm_vid8,273
normal/old_norm_vid8_0274.jpg,normal/normal_04114.jpg,old_norm_vid8,274
normal/old_norm_vid8_0275.jpg,normal/normal_04115.jpg,old_norm_vid8,275
normal/old_norm_vid8_0276.jpg,normal/normal_04116.jpg,old_norm_vid8,276
normal/old_norm_vid8_0277.jpg,normal/normal_04117.jpg,old_norm_vid8,277
normal/old_norm_vid8_0278.jpg,normal/normal_04118.jpg,old_norm_vid8,278
normal/old_norm_vid8_0279.jpg,normal/normal_04119.jpg,old_norm_vid8,279
normal/old_norm_vid8_0280.jpg,normal/normal_04120.jpg,old_norm_vid8,280
normal/old_norm_vid8_0281.jpg,normal/normal_04121.jpg,old_norm_vid8,281
normal/old_norm_vid8_0282.jpg,normal/normal_04122.jpg,old_norm_vid8,282
normal/old_norm_vid8_0283.jpg,normal/normal_04123.jpg,old_norm_vid8,283
normal/old_norm_vid8_0284.jpg,normal/normal_04124.jpg,old_norm_vid8,284
normal/old_norm_vid8_0285.jpg,normal/normal_04125.jpg,old_norm_vid8,285
normal/old_norm_vid8_0286.jpg,normal/normal_04126.jpg,old_norm_vid8,286
normal/old_norm_vid8_0287.jpg,normal/normal_04127.jpg,old_norm_vid8,287
normal/old_norm_vid8_0288.jpg,normal/normal_04128.jpg,old_norm_vid8,288
normal/old_norm_vid8_0289.jpg,normal/normal_04129.jpg,old_norm_vid8,289
normal/old_norm_vid8_0290.jpg,normal/normal_04130.jpg,old_norm_vid8,290
normal/old_norm_vid8_0291.jpg,normal/normal_04131.jpg,old_norm_vid8,291
normal/old_norm_vid8_0292.jpg,normal/normal_04132.jpg,old_norm_vid8,292
normal/old_norm_vid8_0293.jpg,normal/normal_04133.jpg,old_norm_vid8,293
normal/old_norm_vid8_0294.jpg,normal/normal_04134.jpg,old_norm_vid8,294
normal/old_norm_vid8_0295.jpg,normal/normal_04135.jpg,old_norm_vid8,295
normal/old_norm_vid8_0296.jpg,normal/normal_04136.jpg,old_norm_vid8,296
normal/old_norm_vid8_0297.jpg,normal/normal_04137.jpg,old_norm_vid8,297
normal/old_norm_vid8_0298.jpg,normal/normal_04138.jpg,old_norm_vid8,298
normal/old_norm_vid8_0299.jpg,normal/normal_04139.jpg,old_norm_vid8,299
normal/old_norm_vid8_0300.jpg,normal/normal_04140.jpg,old_norm_vid8,300
normal/old_norm_vid8_0301.jpg,normal/normal_04141.jpg,old_norm_vid8,301
normal/old_norm_vid8_0302.jpg,normal/normal_04142.jpg,old_norm_vid8,302
normal/old_norm_vid8_0303.jpg,normal/normal_04143.jpg,old_norm_vid8,303
normal/old_norm_vid8_0304.jpg,normal/normal_04144.jpg,old_norm_vid8,304
normal/old_norm_vid8_0305.jpg,normal/normal_04145.jpg,old_norm_vid8,305
normal/old_norm_vid8_0306.jpg,normal/normal_04146.jpg,old_norm_vid8,306
normal/old_norm_vid8_0307.jpg,normal/normal_04147.jpg,old_norm_vid8,307
normal/old_norm_vid8_0308.jpg,normal/normal_04148.jpg,old_norm_vid8,308
normal/old_norm_vid8_0309.jpg,normal/normal_04149.jpg,old_norm_vid8,309
normal/old_norm_vid8_0310.jpg,normal/normal_04150.jpg,old_norm_vid8,310
normal/old_norm_vid8_0311.jpg,normal/normal_04151.jpg,old_norm_vid8,311
normal/old_norm_vid8_0312.jpg,normal/normal_04152.jpg,old_norm_vid8,312
normal/old_norm_vid8_0313.jpg,normal/normal_04153.jpg,old_norm_vid8,313
normal/old_norm_vid8_0314.jpg,normal/normal_04154.jpg,old_norm_vid8,314
normal/old_norm_vid8_0315.jpg,normal/normal_04155.jpg,old_norm_vid8,315
normal/old_norm_vid8_0316.jpg,normal/normal_04156.jpg,old_norm_vid8,316
normal/old_norm_vid8_0317.jpg,normal/normal_04157.jpg,old_norm_vid8,317
normal/old_norm_vid8_0318.jpg,normal/normal_04158.jpg,old_norm_vid8,318
normal/old_norm_vid8_0319.jpg,normal/normal_04159.jpg,old_norm_vid8,319
normal/old_norm_vid8_0320.jpg,normal/normal_04160.jpg,old_norm_vid8,320
suspicious/additional_vid1_0001.jpg,suspicious/suspicious_00001.jpg,additional_vid1,1
suspicious/additional_vid1_0002.jpg,suspicious/suspicious_00002.jpg,additional_vid1,2
suspicious/additional_vid1_0003.jpg,suspicious/suspicious_00003.jpg,additional_vid1,3
suspicious/additional_vid1_0004.jpg,suspicious/suspicious_00004.jpg,additional_vid1,4
suspicious/additional_vid1_0005.jpg,suspicious/suspicious_00005.jpg,additional_vid1,5
suspicious/additional_vid1_0006.jpg,suspicious/suspicious_00006.jpg,additional_vid1,6
suspicious/additional_vid1_0007.jpg,suspicious/suspicious_00007.jpg,additional_vid1,7
suspicious/additional_vid1_0008.jpg,suspicious/suspicious_00008.jpg,additional_vid1,8
suspicious/additional_vid1_0009.jpg,suspicious/suspicious_00009.jpg,additional_vid1,9
suspicious/additional_vid1_0010.jpg,suspicious/suspicious_00010.jpg,additional_vid1,10
suspicious/additional_vid1_0011.jpg,suspicious/suspicious_00011.jpg,additional_vid1,11
suspicious/additional_vid1_0012.jpg,suspicious/suspicious_00012.jpg,additional_vid1,12
suspicious/additional_vid1_0013.jpg,suspicious/suspicious_00013.jpg,additional_vid1,13
suspicious/additional_vid1_0014.jpg,suspicious/suspicious_00014.jpg,additional_vid1,14
suspicious/additional_vid1_0015.jpg,suspicious/suspicious_00015.jpg,additional_vid1,15
suspicious/additional_vid1_0016.jpg,suspicious/suspicious_00016.jpg,additional_vid1,16
suspicious/additional_vid1_0017.jpg,suspicious/suspicious_00017.jpg,additional_vid1,17
suspicious/additional_vid1_0018.jpg,suspicious/suspicious_00018.jpg,additional_vid1,18
suspicious/additional_vid1_0019.jpg,suspicious/suspicious_00019.jpg,additional_vid1,19
suspicious/additional_vid1_0020.jpg,suspicious/suspicious_00020.jpg,additional_vid1,20
suspicious/additional_vid1_0021.jpg,suspicious/suspicious_00021.jpg,additional_vid1,21
suspicious/additional_vid1_0022.jpg,suspicious/suspicious_00022.jpg,additional_vid1,22
suspicious/additional_vid1_0023.jpg,suspicious/suspicious_00023.jpg,additional_vid1,23
suspicious/additional_vid1_0024.jpg,suspicious/suspicious_00024.jpg,additional_vid1,24
suspicious/additional_vid1_0025.jpg,suspicious/suspicious_00025.jpg,additional_vid1,25
suspicious/additional_vid1_0026.jpg,suspicious/suspicious_00026.jpg,additional_vid1,26
suspicious/additional_vid1_0027.jpg,suspicious/suspicious_00027.jpg,additional_vid1,27
suspicious/additional_vid1_0028.jpg,suspicious/suspicious_00028.jpg,additional_vid1,28
suspicious/additional_vid1_0029.jpg,suspicious/suspicious_00029.jpg,additional_vid1,29
suspicious/additional_vid1_0030.jpg,suspicious/suspicious_00030.jpg,additional_vid1,30
suspicious/additional_vid1_0031.jpg,suspicious/suspicious_00031.jpg,additional_vid1,31
suspicious/additional_vid1_0032.jpg,suspicious/suspicious_00032.jpg,additional_vid1,32
suspicious/additional_vid1_0033.jpg,suspicious/suspicious_00033.jpg,additional_vid1,33
suspicious/additional_vid1_0034.jpg,suspicious/suspicious_00034.jpg,additional_vid1,34
suspicious/additional_vid1_0035.jpg,suspicious/suspicious_00035.jpg,additional_vid1,35
suspicious/additional_vid1_0036.jpg,suspicious/suspicious_00036.jpg,additional_vid1,36
suspicious/additional_vid1_0037.jpg,suspicious/suspicious_00037.jpg,additional_vid1,37
suspicious/additional_vid1_0038.jpg,suspicious/suspicious_00038.jpg,additional_vid1,38
suspicious/additional_vid1_0039.jpg,suspicious/suspicious_00039.jpg,additional_vid1,39
suspicious/additional_vid1_0040.jpg,suspicious/suspicious_00040.jpg,additional_vid1,40
suspicious/additional_vid1_0041.jpg,suspicious/suspicious_00041.jpg,additional_vid1,41
suspicious/additional_vid1_0042.jpg,suspicious/suspicious_00042.jpg,additional_vid1,42
suspicious/additional_vid1_0043.jpg,suspicious/suspicious_00043.jpg,additional_vid1,43
suspicious/additional_vid1_0044.jpg,suspicious/suspicious_00044.jpg,additional_vid1,44
suspicious/additional_vid1_0045.jpg,suspicious/suspicious_00045.jpg,additional_vid1,45
suspicious/additional_vid1_0046.jpg,suspicious/suspicious_00046.jpg,additional_vid1,46
suspicious/additional_vid1_0047.jpg,suspicious/suspicious_00047.jpg,additional_vid1,47
suspicious/additional_vid1_0048.jpg,suspicious/suspicious_00048.jpg,additional_vid1,48
suspicious/additional_vid1_0049.jpg,suspicious/suspicious_00049.jpg,additional_vid1,49
suspicious/additional_vid1_0050.jpg,suspicious/suspicious_00050.jpg,additional_vid1,50
suspicious/additional_vid1_0051.jpg,suspicious/suspicious_00051.jpg,additional_vid1,51
suspicious/additional_vid1_0052.jpg,suspicious/suspicious_00052.jpg,additional_vid1,52
suspicious/additional_vid1_0053.jpg,suspicious/suspicious_00053.jpg,additional_vid1,53
suspicious/additional_vid1_0054.jpg,suspicious/suspicious_00054.jpg,additional_vid1,54
suspicious/additional_vid1_0055.jpg,suspicious/suspicious_00055.jpg,additional_vid1,55
suspicious/additional_vid1_0056.jpg,suspicious/suspicious_00056.jpg,additional_vid1,56
suspicious/additional_vid1_0057.jpg,suspicious/suspicious_00057.jpg,additional_vid1,57
suspicious/additional_vid1_0058.jpg,suspicious/suspicious_00058.jpg,additional_vid1,58
suspicious/additional_vid1_0059.jpg,suspicious/suspicious_00059.jpg,additional_vid1,59
suspicious/additional_vid1_0060.jpg,suspicious/suspicious_00060.jpg,additional_vid1,60
suspicious/additional_vid1_0061.jpg,suspicious/suspicious_00061.jpg,additional_vid1,61
suspicious/additional_vid1_0062.jpg,suspicious/suspicious_00062.jpg,additional_vid1,62
suspicious/additional_vid1_0063.jpg,suspicious/suspicious_00063.jpg,additional_vid1,63
suspicious/additional_vid1_0064.jpg,suspicious/suspicious_00064.jpg,additional_vid1,64
suspicious/additional_vid1_0065.jpg,suspicious/suspicious_00065.jpg,additional_vid1,65
suspicious/additional_vid1_0066.jpg,suspicious/suspicious_00066.jpg,additional_vid1,66
suspicious/additional_vid1_0067.jpg,suspicious/suspicious_00067.jpg,additional_vid1,67
suspicious/additional_vid1_0068.jpg,suspicious/suspicious_00068.jpg,additional_vid1,68
suspicious/additional_vid1_0069.jpg,suspicious/suspicious_00069.jpg,additional_vid1,69
suspicious/additional_vid1_0070.jpg,suspicious/suspicious_00070.jpg,additional_vid1,70
suspicious/additional_vid1_0071.jpg,suspicious/suspicious_00071.jpg,additional_vid1,71
suspicious/additional_vid1_0072.jpg,suspicious/suspicious_00072.jpg,additional_vid1,72
suspicious/additional_vid1_0073.jpg,suspicious/suspicious_00073.jpg,additional_vid1,73
suspicious/additional_vid1_0074.jpg,suspicious/suspicious_00074.jpg,additional_vid1,74
suspicious/additional_vid1_0075.jpg,suspicious/suspicious_00075.jpg,additional_vid1,75
suspicious/additional_vid1_0076.jpg,suspicious/suspicious_00076.jpg,additional_vid1,76
suspicious/additional_vid1_0077.jpg,suspicious/suspicious_00077.jpg,additional_vid1,77
suspicious/additional_vid1_0078.jpg,suspicious/suspicious_00078.jpg,additional_vid1,78
suspicious/additional_vid1_0079.jpg,suspicious/suspicious_00079.jpg,additional_vid1,79
suspicious/additional_vid1_0080.jpg,suspicious/suspicious_00080.jpg,additional_vid1,80
suspicious/additional_vid1_0081.jpg,suspicious/suspicious_00081.jpg,additional_vid1,81
suspicious/additional_vid1_0082.jpg,suspicious/suspicious_00082.jpg,additional_vid1,82
suspicious/additional_vid1_0083.jpg,suspicious/suspicious_00083.jpg,additional_vid1,83
suspicious/additional_vid1_0084.jpg,suspicious/suspicious_00084.jpg,additional_vid1,84
suspicious/additional_vid1_0085.jpg,suspicious/suspicious_00085.jpg,additional_vid1,85
suspicious/additional_vid1_0086.jpg,suspicious/suspicious_00086.jpg,additional_vid1,86
suspicious/additional_vid1_0087.jpg,suspicious/suspicious_00087.jpg,additional_vid1,87
suspicious/additional_vid1_0088.jpg,suspicious/suspicious_00088.jpg,additional_vid1,88
suspicious/additional_vid1_0089.jpg,suspicious/suspicious_00089.jpg,additional_vid1,89
suspicious/additional_vid1_0090.jpg,suspicious/suspicious_00090.jpg,additional_vid1,90
suspicious/additional_vid1_0091.jpg,suspicious/suspicious_00091.jpg,additional_vid1,91
suspicious/additional_vid1_0092.jpg,suspicious/suspicious_00092.jpg,additional_vid1,92
suspicious/additional_vid1_0093.jpg,suspicious/suspicious_00093.jpg,additional_vid1,93
suspicious/additional_vid1_0094.jpg,suspicious/suspicious_00094.jpg,additional_vid1,94
suspicious/additional_vid1_0095.jpg,suspicious/suspicious_00095.jpg,additional_vid1,95
suspicious/additional_vid1_0096.jpg,suspicious/suspicious_00096.jpg,additional_vid1,96
suspicious/additional_vid1_0097.jpg,suspicious/suspicious_00097.jpg,additional_vid1,97
suspicious/additional_vid1_0098.jpg,suspicious/suspicious_00098.jpg,additional_vid1,98
suspicious/additional_vid1_0099.jpg,suspicious/suspicious_00099.jpg,additional_vid1,99
suspicious/additional_vid1_0100.jpg,suspicious/suspicious_00100.jpg,additional_vid1,100
suspicious/additional_vid1_0101.jpg,suspicious/suspicious_00101.jpg,additional_vid1,101
suspicious/additional_vid1_0102.jpg,suspicious/suspicious_00102.jpg,additional_vid1,102
suspicious/additional_vid1_0103.jpg,suspicious/suspicious_00103.jpg,additional_vid1,103
suspicious/additional_vid1_0104.jpg,suspicious/suspicious_00104.jpg,additional_vid1,104
suspicious/additional_vid1_0105.jpg,suspicious/suspicious_00105.jpg,additional_vid1,105
suspicious/additional_vid1_0106.jpg,suspicious/suspicious_00106.jpg,additional_vid1,106
suspicious/additional_vid1_0107.jpg,suspicious/suspicious_00107.jpg,additional_vid1,107
suspicious/additional_vid1_0108.jpg,suspicious/suspicious_00108.jpg,additional_vid1,108
suspicious/additional_vid1_0109.jpg,suspicious/suspicious_00109.jpg,additional_vid1,109
suspicious/additional_vid1_0110.jpg,suspicious/suspicious_00110.jpg,additional_vid1,110
suspicious/additional_vid1_0111.jpg,suspicious/suspicious_00111.jpg,additional_vid1,111
suspicious/additional_vid1_0112.jpg,suspicious/suspicious_00112.jpg,additional_vid1,112
suspicious/additional_vid1_0113.jpg,suspicious/suspicious_00113.jpg,additional_vid1,113
suspicious/additional_vid1_0114.jpg,suspicious/suspicious_00114.jpg,additional_vid1,114
suspicious/additional_vid1_0115.jpg,suspicious/suspicious_00115.jpg,additional_vid1,115
suspicious/additional_vid1_0116.jpg,suspicious/suspicious_00116.jpg,additional_vid1,116
suspicious/additional_vid1_0117.jpg,suspicious/suspicious_00117.jpg,additional_vid1,117
suspicious/additional_vid1_0118.jpg,suspicious/suspicious_00118.jpg,additional_vid1,118
suspicious/additional_vid1_0119.jpg,suspicious/suspicious_00119.jpg,additional_vid1,119
suspicious/additional_vid1_0120.jpg,suspicious/suspicious_00120.jpg,additional_vid1,120
suspicious/additional_vid1_0121.jpg,suspicious/suspicious_00121.jpg,additional_vid1,121
suspicious/additional_vid1_0122.jpg,suspicious/suspicious_00122.jpg,additional_vid1,122
suspicious/additional_vid1_0123.jpg,suspicious/suspicious_00123.jpg,additional_vid1,123
suspicious/additional_vid1_0124.jpg,suspicious/suspicious_00124.jpg,additional_vid1,124
suspicious/additional_vid1_0125.jpg,suspicious/suspicious_00125.jpg,additional_vid1,125
suspicious/additional_vid1_0126.jpg,suspicious/suspicious_00126.jpg,additional_vid1,126
suspicious/additional_vid1_0127.jpg,suspicious/suspicious_00127.jpg,additional_vid1,127
suspicious/additional_vid1_0128.jpg,suspicious/suspicious_00128.jpg,additional_vid1,128
suspicious/additional_vid1_0129.jpg,suspicious/suspicious_00129.jpg,additional_vid1,129
suspicious/additional_vid1_0130.jpg,suspicious/suspicious_00130.jpg,additional_vid1,130
suspicious/additional_vid1_0131.jpg,suspicious/suspicious_00131.jpg,additional_vid1,131
suspicious/additional_vid1_0132.jpg,suspicious/suspicious_00132.jpg,additional_vid1,132
suspicious/additional_vid1_0133.jpg,suspicious/suspicious_00133.jpg,additional_vid1,133
suspicious/additional_vid1_0134.jpg,suspicious/suspicious_00134.jpg,additional_vid1,134
suspicious/additional_vid1_0135.jpg,suspicious/suspicious_00135.jpg,additional_vid1,135
suspicious/additional_vid1_0136.jpg,suspicious/suspicious_00136.jpg,additional_vid1,136
suspicious/additional_vid1_0137.jpg,suspicious/suspicious_00137.jpg,additional_vid1,137
suspicious/additional_vid1_0138.jpg,suspicious/suspicious_00138.jpg,additional_vid1,138
suspicious/additional_vid1_0139.jpg,suspicious/suspicious_00139.jpg,additional_vid1,139
suspicious/additional_vid1_0140.jpg,suspicious/suspicious_00140.jpg,additional_vid1,140
suspicious/additional_vid1_0141.jpg,suspicious/suspicious_00141.jpg,additional_vid1,141
suspicious/additional_vid1_0142.jpg,suspicious/suspicious_00142.jpg,additional_vid1,142
suspicious/additional_vid1_0143.jpg,suspicious/suspicious_00143.jpg,additional_vid1,143
suspicious/additional_vid1_0144.jpg,suspicious/suspicious_00144.jpg,additional_vid1,144
suspicious/additional_vid1_0145.jpg,suspicious/suspicious_00145.jpg,additional_vid1,145
suspicious/additional_vid1_0146.jpg,suspicious/suspicious_00146.jpg,additional_vid1,146
suspicious/additional_vid1_0147.jpg,suspicious/suspicious_00147.jpg,additional_vid1,147
suspicious/additional_vid1_0148.jpg,suspicious/suspicious_00148.jpg,additional_vid1,148
suspicious/additional_vid1_0149.jpg,suspicious/suspicious_00149.jpg,additional_vid1,149
suspicious/additional_vid1_0150.jpg,suspicious/suspicious_00150.jpg,additional_vid1,150
suspicious/additional_vid1_0151.jpg,suspicious/suspicious_00151.jpg,additional_vid1,151
suspicious/additional_vid1_0152.jpg,suspicious/suspicious_00152.jpg,additional_vid1,152
suspicious/additional_vid1_0153.jpg,suspicious/suspicious_00153.jpg,additional_vid1,153
suspicious/additional_vid1_0154.jpg,suspicious/suspicious_00154.jpg,additional_vid1,154
suspicious/additional_vid1_0155.jpg,suspicious/suspicious_00155.jpg,additional_vid1,155
suspicious/additional_vid1_0156.jpg,suspicious/suspicious_00156.jpg,additional_vid1,156
suspicious/additional_vid1_0157.jpg,suspicious/suspicious_00157.jpg,additional_vid1,157
suspicious/additional_vid1_0158.jpg,suspicious/suspicious_00158.jpg,additional_vid1,158
suspicious/additional_vid1_0159.jpg,suspicious/suspicious_00159.jpg,additional_vid1,159
suspicious/additional_vid1_0160.jpg,suspicious/suspicious_00160.jpg,additional_vid1,160
suspicious/additional_vid1_0161.jpg,suspicious/suspicious_00161.jpg,additional_vid1,161
suspicious/additional_vid1_0162.jpg,suspicious/suspicious_00162.jpg,additional_vid1,162
suspicious/additional_vid1_0163.jpg,suspicious/suspicious_00163.jpg,additional_vid1,163
suspicious/additional_vid1_0164.jpg,suspicious/suspicious_00164.jpg,additional_vid1,164
suspicious/additional_vid1_0165.jpg,suspicious/suspicious_00165.jpg,additional_vid1,165
suspicious/additional_vid1_0166.jpg,suspicious/suspicious_00166.jpg,additional_vid1,166
suspicious/additional_vid1_0167.jpg,suspicious/suspicious_00167.jpg,additional_vid1,167
suspicious/additional_vid1_0168.jpg,suspicious/suspicious_00168.jpg,additional_vid1,168
suspicious/additional_vid1_0169.jpg,suspicious/suspicious_00169.jpg,additional_vid1,169
suspicious/additional_vid1_0170.jpg,suspicious/suspicious_00170.jpg,additional_vid1,170
suspicious/additional_vid1_0171.jpg,suspicious/suspicious_00171.jpg,additional_vid1,171
suspicious/additional_vid1_0172.jpg,suspicious/suspicious_00172.jpg,additional_vid1,172
suspicious/additional_vid1_0173.jpg,suspicious/suspicious_00173.jpg,additional_vid1,173
suspicious/additional_vid1_0174.jpg,suspicious/suspicious_00174.jpg,additional_vid1,174
suspicious/additional_vid1_0175.jpg,suspicious/suspicious_00175.jpg,additional_vid1,175
suspicious/additional_vid1_0176.jpg,suspicious/suspicious_00176.jpg,additional_vid1,176
suspicious/additional_vid1_0177.jpg,suspicious/suspicious_00177.jpg,additional_vid1,177
suspicious/additional_vid1_0178.jpg,suspicious/suspicious_00178.jpg,additional_vid1,178
suspicious/additional_vid1_0179.jpg,suspicious/suspicious_00179.jpg,additional_vid1,179
suspicious/additional_vid1_0180.jpg,suspicious/suspicious_00180.jpg,additional_vid1,180
suspicious/additional_vid1_0181.jpg,suspicious/suspicious_00181.jpg,additional_vid1,181
suspicious/additional_vid1_0182.jpg,suspicious/suspicious_00182.jpg,additional_vid1,182
suspicious/additional_vid1_0183.jpg,suspicious/suspicious_00183.jpg,additional_vid1,183
suspicious/additional_vid1_0184.jpg,suspicious/suspicious_00184.jpg,additional_vid1,184
suspicious/additional_vid1_0185.jpg,suspicious/suspicious_00185.jpg,additional_vid1,185
suspicious/additional_vid1_0186.jpg,suspicious/suspicious_00186.jpg,additional_vid1,186
suspicious/additional_vid1_0187.jpg,suspicious/suspicious_00187.jpg,additional_vid1,187
suspicious/additional_vid1_0188.jpg,suspicious/suspicious_00188.jpg,additional_vid1,188
suspicious/additional_vid1_0189.jpg,suspicious/suspicious_00189.jpg,additional_vid1,189
suspicious/additional_vid1_0190.jpg,suspicious/suspicious_00190.jpg,additional_vid1,190
suspicious/additional_vid1_0191.jpg,suspicious/suspicious_00191.jpg,additional_vid1,191
suspicious/additional_vid1_0192.jpg,suspicious/suspicious_00192.jpg,additional_vid1,192
suspicious/additional_vid1_0193.jpg,suspicious/suspicious_00193.jpg,additional_vid1,193
suspicious/additional_vid1_0194.jpg,suspicious/suspicious_00194.jpg,additional_vid1,194
suspicious/additional_vid1_0195.jpg,suspicious/suspicious_00195.jpg,additional_vid1,195
suspicious/additional_vid1_0196.jpg,suspicious/suspicious_00196.jpg,additional_vid1,196
suspicious/additional_vid1_0197.jpg,suspicious/suspicious_00197.jpg,additional_vid1,197
suspicious/additional_vid1_0198.jpg,suspicious/suspicious_00198.jpg,additional_vid1,198
suspicious/additional_vid1_0199.jpg,suspicious/suspicious_00199.jpg,additional_vid1,199
suspicious/additional_vid1_0200.jpg,suspicious/suspicious_00200.jpg,additional_vid1,200
suspicious/additional_vid1_0201.jpg,suspicious/suspicious_00201.jpg,additional_vid1,201
suspicious/additional_vid1_0202.jpg,suspicious/suspicious_00202.jpg,additional_vid1,202
suspicious/additional_vid1_0203.jpg,suspicious/suspicious_00203.jpg,additional_vid1,203
suspicious/additional_vid1_0204.jpg,suspicious/suspicious_00204.jpg,additional_vid1,204
suspicious/additional_vid1_0205.jpg,suspicious/suspicious_00205.jpg,additional_vid1,205
suspicious/additional_vid1_0206.jpg,suspicious/suspicious_00206.jpg,additional_vid1,206
suspicious/additional_vid1_0207.jpg,suspicious/suspicious_00207.jpg,additional_vid1,207
suspicious/additional_vid1_0208.jpg,suspicious/suspicious_00208.jpg,additional_vid1,208
suspicious/additional_vid1_0209.jpg,suspicious/suspicious_00209.jpg,additional_vid1,209
suspicious/additional_vid1_0210.jpg,suspicious/suspicious_00210.jpg,additional_vid1,210
suspicious/additional_vid1_0211.jpg,suspicious/suspicious_00211.jpg,additional_vid1,211
suspicious/additional_vid1_0212.jpg,suspicious/suspicious_00212.jpg,additional_vid1,212
suspicious/additional_vid1_0213.jpg,suspicious/suspicious_00213.jpg,additional_vid1,213
suspicious/additional_vid1_0214.jpg,suspicious/suspicious_00214.jpg,additional_vid1,214
suspicious/additional_vid1_0215.jpg,suspicious/suspicious_00215.jpg,additional_vid1,215
suspicious/additional_vid1_0216.jpg,suspicious/suspicious_00216.jpg,additional_vid1,216
suspicious/additional_vid1_0217.jpg,suspicious/suspicious_00217.jpg,additional_vid1,217
suspicious/additional_vid1_0218.jpg,suspicious/suspicious_00218.jpg,additional_vid1,218
suspicious/additional_vid1_0219.jpg,suspicious/suspicious_00219.jpg,additional_vid1,219
suspicious/additional_vid1_0220.jpg,suspicious/suspicious_00220.jpg,additional_vid1,220
suspicious/additional_vid1_0221.jpg,suspicious/suspicious_00221.jpg,additional_vid1,221
suspicious/additional_vid1_0222.jpg,suspicious/suspicious_00222.jpg,additional_vid1,222
suspicious/additional_vid1_0223.jpg,suspicious/suspicious_00223.jpg,additional_vid1,223
suspicious/additional_vid1_0224.jpg,suspicious/suspicious_00224.jpg,additional_vid1,224
suspicious/additional_vid1_0225.jpg,suspicious/suspicious_00225.jpg,additional_vid1,225
suspicious/additional_vid1_0226.jpg,suspicious/suspicious_00226.jpg,additional_vid1,226
suspicious/additional_vid1_0227.jpg,suspicious/suspicious_00227.jpg,additional_vid1,227
suspicious/additional_vid1_0228.jpg,suspicious/suspicious_00228.jpg,additional_vid1,228
suspicious/additional_vid1_0229.jpg,suspicious/suspicious_00229.jpg,additional_vid1,229
suspicious/additional_vid1_0230.jpg,suspicious/suspicious_00230.jpg,additional_vid1,230
suspicious/additional_vid1_0231.jpg,suspicious/suspicious_00231.jpg,additional_vid1,231
suspicious/additional_vid1_0232.jpg,suspicious/suspicious_00232.jpg,additional_vid1,232
suspicious/additional_vid1_0233.jpg,suspicious/suspicious_00233.jpg,additional_vid1,233
suspicious/additional_vid1_0234.jpg,suspicious/suspicious_00234.jpg,additional_vid1,234
suspicious/additional_vid1_0235.jpg,suspicious/suspicious_00235.jpg,additional_vid1,235
suspicious/additional_vid1_0236.jpg,suspicious/suspicious_00236.jpg,additional_vid1,236
suspicious/additional_vid1_0237.jpg,suspicious/suspicious_00237.jpg,additional_vid1,237
suspicious/additional_vid1_0238.jpg,suspicious/suspicious_00238.jpg,additional_vid1,238
suspicious/additional_vid1_0239.jpg,suspicious/suspicious_00239.jpg,additional_vid1,239
suspicious/additional_vid1_0240.jpg,suspicious/suspicious_00240.jpg,additional_vid1,240
suspicious/additional_vid1_0241.jpg,suspicious/suspicious_00241.jpg,additional_vid1,241
suspicious/additional_vid1_0242.jpg,suspicious/suspicious_00242.jpg,additional_vid1,242
suspicious/additional_vid1_0243.jpg,suspicious/suspicious_00243.jpg,additional_vid1,243
suspicious/additional_vid1_0244.jpg,suspicious/suspicious_00244.jpg,additional_vid1,244
suspicious/additional_vid1_0245.jpg,suspicious/suspicious_00245.jpg,additional_vid1,245
suspicious/additional_vid1_0246.jpg,suspicious/suspicious_00246.jpg,additional_vid1,246
suspicious/additional_vid1_0247.jpg,suspicious/suspicious_00247.jpg,additional_vid1,247
suspicious/additional_vid1_0248.jpg,suspicious/suspicious_00248.jpg,additional_vid1,248
suspicious/additional_vid1_0249.jpg,suspicious/suspicious_00249.jpg,additional_vid1,249
suspicious/additional_vid1_0250.jpg,suspicious/suspicious_00250.jpg,additional_vid1,250
suspicious/additional_vid1_0251.jpg,suspicious/suspicious_00251.jpg,additional_vid1,251
suspicious/additional_vid1_0252.jpg,suspicious/suspicious_00252.jpg,additional_vid1,252
suspicious/additional_vid1_0253.jpg,suspicious/suspicious_00253.jpg,additional_vid1,253
suspicious/additional_vid1_0254.jpg,suspicious/suspicious_00254.jpg,additional_vid1,254
suspicious/additional_vid1_0255.jpg,suspicious/suspicious_00255.jpg,additional_vid1,255
suspicious/additional_vid1_0256.jpg,suspicious/suspicious_00256.jpg,additional_vid1,256
suspicious/additional_vid1_0257.jpg,suspicious/suspicious_00257.jpg,additional_vid1,257
suspicious/additional_vid1_0258.jpg,suspicious/suspicious_00258.jpg,additional_vid1,258
suspicious/additional_vid1_0259.jpg,suspicious/suspicious_00259.jpg,additional_vid1,259
suspicious/additional_vid1_0260.jpg,suspicious/suspicious_00260.jpg,additional_vid1,260
suspicious/additional_vid1_0261.jpg,suspicious/suspicious_00261.jpg,additional_vid1,261
suspicious/additional_vid1_0262.jpg,suspicious/suspicious_00262.jpg,additional_vid1,262
suspicious/additional_vid1_0263.jpg,suspicious/suspicious_00263.jpg,additional_vid1,263
suspicious/additional_vid1_0264.jpg,suspicious/suspicious_00264.jpg,additional_vid1,264
suspicious/additional_vid1_0265.jpg,suspicious/suspicious_00265.jpg,additional_vid1,265
suspicious/additional_vid1_0266.jpg,suspicious/suspicious_00266.jpg,additional_vid1,266
suspicious/additional_vid1_0267.jpg,suspicious/suspicious_00267.jpg,additional_vid1,267
suspicious/additional_vid1_0268.jpg,suspicious/suspicious_00268.jpg,additional_vid1,268
suspicious/additional_vid1_0269.jpg,suspicious/suspicious_00269.jpg,additional_vid1,269
suspicious/additional_vid1_0270.jpg,suspicious/suspicious_00270.jpg,additional_vid1,270
suspicious/additional_vid1_0271.jpg,suspicious/suspicious_00271.jpg,additional_vid1,271
suspicious/additional_vid1_0272.jpg,suspicious/suspicious_00272.jpg,additional_vid1,272
suspicious/additional_vid1_0273.jpg,suspicious/suspicious_00273.jpg,additional_vid1,273
suspicious/additional_vid1_0274.jpg,suspicious/suspicious_00274.jpg,additional_vid1,274
suspicious/additional_vid1_0275.jpg,suspicious/suspicious_00275.jpg,additional_vid1,275
suspicious/additional_vid1_0276.jpg,suspicious/suspicious_00276.jpg,additional_vid1,276
suspicious/additional_vid1_0277.jpg,suspicious/suspicious_00277.jpg,additional_vid1,277
suspicious/additional_vid1_0278.jpg,suspicious/suspicious_00278.jpg,additional_vid1,278
suspicious/additional_vid1_0279.jpg,suspicious/suspicious_00279.jpg,additional_vid1,279
suspicious/additional_vid1_0280.jpg,suspicious/suspicious_00280.jpg,additional_vid1,280
suspicious/additional_vid1_0281.jpg,suspicious/suspicious_00281.jpg,additional_vid1,281
suspicious/additional_vid1_0282.jpg,suspicious/suspicious_00282.jpg,additional_vid1,282
suspicious/additional_vid1_0283.jpg,suspicious/suspicious_00283.jpg,additional_vid1,283
suspicious/additional_vid1_0284.jpg,suspicious/suspicious_00284.jpg,additional_vid1,284
suspicious/additional_vid1_0285.jpg,suspicious/suspicious_00285.jpg,additional_vid1,285
suspicious/additional_vid1_0286.jpg,suspicious/suspicious_00286.jpg,additional_vid1,286
suspicious/additional_vid1_0287.jpg,suspicious/suspicious_00287.jpg,additional_vid1,287
suspicious/additional_vid1_0288.jpg,suspicious/suspicious_00288.jpg,additional_vid1,288
suspicious/additional_vid1_0289.jpg,suspicious/suspicious_00289.jpg,additional_vid1,289
suspicious/additional_vid1_0290.jpg,suspicious/suspicious_00290.jpg,additional_vid1,290
suspicious/additional_vid1_0291.jpg,suspicious/suspicious_00291.jpg,additional_vid1,291
suspicious/additional_vid2_0001.jpg,suspicious/suspicious_00292.jpg,additional_vid2,1
suspicious/additional_vid2_0002.jpg,suspicious/suspicious_00293.jpg,additional_vid2,2
suspicious/additional_vid2_0003.jpg,suspicious/suspicious_00294.jpg,additional_vid2,3
suspicious/additional_vid2_0004.jpg,suspicious/suspicious_00295.jpg,additional_vid2,4
suspicious/additional_vid2_0005.jpg,suspicious/suspicious_00296.jpg,additional_vid2,5
suspicious/additional_vid2_0006.jpg,suspicious/suspicious_00297.jpg,additional_vid2,6
suspicious/additional_vid2_0007.jpg,suspicious/suspicious_00298.jpg,additional_vid2,7
suspicious/additional_vid2_0008.jpg,suspicious/suspicious_00299.jpg,additional_vid2,8
suspicious/additional_vid2_0009.jpg,suspicious/suspicious_00300.jpg,additional_vid2,9
suspicious/additional_vid2_0010.jpg,suspicious/suspicious_00301.jpg,additional_vid2,10
suspicious/additional_vid2_0011.jpg,suspicious/suspicious_00302.jpg,additional_vid2,11
suspicious/additional_vid2_0012.jpg,suspicious/suspicious_00303.jpg,additional_vid2,12
suspicious/additional_vid2_0013.jpg,suspicious/suspicious_00304.jpg,additional_vid2,13
suspicious/additional_vid2_0014.jpg,suspicious/suspicious_00305.jpg,additional_vid2,14
suspicious/additional_vid2_0015.jpg,suspicious/suspicious_00306.jpg,additional_vid2,15
suspicious/additional_vid2_0016.jpg,suspicious/suspicious_00307.jpg,additional_vid2,16
suspicious/additional_vid2_0017.jpg,suspicious/suspicious_00308.jpg,additional_vid2,17
suspicious/additional_vid2_0018.jpg,suspicious/suspicious_00309.jpg,additional_vid2,18
suspicious/additional_vid2_0019.jpg,suspicious/suspicious_00310.jpg,additional_vid2,19
suspicious/additional_vid2_0020.jpg,suspicious/suspicious_00311.jpg,additional_vid2,20
suspicious/additional_vid2_0021.jpg,suspicious/suspicious_00312.jpg,additional_vid2,21
suspicious/additional_vid2_0022.jpg,suspicious/suspicious_00313.jpg,additional_vid2,22
suspicious/additional_vid2_0023.jpg,suspicious/suspicious_00314.jpg,additional_vid2,23
suspicious/additional_vid2_0024.jpg,suspicious/suspicious_00315.jpg,additional_vid2,24
suspicious/additional_vid2_0025.jpg,suspicious/suspicious_00316.jpg,additional_vid2,25
suspicious/additional_vid2_0026.jpg,suspicious/suspicious_00317.jpg,additional_vid2,26
suspicious/additional_vid2_0027.jpg,suspicious/suspicious_00318.jpg,additional_vid2,27
suspicious/additional_vid2_0028.jpg,suspicious/suspicious_00319.jpg,additional_vid2,28
suspicious/additional_vid2_0029.jpg,suspicious/suspicious_00320.jpg,additional_vid2,29
suspicious/additional_vid2_0030.jpg,suspicious/suspicious_00321.jpg,additional_vid2,30
suspicious/additional_vid2_0031.jpg,suspicious/suspicious_00322.jpg,additional_vid2,31
suspicious/additional_vid2_0032.jpg,suspicious/suspicious_00323.jpg,additional_vid2,32
suspicious/additional_vid2_0033.jpg,suspicious/suspicious_00324.jpg,additional_vid2,33
suspicious/additional_vid2_0034.jpg,suspicious/suspicious_00325.jpg,additional_vid2,34
suspicious/additional_vid2_0035.jpg,suspicious/suspicious_00326.jpg,additional_vid2,35
suspicious/additional_vid2_0036.jpg,suspicious/suspicious_00327.jpg,additional_vid2,36
suspicious/additional_vid2_0037.jpg,suspicious/suspicious_00328.jpg,additional_vid2,37
suspicious/additional_vid2_0038.jpg,suspicious/suspicious_00329.jpg,additional_vid2,38
suspicious/additional_vid2_0039.jpg,suspicious/suspicious_00330.jpg,additional_vid2,39
suspicious/additional_vid2_0040.jpg,suspicious/suspicious_00331.jpg,additional_vid2,40
suspicious/additional_vid2_0041.jpg,suspicious/suspicious_00332.jpg,additional_vid2,41
suspicious/additional_vid2_0042.jpg,suspicious/suspicious_00333.jpg,additional_vid2,42
suspicious/additional_vid2_0043.jpg,suspicious/suspicious_00334.jpg,additional_vid2,43
suspicious/additional_vid2_0044.jpg,suspicious/suspicious_00335.jpg,additional_vid2,44
suspicious/additional_vid2_0045.jpg,suspicious/suspicious_00336.jpg,additional_vid2,45
suspicious/additional_vid2_0046.jpg,suspicious/suspicious_00337.jpg,additional_vid2,46
suspicious/additional_vid2_0047.jpg,suspicious/suspicious_00338.jpg,additional_vid2,47
suspicious/additional_vid2_0048.jpg,suspicious/suspicious_00339.jpg,additional_vid2,48
suspicious/additional_vid2_0049.jpg,suspicious/suspicious_00340.jpg,additional_vid2,49
suspicious/additional_vid2_0050.jpg,suspicious/suspicious_00341.jpg,additional_vid2,50
suspicious/additional_vid2_0051.jpg,suspicious/suspicious_00342.jpg,additional_vid2,51
suspicious/additional_vid2_0052.jpg,suspicious/suspicious_00343.jpg,additional_vid2,52
suspicious/additional_vid2_0053.jpg,suspicious/suspicious_00344.jpg,additional_vid2,53
suspicious/additional_vid2_0054.jpg,suspicious/suspicious_00345.jpg,additional_vid2,54
suspicious/additional_vid2_0055.jpg,suspicious/suspicious_00346.jpg,additional_vid2,55
suspicious/additional_vid2_0056.jpg,suspicious/suspicious_00347.jpg,additional_vid2,56
suspicious/additional_vid2_0057.jpg,suspicious/suspicious_00348.jpg,additional_vid2,57
suspicious/additional_vid2_0058.jpg,suspicious/suspicious_00349.jpg,additional_vid2,58
suspicious/additional_vid2_0059.jpg,suspicious/suspicious_00350.jpg,additional_vid2,59
suspicious/additional_vid2_0060.jpg,suspicious/suspicious_00351.jpg,additional_vid2,60
suspicious/additional_vid2_0061.jpg,suspicious/suspicious_00352.jpg,additional_vid2,61
suspicious/additional_vid2_0062.jpg,suspicious/suspicious_00353.jpg,additional_vid2,62
suspicious/additional_vid2_0063.jpg,suspicious/suspicious_00354.jpg,additional_vid2,63
suspicious/additional_vid2_0064.jpg,suspicious/suspicious_00355.jpg,additional_vid2,64
suspicious/additional_vid2_0065.jpg,suspicious/suspicious_00356.jpg,additional_vid2,65
suspicious/additional_vid2_0066.jpg,suspicious/suspicious_00357.jpg,additional_vid2,66
suspicious/additional_vid2_0067.jpg,suspicious/suspicious_00358.jpg,additional_vid2,67
suspicious/additional_vid2_0068.jpg,suspicious/suspicious_00359.jpg,additional_vid2,68
suspicious/additional_vid2_0069.jpg,suspicious/suspicious_00360.jpg,additional_vid2,69
suspicious/additional_vid2_0070.jpg,suspicious/suspicious_00361.jpg,additional_vid2,70
suspicious/additional_vid2_0071.jpg,suspicious/suspicious_00362.jpg,additional_vid2,71
suspicious/additional_vid2_0072.jpg,suspicious/suspicious_00363.jpg,additional_vid2,72
suspicious/additional_vid2_0073.jpg,suspicious/suspicious_00364.jpg,additional_vid2,73
suspicious/additional_vid2_0074.jpg,suspicious/suspicious_00365.jpg,additional_vid2,74
suspicious/additional_vid2_0075.jpg,suspicious/suspicious_00366.jpg,additional_vid2,75
suspicious/additional_vid2_0076.jpg,suspicious/suspicious_00367.jpg,additional_vid2,76
suspicious/additional_vid2_0077.jpg,suspicious/suspicious_00368.jpg,additional_vid2,77
suspicious/additional_vid2_0078.jpg,suspicious/suspicious_00369.jpg,additional_vid2,78
suspicious/additional_vid2_0079.jpg,suspicious/suspicious_00370.jpg,additional_vid2,79
suspicious/additional_vid2_0080.jpg,suspicious/suspicious_00371.jpg,additional_vid2,80
suspicious/additional_vid2_0081.jpg,suspicious/suspicious_00372.jpg,additional_vid2,81
suspicious/additional_vid2_0082.jpg,suspicious/suspicious_00373.jpg,additional_vid2,82
suspicious/additional_vid2_0083.jpg,suspicious/suspicious_00374.jpg,additional_vid2,83
suspicious/additional_vid2_0084.jpg,suspicious/suspicious_00375.jpg,additional_vid2,84
suspicious/additional_vid2_0085.jpg,suspicious/suspicious_00376.jpg,additional_vid2,85
suspicious/additional_vid2_0086.jpg,suspicious/suspicious_00377.jpg,additional_vid2,86
suspicious/additional_vid2_0087.jpg,suspicious/suspicious_00378.jpg,additional_vid2,87
suspicious/additional_vid2_0088.jpg,suspicious/suspicious_00379.jpg,additional_vid2,88
suspicious/additional_vid2_0089.jpg,suspicious/suspicious_00380.jpg,additional_vid2,89
suspicious/additional_vid2_0090.jpg,suspicious/suspicious_00381.jpg,additional_vid2,90
suspicious/additional_vid2_0091.jpg,suspicious/suspicious_00382.jpg,additional_vid2,91
suspicious/additional_vid2_0092.jpg,suspicious/suspicious_00383.jpg,additional_vid2,92
suspicious/additional_vid2_0093.jpg,suspicious/suspicious_00384.jpg,additional_vid2,93
suspicious/additional_vid2_0094.jpg,suspicious/suspicious_00385.jpg,additional_vid2,94
suspicious/additional_vid2_0095.jpg,suspicious/suspicious_00386.jpg,additional_vid2,95
suspicious/additional_vid2_0096.jpg,suspicious/suspicious_00387.jpg,additional_vid2,96
suspicious/additional_vid2_0097.jpg,suspicious/suspicious_00388.jpg,additional_vid2,97
suspicious/additional_vid2_0098.jpg,suspicious/suspicious_00389.jpg,additional_vid2,98
suspicious/additional_vid2_0099.jpg,suspicious/suspicious_00390.jpg,additional_vid2,99
suspicious/additional_vid2_0100.jpg,suspicious/suspicious_00391.jpg,additional_vid2,100
suspicious/additional_vid2_0101.jpg,suspicious/suspicious_00392.jpg,additional_vid2,101
suspicious/additional_vid2_0102.jpg,suspicious/suspicious_00393.jpg,additional_vid2,102
suspicious/additional_vid2_0103.jpg,suspicious/suspicious_00394.jpg,additional_vid2,103
suspicious/additional_vid2_0104.jpg,suspicious/suspicious_00395.jpg,additional_vid2,104
suspicious/additional_vid2_0105.jpg,suspicious/suspicious_00396.jpg,additional_vid2,105
suspicious/additional_vid2_0106.jpg,suspicious/suspicious_00397.jpg,additional_vid2,106
suspicious/additional_vid2_0107.jpg,suspicious/suspicious_00398.jpg,additional_vid2,107
suspicious/additional_vid2_0108.jpg,suspicious/suspicious_00399.jpg,additional_vid2,108
suspicious/additional_vid2_0109.jpg,suspicious/suspicious_00400.jpg,additional_vid2,109
suspicious/additional_vid2_0110.jpg,suspicious/suspicious_00401.jpg,additional_vid2,110
suspicious/additional_vid2_0111.jpg,suspicious/suspicious_00402.jpg,additional_vid2,111
suspicious/additional_vid2_0112.jpg,suspicious/suspicious_00403.jpg,additional_vid2,112
suspicious/additional_vid2_0113.jpg,suspicious/suspicious_00404.jpg,additional_vid2,113
suspicious/additional_vid2_0114.jpg,suspicious/suspicious_00405.jpg,additional_vid2,114
suspicious/additional_vid2_0115.jpg,suspicious/suspicious_00406.jpg,additional_vid2,115
suspicious/additional_vid2_0116.jpg,suspicious/suspicious_00407.jpg,additional_vid2,116
suspicious/additional_vid2_0117.jpg,suspicious/suspicious_00408.jpg,additional_vid2,117
suspicious/additional_vid2_0118.jpg,suspicious/suspicious_00409.jpg,additional_vid2,118
suspicious/additional_vid2_0119.jpg,suspicious/suspicious_00410.jpg,additional_vid2,119
suspicious/additional_vid2_0120.jpg,suspicious/suspicious_00411.jpg,additional_vid2,120
suspicious/additional_vid2_0121.jpg,suspicious/suspicious_00412.jpg,additional_vid2,121
suspicious/additional_vid2_0122.jpg,suspicious/suspicious_00413.jpg,additional_vid2,122
suspicious/additional_vid2_0123.jpg,suspicious/suspicious_00414.jpg,additional_vid2,123
suspicious/additional_vid2_0124.jpg,suspicious/suspicious_00415.jpg,additional_vid2,124
suspicious/additional_vid2_0125.jpg,suspicious/suspicious_00416.jpg,additional_vid2,125
suspicious/additional_vid2_0126.jpg,suspicious/suspicious_00417.jpg,additional_vid2,126
suspicious/additional_vid2_0127.jpg,suspicious/suspicious_00418.jpg,additional_vid2,127
suspicious/additional_vid2_0128.jpg,suspicious/suspicious_00419.jpg,additional_vid2,128
suspicious/additional_vid2_0129.jpg,suspicious/suspicious_00420.jpg,additional_vid2,129
suspicious/additional_vid2_0130.jpg,suspicious/suspicious_00421.jpg,additional_vid2,130
suspicious/additional_vid2_0131.jpg,suspicious/suspicious_00422.jpg,additional_vid2,131
suspicious/additional_vid2_0132.jpg,suspicious/suspicious_00423.jpg,additional_vid2,132
suspicious/additional_vid2_0133.jpg,suspicious/suspicious_00424.jpg,additional_vid2,133
suspicious/additional_vid2_0134.jpg,suspicious/suspicious_00425.jpg,additional_vid2,134
suspicious/additional_vid2_0135.jpg,suspicious/suspicious_00426.jpg,additional_vid2,135
suspicious/additional_vid2_0136.jpg,suspicious/suspicious_00427.jpg,additional_vid2,136
suspicious/additional_vid2_0137.jpg,suspicious/suspicious_00428.jpg,additional_vid2,137
suspicious/additional_vid2_0138.jpg,suspicious/suspicious_00429.jpg,additional_vid2,138
suspicious/additional_vid2_0139.jpg,suspicious/suspicious_00430.jpg,additional_vid2,139
suspicious/additional_vid2_0140.jpg,suspicious/suspicious_00431.jpg,additional_vid2,140
suspicious/additional_vid2_0141.jpg,suspicious/suspicious_00432.jpg,additional_vid2,141
suspicious/additional_vid2_0142.jpg,suspicious/suspicious_00433.jpg,additional_vid2,142
suspicious/additional_vid2_0143.jpg,suspicious/suspicious_00434.jpg,additional_vid2,143
suspicious/additional_vid2_0144.jpg,suspicious/suspicious_00435.jpg,additional_vid2,144
suspicious/additional_vid2_0145.jpg,suspicious/suspicious_00436.jpg,additional_vid2,145
suspicious/additional_vid2_0146.jpg,suspicious/suspicious_00437.jpg,additional_vid2,146
suspicious/additional_vid2_0147.jpg,suspicious/suspicious_00438.jpg,additional_vid2,147
suspicious/additional_vid2_0148.jpg,suspicious/suspicious_00439.jpg,additional_vid2,148
suspicious/additional_vid2_0149.jpg,suspicious/suspicious_00440.jpg,additional_vid2,149
suspicious/additional_vid2_0150.jpg,suspicious/suspicious_00441.jpg,additional_vid2,150
suspicious/additional_vid2_0151.jpg,suspicious/suspicious_00442.jpg,additional_vid2,151
suspicious/additional_vid2_0152.jpg,suspicious/suspicious_00443.jpg,additional_vid2,152
suspicious/additional_vid2_0153.jpg,suspicious/suspicious_00444.jpg,additional_vid2,153
suspicious/additional_vid2_0154.jpg,suspicious/suspicious_00445.jpg,additional_vid2,154
suspicious/additional_vid2_0155.jpg,suspicious/suspicious_00446.jpg,additional_vid2,155
suspicious/additional_vid2_0156.jpg,suspicious/suspicious_00447.jpg,additional_vid2,156
suspicious/additional_vid2_0157.jpg,suspicious/suspicious_00448.jpg,additional_vid2,157
suspicious/additional_vid2_0158.jpg,suspicious/suspicious_00449.jpg,additional_vid2,158
suspicious/additional_vid2_0159.jpg,suspicious/suspicious_00450.jpg,additional_vid2,159
suspicious/additional_vid2_0160.jpg,suspicious/suspicious_00451.jpg,additional_vid2,160
suspicious/additional_vid2_0161.jpg,suspicious/suspicious_00452.jpg,additional_vid2,161
suspicious/additional_vid2_0162.jpg,suspicious/suspicious_00453.jpg,additional_vid2,162
suspicious/additional_vid2_0163.jpg,suspicious/suspicious_00454.jpg,additional_vid2,163
suspicious/additional_vid2_0164.jpg,suspicious/suspicious_00455.jpg,additional_vid2,164
suspicious/additional_vid2_0165.jpg,suspicious/suspicious_00456.jpg,additional_vid2,165
suspicious/additional_vid2_0166.jpg,suspicious/suspicious_00457.jpg,additional_vid2,166
suspicious/additional_vid2_0167.jpg,suspicious/suspicious_00458.jpg,additional_vid2,167
suspicious/additional_vid2_0168.jpg,suspicious/suspicious_00459.jpg,additional_vid2,168
suspicious/additional_vid2_0169.jpg,suspicious/suspicious_00460.jpg,additional_vid2,169
suspicious/additional_vid2_0170.jpg,suspicious/suspicious_00461.jpg,additional_vid2,170
suspicious/additional_vid2_0171.jpg,suspicious/suspicious_00462.jpg,additional_vid2,171
suspicious/additional_vid2_0172.jpg,suspicious/suspicious_00463.jpg,additional_vid2,172
suspicious/additional_vid2_0173.jpg,suspicious/suspicious_00464.jpg,additional_vid2,173
suspicious/additional_vid2_0174.jpg,suspicious/suspicious_00465.jpg,additional_vid2,174
suspicious/additional_vid2_0175.jpg,suspicious/suspicious_00466.jpg,additional_vid2,175
suspicious/additional_vid2_0176.jpg,suspicious/suspicious_00467.jpg,additional_vid2,176
suspicious/additional_vid2_0177.jpg,suspicious/suspicious_00468.jpg,additional_vid2,177
suspicious/additional_vid2_0178.jpg,suspicious/suspicious_00469.jpg,additional_vid2,178
suspicious/additional_vid2_0179.jpg,suspicious/suspicious_00470.jpg,additional_vid2,179
suspicious/additional_vid2_0180.jpg,suspicious/suspicious_00471.jpg,additional_vid2,180
suspicious/additional_vid2_0181.jpg,suspicious/suspicious_00472.jpg,additional_vid2,181
suspicious/additional_vid2_0182.jpg,suspicious/suspicious_00473.jpg,additional_vid2,182
suspicious/additional_vid2_0183.jpg,suspicious/suspicious_00474.jpg,additional_vid2,183
suspicious/additional_vid2_0184.jpg,suspicious/suspicious_00475.jpg,additional_vid2,184
suspicious/additional_vid2_0185.jpg,suspicious/suspicious_00476.jpg,additional_vid2,185
suspicious/additional_vid2_0186.jpg,suspicious/suspicious_00477.jpg,additional_vid2,186
suspicious/additional_vid2_0187.jpg,suspicious/suspicious_00478.jpg,additional_vid2,187
suspicious/additional_vid2_0188.jpg,suspicious/suspicious_00479.jpg,additional_vid2,188
suspicious/additional_vid2_0189.jpg,suspicious/suspicious_00480.jpg,additional_vid2,189
suspicious/additional_vid2_0190.jpg,suspicious/suspicious_00481.jpg,additional_vid2,190
suspicious/additional_vid2_0191.jpg,suspicious/suspicious_00482.jpg,additional_vid2,191
suspicious/additional_vid2_0192.jpg,suspicious/suspicious_00483.jpg,additional_vid2,192
suspicious/additional_vid2_0193.jpg,suspicious/suspicious_00484.jpg,additional_vid2,193
suspicious/additional_vid2_0194.jpg,suspicious/suspicious_00485.jpg,additional_vid2,194
suspicious/additional_vid2_0195.jpg,suspicious/suspicious_00486.jpg,additional_vid2,195
suspicious/additional_vid2_0196.jpg,suspicious/suspicious_00487.jpg,additional_vid2,196
suspicious/additional_vid2_0197.jpg,suspicious/suspicious_00488.jpg,additional_vid2,197
suspicious/additional_vid2_0198.jpg,suspicious/suspicious_00489.jpg,additional_vid2,198
suspicious/additional_vid2_0199.jpg,suspicious/suspicious_00490.jpg,additional_vid2,199
suspicious/additional_vid2_0200.jpg,suspicious/suspicious_00491.jpg,additional_vid2,200
suspicious/additional_vid2_0201.jpg,suspicious/suspicious_00492.jpg,additional_vid2,201
suspicious/additional_vid2_0202.jpg,suspicious/suspicious_00493.jpg,additional_vid2,202
suspicious/additional_vid2_0203.jpg,suspicious/suspicious_00494.jpg,additional_vid2,203
suspicious/additional_vid2_0204.jpg,suspicious/suspicious_00495.jpg,additional_vid2,204
suspicious/additional_vid2_0205.jpg,suspicious/suspicious_00496.jpg,additional_vid2,205
suspicious/additional_vid2_0206.jpg,suspicious/suspicious_00497.jpg,additional_vid2,206
suspicious/additional_vid2_0207.jpg,suspicious/suspicious_00498.jpg,additional_vid2,207
suspicious/additional_vid2_0208.jpg,suspicious/suspicious_00499.jpg,additional_vid2,208
suspicious/additional_vid2_0209.jpg,suspicious/suspicious_00500.jpg,additional_vid2,209
suspicious/additional_vid2_0210.jpg,suspicious/suspicious_00501.jpg,additional_vid2,210
suspicious/additional_vid2_0211.jpg,suspicious/suspicious_00502.jpg,additional_vid2,211
suspicious/additional_vid2_0212.jpg,suspicious/suspicious_00503.jpg,additional_vid2,212
suspicious/additional_vid2_0213.jpg,suspicious/suspicious_00504.jpg,additional_vid2,213
suspicious/additional_vid2_0214.jpg,suspicious/suspicious_00505.jpg,additional_vid2,214
suspicious/additional_vid2_0215.jpg,suspicious/suspicious_00506.jpg,additional_vid2,215
suspicious/additional_vid2_0216.jpg,suspicious/suspicious_00507.jpg,additional_vid2,216
suspicious/additional_vid2_0217.jpg,suspicious/suspicious_00508.jpg,additional_vid2,217
suspicious/additional_vid2_0218.jpg,suspicious/suspicious_00509.jpg,additional_vid2,218
suspicious/additional_vid2_0219.jpg,suspicious/suspicious_00510.jpg,additional_vid2,219
suspicious/additional_vid2_0220.jpg,suspicious/suspicious_00511.jpg,additional_vid2,220
suspicious/additional_vid2_0221.jpg,suspicious/suspicious_00512.jpg,additional_vid2,221
suspicious/additional_vid2_0222.jpg,suspicious/suspicious_00513.jpg,additional_vid2,222
suspicious/additional_vid2_0223.jpg,suspicious/suspicious_00514.jpg,additional_vid2,223
suspicious/additional_vid2_0224.jpg,suspicious/suspicious_00515.jpg,additional_vid2,224
suspicious/additional_vid2_0225.jpg,suspicious/suspicious_00516.jpg,additional_vid2,225
suspicious/additional_vid2_0226.jpg,suspicious/suspicious_00517.jpg,additional_vid2,226
suspicious/additional_vid2_0227.jpg,suspicious/suspicious_00518.jpg,additional_vid2,227
suspicious/additional_vid2_0228.jpg,suspicious/suspicious_00519.jpg,additional_vid2,228
suspicious/additional_vid2_0229.jpg,suspicious/suspicious_00520.jpg,additional_vid2,229
suspicious/additional_vid2_0230.jpg,suspicious/suspicious_00521.jpg,additional_vid2,230
suspicious/additional_vid2_0231.jpg,suspicious/suspicious_00522.jpg,additional_vid2,231
suspicious/additional_vid2_0232.jpg,suspicious/suspicious_00523.jpg,additional_vid2,232
suspicious/additional_vid2_0233.jpg,suspicious/suspicious_00524.jpg,additional_vid2,233
suspicious/additional_vid2_0234.jpg,suspicious/suspicious_00525.jpg,additional_vid2,234
suspicious/additional_vid2_0235.jpg,suspicious/suspicious_00526.jpg,additional_vid2,235
suspicious/additional_vid2_0236.jpg,suspicious/suspicious_00527.jpg,additional_vid2,236
suspicious/additional_vid2_0237.jpg,suspicious/suspicious_00528.jpg,additional_vid2,237
suspicious/additional_vid2_0238.jpg,suspicious/suspicious_00529.jpg,additional_vid2,238
suspicious/additional_vid2_0239.jpg,suspicious/suspicious_00530.jpg,additional_vid2,239
suspicious/additional_vid2_0240.jpg,suspicious/suspicious_00531.jpg,additional_vid2,240
suspicious/additional_vid2_0241.jpg,suspicious/suspicious_00532.jpg,additional_vid2,241
suspicious/additional_vid2_0242.jpg,suspicious/suspicious_00533.jpg,additional_vid2,242
suspicious/additional_vid2_0243.jpg,suspicious/suspicious_00534.jpg,additional_vid2,243
suspicious/additional_vid2_0244.jpg,suspicious/suspicious_00535.jpg,additional_vid2,244
suspicious/additional_vid2_0245.jpg,suspicious/suspicious_00536.jpg,additional_vid2,245
suspicious/additional_vid2_0246.jpg,suspicious/suspicious_00537.jpg,additional_vid2,246
suspicious/additional_vid2_0247.jpg,suspicious/suspicious_00538.jpg,additional_vid2,247
suspicious/additional_vid2_0248.jpg,suspicious/suspicious_00539.jpg,additional_vid2,248
suspicious/additional_vid2_0249.jpg,suspicious/suspicious_00540.jpg,additional_vid2,249
suspicious/additional_vid2_0250.jpg,suspicious/suspicious_00541.jpg,additional_vid2,250
suspicious/additional_vid2_0251.jpg,suspicious/suspicious_00542.jpg,additional_vid2,251
suspicious/additional_vid2_0252.jpg,suspicious/suspicious_00543.jpg,additional_vid2,252
suspicious/additional_vid2_0253.jpg,suspicious/suspicious_00544.jpg,additional_vid2,253
suspicious/additional_vid2_0254.jpg,suspicious/suspicious_00545.jpg,additional_vid2,254
suspicious/additional_vid2_0255.jpg,suspicious/suspicious_00546.jpg,additional_vid2,255
suspicious/additional_vid2_0256.jpg,suspicious/suspicious_00547.jpg,additional_vid2,256
suspicious/additional_vid2_0257.jpg,suspicious/suspicious_00548.jpg,additional_vid2,257
suspicious/additional_vid2_0258.jpg,suspicious/suspicious_00549.jpg,additional_vid2,258
suspicious/additional_vid2_0259.jpg,suspicious/suspicious_00550.jpg,additional_vid2,259
suspicious/additional_vid2_0260.jpg,suspicious/suspicious_00551.jpg,additional_vid2,260
suspicious/additional_vid2_0261.jpg,suspicious/suspicious_00552.jpg,additional_vid2,261
suspicious/additional_vid2_0262.jpg,suspicious/suspicious_00553.jpg,additional_vid2,262
suspicious/additional_vid2_0263.jpg,suspicious/suspicious_00554.jpg,additional_vid2,263
suspicious/additional_vid2_0264.jpg,suspicious/suspicious_00555.jpg,additional_vid2,264
suspicious/additional_vid2_0265.jpg,suspicious/suspicious_00556.jpg,additional_vid2,265
suspicious/additional_vid2_0266.jpg,suspicious/suspicious_00557.jpg,additional_vid2,266
suspicious/additional_vid2_0267.jpg,suspicious/suspicious_00558.jpg,additional_vid2,267
suspicious/additional_vid2_0268.jpg,suspicious/suspicious_00559.jpg,additional_vid2,268
suspicious/additional_vid2_0269.jpg,suspicious/suspicious_00560.jpg,additional_vid2,269
suspicious/additional_vid2_0270.jpg,suspicious/suspicious_00561.jpg,additional_vid2,270
suspicious/additional_vid2_0271.jpg,suspicious/suspicious_00562.jpg,additional_vid2,271
suspicious/additional_vid2_0272.jpg,suspicious/suspicious_00563.jpg,additional_vid2,272
suspicious/additional_vid3_0001.jpg,suspicious/suspicious_00564.jpg,additional_vid3,1
suspicious/additional_vid3_0002.jpg,suspicious/suspicious_00565.jpg,additional_vid3,2
suspicious/additional_vid3_0003.jpg,suspicious/suspicious_00566.jpg,additional_vid3,3
suspicious/additional_vid3_0004.jpg,suspicious/suspicious_00567.jpg,additional_vid3,4
suspicious/additional_vid3_0005.jpg,suspicious/suspicious_00568.jpg,additional_vid3,5
suspicious/additional_vid3_0006.jpg,suspicious/suspicious_00569.jpg,additional_vid3,6
suspicious/additional_vid3_0007.jpg,suspicious/suspicious_00570.jpg,additional_vid3,7
suspicious/additional_vid3_0008.jpg,suspicious/suspicious_00571.jpg,additional_vid3,8
suspicious/additional_vid3_0009.jpg,suspicious/suspicious_00572.jpg,additional_vid3,9
suspicious/additional_vid3_0010.jpg,suspicious/suspicious_00573.jpg,additional_vid3,10
suspicious/additional_vid3_0011.jpg,suspicious/suspicious_00574.jpg,additional_vid3,11
suspicious/additional_vid3_0012.jpg,suspicious/suspicious_00575.jpg,additional_vid3,12
suspicious/additional_vid3_0013.jpg,suspicious/suspicious_00576.jpg,additional_vid3,13
suspicious/additional_vid3_0014.jpg,suspicious/suspicious_00577.jpg,additional_vid3,14
suspicious/additional_vid3_0015.jpg,suspicious/suspicious_00578.jpg,additional_vid3,15
suspicious/additional_vid3_0016.jpg,suspicious/suspicious_00579.jpg,additional_vid3,16
suspicious/additional_vid3_0017.jpg,suspicious/suspicious_00580.jpg,additional_vid3,17
suspicious/additional_vid3_0018.jpg,suspicious/suspicious_00581.jpg,additional_vid3,18
suspicious/additional_vid3_0019.jpg,suspicious/suspicious_00582.jpg,additional_vid3,19
suspicious/additional_vid3_0020.jpg,suspicious/suspicious_00583.jpg,additional_vid3,20
suspicious/additional_vid3_0021.jpg,suspicious/suspicious_00584.jpg,additional_vid3,21
suspicious/additional_vid3_0022.jpg,suspicious/suspicious_00585.jpg,additional_vid3,22
suspicious/additional_vid3_0023.jpg,suspicious/suspicious_00586.jpg,additional_vid3,23
suspicious/additional_vid3_0024.jpg,suspicious/suspicious_00587.jpg,additional_vid3,24
suspicious/additional_vid3_0025.jpg,suspicious/suspicious_00588.jpg,additional_vid3,25
suspicious/additional_vid3_0026.jpg,suspicious/suspicious_00589.jpg,additional_vid3,26
suspicious/additional_vid3_0027.jpg,suspicious/suspicious_00590.jpg,additional_vid3,27
suspicious/additional_vid3_0028.jpg,suspicious/suspicious_00591.jpg,additional_vid3,28
suspicious/additional_vid3_0029.jpg,suspicious/suspicious_00592.jpg,additional_vid3,29
suspicious/additional_vid3_0030.jpg,suspicious/suspicious_00593.jpg,additional_vid3,30
suspicious/additional_vid3_0031.jpg,suspicious/suspicious_00594.jpg,additional_vid3,31
suspicious/additional_vid3_0032.jpg,suspicious/suspicious_00595.jpg,additional_vid3,32
suspicious/additional_vid3_0033.jpg,suspicious/suspicious_00596.jpg,additional_vid3,33
suspicious/additional_vid3_0034.jpg,suspicious/suspicious_00597.jpg,additional_vid3,34
suspicious/additional_vid3_0035.jpg,suspicious/suspicious_00598.jpg,additional_vid3,35
suspicious/additional_vid3_0036.jpg,suspicious/suspicious_00599.jpg,additional_vid3,36
suspicious/additional_vid3_0037.jpg,suspicious/suspicious_00600.jpg,additional_vid3,37
suspicious/additional_vid3_0038.jpg,suspicious/suspicious_00601.jpg,additional_vid3,38
suspicious/additional_vid3_0039.jpg,suspicious/suspicious_00602.jpg,additional_vid3,39
suspicious/additional_vid3_0040.jpg,suspicious/suspicious_00603.jpg,additional_vid3,40
suspicious/additional_vid3_0041.jpg,suspicious/suspicious_00604.jpg,additional_vid3,41
suspicious/additional_vid3_0042.jpg,suspicious/suspicious_00605.jpg,additional_vid3,42
suspicious/additional_vid3_0043.jpg,suspicious/suspicious_00606.jpg,additional_vid3,43
suspicious/additional_vid3_0044.jpg,suspicious/suspicious_00607.jpg,additional_vid3,44
suspicious/additional_vid3_0045.jpg,suspicious/suspicious_00608.jpg,additional_vid3,45
suspicious/additional_vid3_0046.jpg,suspicious/suspicious_00609.jpg,additional_vid3,46
suspicious/additional_vid3_0047.jpg,suspicious/suspicious_00610.jpg,additional_vid3,47
suspicious/additional_vid3_0048.jpg,suspicious/suspicious_00611.jpg,additional_vid3,48
suspicious/additional_vid3_0049.jpg,suspicious/suspicious_00612.jpg,additional_vid3,49
suspicious/additional_vid3_0050.jpg,suspicious/suspicious_00613.jpg,additional_vid3,50
suspicious/additional_vid3_0051.jpg,suspicious/suspicious_00614.jpg,additional_vid3,51
suspicious/additional_vid3_0052.jpg,suspicious/suspicious_00615.jpg,additional_vid3,52
suspicious/additional_vid3_0053.jpg,suspicious/suspicious_00616.jpg,additional_vid3,53
suspicious/additional_vid3_0054.jpg,suspicious/suspicious_00617.jpg,additional_vid3,54
suspicious/additional_vid3_0055.jpg,suspicious/suspicious_00618.jpg,additional_vid3,55
suspicious/additional_vid3_0056.jpg,suspicious/suspicious_00619.jpg,additional_vid3,56
suspicious/additional_vid3_0057.jpg,suspicious/suspicious_00620.jpg,additional_vid3,57
suspicious/additional_vid3_0058.jpg,suspicious/suspicious_00621.jpg,additional_vid3,58
suspicious/additional_vid3_0059.jpg,suspicious/suspicious_00622.jpg,additional_vid3,59
suspicious/additional_vid3_0060.jpg,suspicious/suspicious_00623.jpg,additional_vid3,60
suspicious/additional_vid3_0061.jpg,suspicious/suspicious_00624.jpg,additional_vid3,61
suspicious/additional_vid3_0062.jpg,suspicious/suspicious_00625.jpg,additional_vid3,62
suspicious/additional_vid3_0063.jpg,suspicious/suspicious_00626.jpg,additional_vid3,63
suspicious/additional_vid3_0064.jpg,suspicious/suspicious_00627.jpg,additional_vid3,64
suspicious/additional_vid3_0065.jpg,suspicious/suspicious_00628.jpg,additional_vid3,65
suspicious/additional_vid3_0066.jpg,suspicious/suspicious_00629.jpg,additional_vid3,66
suspicious/additional_vid3_0067.jpg,suspicious/suspicious_00630.jpg,additional_vid3,67
suspicious/additional_vid3_0068.jpg,suspicious/suspicious_00631.jpg,additional_vid3,68
suspicious/additional_vid3_0069.jpg,suspicious/suspicious_00632.jpg,additional_vid3,69
suspicious/additional_vid3_0070.jpg,suspicious/suspicious_00633.jpg,additional_vid3,70
suspicious/additional_vid3_0071.jpg,suspicious/suspicious_00634.jpg,additional_vid3,71
suspicious/additional_vid3_0072.jpg,suspicious/suspicious_00635.jpg,additional_vid3,72
suspicious/additional_vid3_0073.jpg,suspicious/suspicious_00636.jpg,additional_vid3,73
suspicious/additional_vid3_0074.jpg,suspicious/suspicious_00637.jpg,additional_vid3,74
suspicious/additional_vid3_0075.jpg,suspicious/suspicious_00638.jpg,additional_vid3,75
suspicious/additional_vid3_0076.jpg,suspicious/suspicious_00639.jpg,additional_vid3,76
suspicious/additional_vid3_0077.jpg,suspicious/suspicious_00640.jpg,additional_vid3,77
suspicious/additional_vid3_0078.jpg,suspicious/suspicious_00641.jpg,additional_vid3,78
suspicious/additional_vid3_0079.jpg,suspicious/suspicious_00642.jpg,additional_vid3,79
suspicious/additional_vid3_0080.jpg,suspicious/suspicious_00643.jpg,additional_vid3,80
suspicious/additional_vid3_0081.jpg,suspicious/suspicious_00644.jpg,additional_vid3,81
suspicious/additional_vid3_0082.jpg,suspicious/suspicious_00645.jpg,additional_vid3,82
suspicious/additional_vid3_0083.jpg,suspicious/suspicious_00646.jpg,additional_vid3,83
suspicious/additional_vid3_0084.jpg,suspicious/suspicious_00647.jpg,additional_vid3,84
suspicious/additional_vid3_0085.jpg,suspicious/suspicious_00648.jpg,additional_vid3,85
suspicious/additional_vid3_0086.jpg,suspicious/suspicious_00649.jpg,additional_vid3,86
suspicious/additional_vid3_0087.jpg,suspicious/suspicious_00650.jpg,additional_vid3,87
suspicious/additional_vid3_0088.jpg,suspicious/suspicious_00651.jpg,additional_vid3,88
suspicious/additional_vid3_0089.jpg,suspicious/suspicious_00652.jpg,additional_vid3,89
suspicious/additional_vid3_0090.jpg,suspicious/suspicious_00653.jpg,additional_vid3,90
suspicious/additional_vid3_0091.jpg,suspicious/suspicious_00654.jpg,additional_vid3,91
suspicious/additional_vid3_0092.jpg,suspicious/suspicious_00655.jpg,additional_vid3,92
suspicious/additional_vid3_0093.jpg,suspicious/suspicious_00656.jpg,additional_vid3,93
suspicious/additional_vid3_0094.jpg,suspicious/suspicious_00657.jpg,additional_vid3,94
suspicious/additional_vid3_0095.jpg,suspicious/suspicious_00658.jpg,additional_vid3,95
suspicious/additional_vid3_0096.jpg,suspicious/suspicious_00659.jpg,additional_vid3,96
suspicious/additional_vid3_0097.jpg,suspicious/suspicious_00660.jpg,additional_vid3,97
suspicious/additional_vid3_0098.jpg,suspicious/suspicious_00661.jpg,additional_vid3,98
suspicious/additional_vid3_0099.jpg,suspicious/suspicious_00662.jpg,additional_vid3,99
suspicious/additional_vid3_0100.jpg,suspicious/suspicious_00663.jpg,additional_vid3,100
suspicious/additional_vid3_0101.jpg,suspicious/suspicious_00664.jpg,additional_vid3,101
suspicious/additional_vid3_0102.jpg,suspicious/suspicious_00665.jpg,additional_vid3,102
suspicious/additional_vid3_0103.jpg,suspicious/suspicious_00666.jpg,additional_vid3,103
suspicious/additional_vid3_0104.jpg,suspicious/suspicious_00667.jpg,additional_vid3,104
suspicious/additional_vid3_0105.jpg,suspicious/suspicious_00668.jpg,additional_vid3,105
suspicious/additional_vid3_0106.jpg,suspicious/suspicious_00669.jpg,additional_vid3,106
suspicious/additional_vid3_0107.jpg,suspicious/suspicious_00670.jpg,additional_vid3,107
suspicious/additional_vid3_0108.jpg,suspicious/suspicious_00671.jpg,additional_vid3,108
suspicious/additional_vid3_0109.jpg,suspicious/suspicious_00672.jpg,additional_vid3,109
suspicious/additional_vid3_0110.jpg,suspicious/suspicious_00673.jpg,additional_vid3,110
suspicious/additional_vid3_0111.jpg,suspicious/suspicious_00674.jpg,additional_vid3,111
suspicious/additional_vid3_0112.jpg,suspicious/suspicious_00675.jpg,additional_vid3,112
suspicious/additional_vid3_0113.jpg,suspicious/suspicious_00676.jpg,additional_vid3,113
suspicious/additional_vid3_0114.jpg,suspicious/suspicious_00677.jpg,additional_vid3,114
suspicious/additional_vid4_0001.jpg,suspicious/suspicious_00678.jpg,additional_vid4,1
suspicious/additional_vid4_0002.jpg,suspicious/suspicious_00679.jpg,additional_vid4,2
suspicious/additional_vid4_0003.jpg,suspicious/suspicious_00680.jpg,additional_vid4,3
suspicious/additional_vid4_0004.jpg,suspicious/suspicious_00681.jpg,additional_vid4,4
suspicious/additional_vid4_0005.jpg,suspicious/suspicious_00682.jpg,additional_vid4,5
suspicious/additional_vid4_0006.jpg,suspicious/suspicious_00683.jpg,additional_vid4,6
suspicious/additional_vid4_0007.jpg,suspicious/suspicious_00684.jpg,additional_vid4,7
suspicious/additional_vid4_0008.jpg,suspicious/suspicious_00685.jpg,additional_vid4,8
suspicious/additional_vid4_0009.jpg,suspicious/suspicious_00686.jpg,additional_vid4,9
suspicious/additional_vid4_0010.jpg,suspicious/suspicious_00687.jpg,additional_vid4,10
suspicious/additional_vid4_0011.jpg,suspicious/suspicious_00688.jpg,additional_vid4,11
suspicious/additional_vid4_0012.jpg,suspicious/suspicious_00689.jpg,additional_vid4,12
suspicious/additional_vid4_0013.jpg,suspicious/suspicious_00690.jpg,additional_vid4,13
suspicious/additional_vid4_0014.jpg,suspicious/suspicious_00691.jpg,additional_vid4,14
suspicious/additional_vid4_0015.jpg,suspicious/suspicious_00692.jpg,additional_vid4,15
suspicious/additional_vid4_0016.jpg,suspicious/suspicious_00693.jpg,additional_vid4,16
suspicious/additional_vid4_0017.jpg,suspicious/suspicious_00694.jpg,additional_vid4,17
suspicious/additional_vid4_0018.jpg,suspicious/suspicious_00695.jpg,additional_vid4,18
suspicious/additional_vid4_0019.jpg,suspicious/suspicious_00696.jpg,additional_vid4,19
suspicious/additional_vid4_0020.jpg,suspicious/suspicious_00697.jpg,additional_vid4,20
suspicious/additional_vid4_0021.jpg,suspicious/suspicious_00698.jpg,additional_vid4,21
suspicious/additional_vid4_0022.jpg,suspicious/suspicious_00699.jpg,additional_vid4,22
suspicious/additional_vid4_0023.jpg,suspicious/suspicious_00700.jpg,additional_vid4,23
suspicious/additional_vid4_0024.jpg,suspicious/suspicious_00701.jpg,additional_vid4,24
suspicious/additional_vid4_0025.jpg,suspicious/suspicious_00702.jpg,additional_vid4,25
suspicious/additional_vid4_0026.jpg,suspicious/suspicious_00703.jpg,additional_vid4,26
suspicious/additional_vid4_0027.jpg,suspicious/suspicious_00704.jpg,additional_vid4,27
suspicious/additional_vid4_0028.jpg,suspicious/suspicious_00705.jpg,additional_vid4,28
suspicious/additional_vid4_0029.jpg,suspicious/suspicious_00706.jpg,additional_vid4,29
suspicious/additional_vid4_0030.jpg,suspicious/suspicious_00707.jpg,additional_vid4,30
suspicious/additional_vid4_0031.jpg,suspicious/suspicious_00708.jpg,additional_vid4,31
suspicious/additional_vid4_0032.jpg,suspicious/suspicious_00709.jpg,additional_vid4,32
suspicious/additional_vid4_0033.jpg,suspicious/suspicious_00710.jpg,additional_vid4,33
suspicious/additional_vid4_0034.jpg,suspicious/suspicious_00711.jpg,additional_vid4,34
suspicious/additional_vid4_0035.jpg,suspicious/suspicious_00712.jpg,additional_vid4,35
suspicious/additional_vid4_0036.jpg,suspicious/suspicious_00713.jpg,additional_vid4,36
suspicious/additional_vid4_0037.jpg,suspicious/suspicious_00714.jpg,additional_vid4,37
suspicious/additional_vid4_0038.jpg,suspicious/suspicious_00715.jpg,additional_vid4,38
suspicious/additional_vid4_0039.jpg,suspicious/suspicious_00716.jpg,additional_vid4,39
suspicious/additional_vid4_0040.jpg,suspicious/suspicious_00717.jpg,additional_vid4,40
suspicious/additional_vid4_0041.jpg,suspicious/suspicious_00718.jpg,additional_vid4,41
suspicious/additional_vid4_0042.jpg,suspicious/suspicious_00719.jpg,additional_vid4,42
suspicious/additional_vid4_0043.jpg,suspicious/suspicious_00720.jpg,additional_vid4,43
suspicious/additional_vid4_0044.jpg,suspicious/suspicious_00721.jpg,additional_vid4,44
suspicious/additional_vid4_0045.jpg,suspicious/suspicious_00722.jpg,additional_vid4,45
suspicious/additional_vid4_0046.jpg,suspicious/suspicious_00723.jpg,additional_vid4,46
suspicious/additional_vid4_0047.jpg,suspicious/suspicious_00724.jpg,additional_vid4,47
suspicious/additional_vid4_0048.jpg,suspicious/suspicious_00725.jpg,additional_vid4,48
suspicious/additional_vid4_0049.jpg,suspicious/suspicious_00726.jpg,additional_vid4,49
suspicious/additional_vid4_0050.jpg,suspicious/suspicious_00727.jpg,additional_vid4,50
suspicious/additional_vid4_0051.jpg,suspicious/suspicious_00728.jpg,additional_vid4,51
suspicious/additional_vid4_0052.jpg,suspicious/suspicious_00729.jpg,additional_vid4,52
suspicious/additional_vid4_0053.jpg,suspicious/suspicious_00730.jpg,additional_vid4,53
suspicious/additional_vid4_0054.jpg,suspicious/suspicious_00731.jpg,additional_vid4,54
suspicious/additional_vid4_0055.jpg,suspicious/suspicious_00732.jpg,additional_vid4,55
suspicious/additional_vid4_0056.jpg,suspicious/suspicious_00733.jpg,additional_vid4,56
suspicious/additional_vid4_0057.jpg,suspicious/suspicious_00734.jpg,additional_vid4,57
suspicious/additional_vid4_0058.jpg,suspicious/suspicious_00735.jpg,additional_vid4,58
suspicious/additional_vid4_0059.jpg,suspicious/suspicious_00736.jpg,additional_vid4,59
suspicious/additional_vid4_0060.jpg,suspicious/suspicious_00737.jpg,additional_vid4,60
suspicious/additional_vid4_0061.jpg,suspicious/suspicious_00738.jpg,additional_vid4,61
suspicious/additional_vid4_0062.jpg,suspicious/suspicious_00739.jpg,additional_vid4,62
suspicious/additional_vid4_0063.jpg,suspicious/suspicious_00740.jpg,additional_vid4,63
suspicious/additional_vid4_0064.jpg,suspicious/suspicious_00741.jpg,additional_vid4,64
suspicious/additional_vid4_0065.jpg,suspicious/suspicious_00742.jpg,additional_vid4,65
suspicious/additional_vid4_0066.jpg,suspicious/suspicious_00743.jpg,additional_vid4,66
suspicious/additional_vid4_0067.jpg,suspicious/suspicious_00744.jpg,additional_vid4,67
suspicious/additional_vid4_0068.jpg,suspicious/suspicious_00745.jpg,additional_vid4,68
suspicious/additional_vid4_0069.jpg,suspicious/suspicious_00746.jpg,additional_vid4,69
suspicious/additional_vid4_0070.jpg,suspicious/suspicious_00747.jpg,additional_vid4,70
suspicious/additional_vid4_0071.jpg,suspicious/suspicious_00748.jpg,additional_vid4,71
suspicious/additional_vid4_0072.jpg,suspicious/suspicious_00749.jpg,additional_vid4,72
suspicious/additional_vid4_0073.jpg,suspicious/suspicious_00750.jpg,additional_vid4,73
suspicious/additional_vid4_0074.jpg,suspicious/suspicious_00751.jpg,additional_vid4,74
suspicious/additional_vid4_0075.jpg,suspicious/suspicious_00752.jpg,additional_vid4,75
suspicious/additional_vid4_0076.jpg,suspicious/suspicious_00753.jpg,additional_vid4,76
suspicious/additional_vid4_0077.jpg,suspicious/suspicious_00754.jpg,additional_vid4,77
suspicious/additional_vid4_0078.jpg,suspicious/suspicious_00755.jpg,additional_vid4,78
suspicious/additional_vid4_0079.jpg,suspicious/suspicious_00756.jpg,additional_vid4,79
suspicious/additional_vid4_0080.jpg,suspicious/suspicious_00757.jpg,additional_vid4,80
suspicious/additional_vid4_0081.jpg,suspicious/suspicious_00758.jpg,additional_vid4,81
suspicious/additional_vid4_0082.jpg,suspicious/suspicious_00759.jpg,additional_vid4,82
suspicious/additional_vid4_0083.jpg,suspicious/suspicious_00760.jpg,additional_vid4,83
suspicious/additional_vid4_0084.jpg,suspicious/suspicious_00761.jpg,additional_vid4,84
suspicious/additional_vid4_0085.jpg,suspicious/suspicious_00762.jpg,additional_vid4,85
suspicious/additional_vid4_0086.jpg,suspicious/suspicious_00763.jpg,additional_vid4,86
suspicious/additional_vid4_0087.jpg,suspicious/suspicious_00764.jpg,additional_vid4,87
suspicious/additional_vid4_0088.jpg,suspicious/suspicious_00765.jpg,additional_vid4,88
suspicious/additional_vid4_0089.jpg,suspicious/suspicious_00766.jpg,additional_vid4,89
suspicious/additional_vid4_0090.jpg,suspicious/suspicious_00767.jpg,additional_vid4,90
suspicious/additional_vid4_0091.jpg,suspicious/suspicious_00768.jpg,additional_vid4,91
suspicious/additional_vid4_0092.jpg,suspicious/suspicious_00769.jpg,additional_vid4,92
suspicious/additional_vid4_0093.jpg,suspicious/suspicious_00770.jpg,additional_vid4,93
suspicious/additional_vid4_0094.jpg,suspicious/suspicious_00771.jpg,additional_vid4,94
suspicious/additional_vid4_0095.jpg,suspicious/suspicious_00772.jpg,additional_vid4,95
suspicious/additional_vid4_0096.jpg,suspicious/suspicious_00773.jpg,additional_vid4,96
suspicious/additional_vid4_0097.jpg,suspicious/suspicious_00774.jpg,additional_vid4,97
suspicious/additional_vid4_0098.jpg,suspicious/suspicious_00775.jpg,additional_vid4,98
suspicious/additional_vid4_0099.jpg,suspicious/suspicious_00776.jpg,additional_vid4,99
suspicious/additional_vid4_0100.jpg,suspicious/suspicious_00777.jpg,additional_vid4,100
suspicious/additional_vid4_0101.jpg,suspicious/suspicious_00778.jpg,additional_vid4,101
suspicious/additional_vid4_0102.jpg,suspicious/suspicious_00779.jpg,additional_vid4,102
suspicious/additional_vid4_0103.jpg,suspicious/suspicious_00780.jpg,additional_vid4,103
suspicious/additional_vid4_0104.jpg,suspicious/suspicious_00781.jpg,additional_vid4,104
suspicious/additional_vid4_0105.jpg,suspicious/suspicious_00782.jpg,additional_vid4,105
suspicious/additional_vid4_0106.jpg,suspicious/suspicious_00783.jpg,additional_vid4,106
suspicious/additional_vid4_0107.jpg,suspicious/suspicious_00784.jpg,additional_vid4,107
suspicious/additional_vid4_0108.jpg,suspicious/suspicious_00785.jpg,additional_vid4,108
suspicious/additional_vid4_0109.jpg,suspicious/suspicious_00786.jpg,additional_vid4,109
suspicious/additional_vid4_0110.jpg,suspicious/suspicious_00787.jpg,additional_vid4,110
suspicious/additional_vid4_0111.jpg,suspicious/suspicious_00788.jpg,additional_vid4,111
suspicious/additional_vid4_0112.jpg,suspicious/suspicious_00789.jpg,additional_vid4,112
suspicious/additional_vid4_0113.jpg,suspicious/suspicious_00790.jpg,additional_vid4,113
suspicious/additional_vid4_0114.jpg,suspicious/suspicious_00791.jpg,additional_vid4,114
suspicious/additional_vid4_0115.jpg,suspicious/suspicious_00792.jpg,additional_vid4,115
suspicious/additional_vid4_0116.jpg,suspicious/suspicious_00793.jpg,additional_vid4,116
suspicious/additional_vid4_0117.jpg,suspicious/suspicious_00794.jpg,additional_vid4,117
suspicious/additional_vid4_0118.jpg,suspicious/suspicious_00795.jpg,additional_vid4,118
suspicious/additional_vid4_0119.jpg,suspicious/suspicious_00796.jpg,additional_vid4,119
suspicious/additional_vid4_0120.jpg,suspicious/suspicious_00797.jpg,additional_vid4,120
suspicious/additional_vid4_0121.jpg,suspicious/suspicious_00798.jpg,additional_vid4,121
suspicious/additional_vid4_0122.jpg,suspicious/suspicious_00799.jpg,additional_vid4,122
suspicious/additional_vid4_0123.jpg,suspicious/suspicious_00800.jpg,additional_vid4,123
suspicious/additional_vid4_0124.jpg,suspicious/suspicious_00801.jpg,additional_vid4,124
suspicious/additional_vid4_0125.jpg,suspicious/suspicious_00802.jpg,additional_vid4,125
suspicious/additional_vid4_0126.jpg,suspicious/suspicious_00803.jpg,additional_vid4,126
suspicious/additional_vid4_0127.jpg,suspicious/suspicious_00804.jpg,additional_vid4,127
suspicious/additional_vid4_0128.jpg,suspicious/suspicious_00805.jpg,additional_vid4,128
suspicious/additional_vid4_0129.jpg,suspicious/suspicious_00806.jpg,additional_vid4,129
suspicious/additional_vid4_0130.jpg,suspicious/suspicious_00807.jpg,additional_vid4,130
suspicious/additional_vid4_0131.jpg,suspicious/suspicious_00808.jpg,additional_vid4,131
suspicious/additional_vid4_0132.jpg,suspicious/suspicious_00809.jpg,additional_vid4,132
suspicious/additional_vid4_0133.jpg,suspicious/suspicious_00810.jpg,additional_vid4,133
suspicious/additional_vid4_0134.jpg,suspicious/suspicious_00811.jpg,additional_vid4,134
suspicious/additional_vid4_0135.jpg,suspicious/suspicious_00812.jpg,additional_vid4,135
suspicious/additional_vid5_0001.jpg,suspicious/suspicious_00813.jpg,additional_vid5,1
suspicious/additional_vid5_0002.jpg,suspicious/suspicious_00814.jpg,additional_vid5,2
suspicious/additional_vid5_0003.jpg,suspicious/suspicious_00815.jpg,additional_vid5,3
suspicious/additional_vid5_0004.jpg,suspicious/suspicious_00816.jpg,additional_vid5,4
suspicious/additional_vid5_0005.jpg,suspicious/suspicious_00817.jpg,additional_vid5,5
suspicious/additional_vid5_0006.jpg,suspicious/suspicious_00818.jpg,additional_vid5,6
suspicious/additional_vid5_0007.jpg,suspicious/suspicious_00819.jpg,additional_vid5,7
suspicious/additional_vid5_0008.jpg,suspicious/suspicious_00820.jpg,additional_vid5,8
suspicious/additional_vid5_0009.jpg,suspicious/suspicious_00821.jpg,additional_vid5,9
suspicious/additional_vid5_0010.jpg,suspicious/suspicious_00822.jpg,additional_vid5,10
suspicious/additional_vid5_0011.jpg,suspicious/suspicious_00823.jpg,additional_vid5,11
suspicious/additional_vid5_0012.jpg,suspicious/suspicious_00824.jpg,additional_vid5,12
suspicious/additional_vid5_0013.jpg,suspicious/suspicious_00825.jpg,additional_vid5,13
suspicious/additional_vid5_0014.jpg,suspicious/suspicious_00826.jpg,additional_vid5,14
suspicious/additional_vid5_0015.jpg,suspicious/suspicious_00827.jpg,additional_vid5,15
suspicious/additional_vid5_0016.jpg,suspicious/suspicious_00828.jpg,additional_vid5,16
suspicious/additional_vid5_0017.jpg,suspicious/suspicious_00829.jpg,additional_vid5,17
suspicious/additional_vid5_0018.jpg,suspicious/suspicious_00830.jpg,additional_vid5,18
suspicious/additional_vid5_0019.jpg,suspicious/suspicious_00831.jpg,additional_vid5,19
suspicious/additional_vid5_0020.jpg,suspicious/suspicious_00832.jpg,additional_vid5,20
suspicious/additional_vid5_0021.jpg,suspicious/suspicious_00833.jpg,additional_vid5,21
suspicious/additional_vid5_0022.jpg,suspicious/suspicious_00834.jpg,additional_vid5,22
suspicious/additional_vid5_0023.jpg,suspicious/suspicious_00835.jpg,additional_vid5,23
suspicious/additional_vid5_0024.jpg,suspicious/suspicious_00836.jpg,additional_vid5,24
suspicious/additional_vid5_0025.jpg,suspicious/suspicious_00837.jpg,additional_vid5,25
suspicious/additional_vid5_0026.jpg,suspicious/suspicious_00838.jpg,additional_vid5,26
suspicious/additional_vid5_0027.jpg,suspicious/suspicious_00839.jpg,additional_vid5,27
suspicious/additional_vid5_0028.jpg,suspicious/suspicious_00840.jpg,additional_vid5,28
suspicious/additional_vid5_0029.jpg,suspicious/suspicious_00841.jpg,additional_vid5,29
suspicious/additional_vid5_0030.jpg,suspicious/suspicious_00842.jpg,additional_vid5,30
suspicious/additional_vid5_0031.jpg,suspicious/suspicious_00843.jpg,additional_vid5,31
suspicious/additional_vid5_0032.jpg,suspicious/suspicious_00844.jpg,additional_vid5,32
suspicious/additional_vid5_0033.jpg,suspicious/suspicious_00845.jpg,additional_vid5,33
suspicious/additional_vid5_0034.jpg,suspicious/suspicious_00846.jpg,additional_vid5,34
suspicious/additional_vid5_0035.jpg,suspicious/suspicious_00847.jpg,additional_vid5,35
suspicious/additional_vid5_0036.jpg,suspicious/suspicious_00848.jpg,additional_vid5,36
suspicious/additional_vid5_0037.jpg,suspicious/suspicious_00849.jpg,additional_vid5,37
suspicious/additional_vid5_0038.jpg,suspicious/suspicious_00850.jpg,additional_vid5,38
suspicious/additional_vid5_0039.jpg,suspicious/suspicious_00851.jpg,additional_vid5,39
suspicious/additional_vid5_0040.jpg,suspicious/suspicious_00852.jpg,additional_vid5,40
suspicious/additional_vid5_0041.jpg,suspicious/suspicious_00853.jpg,additional_vid5,41
suspicious/additional_vid5_0042.jpg,suspicious/suspicious_00854.jpg,additional_vid5,42
suspicious/additional_vid5_0043.jpg,suspicious/suspicious_00855.jpg,additional_vid5,43
suspicious/additional_vid5_0044.jpg,suspicious/suspicious_00856.jpg,additional_vid5,44
suspicious/additional_vid5_0045.jpg,suspicious/suspicious_00857.jpg,additional_vid5,45
suspicious/additional_vid5_0046.jpg,suspicious/suspicious_00858.jpg,additional_vid5,46
suspicious/additional_vid5_0047.jpg,suspicious/suspicious_00859.jpg,additional_vid5,47
suspicious/additional_vid5_0048.jpg,suspicious/suspicious_00860.jpg,additional_vid5,48
suspicious/additional_vid5_0049.jpg,suspicious/suspicious_00861.jpg,additional_vid5,49
suspicious/additional_vid5_0050.jpg,suspicious/suspicious_00862.jpg,additional_vid5,50
suspicious/additional_vid5_0051.jpg,suspicious/suspicious_00863.jpg,additional_vid5,51
suspicious/additional_vid5_0052.jpg,suspicious/suspicious_00864.jpg,additional_vid5,52
suspicious/additional_vid5_0053.jpg,suspicious/suspicious_00865.jpg,additional_vid5,53
suspicious/additional_vid5_0054.jpg,suspicious/suspicious_00866.jpg,additional_vid5,54
suspicious/additional_vid5_0055.jpg,suspicious/suspicious_00867.jpg,additional_vid5,55
suspicious/additional_vid5_0056.jpg,suspicious/suspicious_00868.jpg,additional_vid5,56
suspicious/additional_vid5_0057.jpg,suspicious/suspicious_00869.jpg,additional_vid5,57
suspicious/additional_vid5_0058.jpg,suspicious/suspicious_00870.jpg,additional_vid5,58
suspicious/additional_vid5_0059.jpg,suspicious/suspicious_00871.jpg,additional_vid5,59
suspicious/additional_vid5_0060.jpg,suspicious/suspicious_00872.jpg,additional_vid5,60
suspicious/additional_vid5_0061.jpg,suspicious/suspicious_00873.jpg,additional_vid5,61
suspicious/additional_vid5_0062.jpg,suspicious/suspicious_00874.jpg,additional_vid5,62
suspicious/additional_vid5_0063.jpg,suspicious/suspicious_00875.jpg,additional_vid5,63
suspicious/additional_vid5_0064.jpg,suspicious/suspicious_00876.jpg,additional_vid5,64
suspicious/additional_vid5_0065.jpg,suspicious/suspicious_00877.jpg,additional_vid5,65
suspicious/additional_vid5_0066.jpg,suspicious/suspicious_00878.jpg,additional_vid5,66
suspicious/additional_vid5_0067.jpg,suspicious/suspicious_00879.jpg,additional_vid5,67
suspicious/additional_vid5_0068.jpg,suspicious/suspicious_00880.jpg,additional_vid5,68
suspicious/additional_vid5_0069.jpg,suspicious/suspicious_00881.jpg,additional_vid5,69
suspicious/additional_vid5_0070.jpg,suspicious/suspicious_00882.jpg,additional_vid5,70
suspicious/additional_vid5_0071.jpg,suspicious/suspicious_00883.jpg,additional_vid5,71
suspicious/additional_vid5_0072.jpg,suspicious/suspicious_00884.jpg,additional_vid5,72
suspicious/additional_vid5_0073.jpg,suspicious/suspicious_00885.jpg,additional_vid5,73
suspicious/additional_vid5_0074.jpg,suspicious/suspicious_00886.jpg,additional_vid5,74
suspicious/additional_vid5_0075.jpg,suspicious/suspicious_00887.jpg,additional_vid5,75
suspicious/additional_vid5_0076.jpg,suspicious/suspicious_00888.jpg,additional_vid5,76
suspicious/additional_vid5_0077.jpg,suspicious/suspicious_00889.jpg,additional_vid5,77
suspicious/additional_vid5_0078.jpg,suspicious/suspicious_00890.jpg,additional_vid5,78
suspicious/additional_vid5_0079.jpg,suspicious/suspicious_00891.jpg,additional_vid5,79
suspicious/additional_vid5_0080.jpg,suspicious/suspicious_00892.jpg,additional_vid5,80
suspicious/additional_vid5_0081.jpg,suspicious/suspicious_00893.jpg,additional_vid5,81
suspicious/additional_vid5_0082.jpg,suspicious/suspicious_00894.jpg,additional_vid5,82
suspicious/additional_vid5_0083.jpg,suspicious/suspicious_00895.jpg,additional_vid5,83
suspicious/additional_vid5_0084.jpg,suspicious/suspicious_00896.jpg,additional_vid5,84
suspicious/additional_vid5_0085.jpg,suspicious/suspicious_00897.jpg,additional_vid5,85
suspicious/additional_vid5_0086.jpg,suspicious/suspicious_00898.jpg,additional_vid5,86
suspicious/additional_vid5_0087.jpg,suspicious/suspicious_00899.jpg,additional_vid5,87
suspicious/additional_vid5_0088.jpg,suspicious/suspicious_00900.jpg,additional_vid5,88
suspicious/additional_vid5_0089.jpg,suspicious/suspicious_00901.jpg,additional_vid5,89
suspicious/additional_vid5_0090.jpg,suspicious/suspicious_00902.jpg,additional_vid5,90
suspicious/additional_vid5_0091.jpg,suspicious/suspicious_00903.jpg,additional_vid5,91
suspicious/additional_vid5_0092.jpg,suspicious/suspicious_00904.jpg,additional_vid5,92
suspicious/additional_vid5_0093.jpg,suspicious/suspicious_00905.jpg,additional_vid5,93
suspicious/additional_vid5_0094.jpg,suspicious/suspicious_00906.jpg,additional_vid5,94
suspicious/additional_vid5_0095.jpg,suspicious/suspicious_00907.jpg,additional_vid5,95
suspicious/additional_vid5_0096.jpg,suspicious/suspicious_00908.jpg,additional_vid5,96
suspicious/additional_vid5_0097.jpg,suspicious/suspicious_00909.jpg,additional_vid5,97
suspicious/additional_vid5_0098.jpg,suspicious/suspicious_00910.jpg,additional_vid5,98
suspicious/additional_vid5_0099.jpg,suspicious/suspicious_00911.jpg,additional_vid5,99
suspicious/additional_vid5_0100.jpg,suspicious/suspicious_00912.jpg,additional_vid5,100
suspicious/additional_vid5_0101.jpg,suspicious/suspicious_00913.jpg,additional_vid5,101
suspicious/additional_vid5_0102.jpg,suspicious/suspicious_00914.jpg,additional_vid5,102
suspicious/additional_vid5_0103.jpg,suspicious/suspicious_00915.jpg,additional_vid5,103
suspicious/additional_vid5_0104.jpg,suspicious/suspicious_00916.jpg,additional_vid5,104
suspicious/additional_vid5_0105.jpg,suspicious/suspicious_00917.jpg,additional_vid5,105
suspicious/additional_vid5_0106.jpg,suspicious/suspicious_00918.jpg,additional_vid5,106
suspicious/additional_vid5_0107.jpg,suspicious/suspicious_00919.jpg,additional_vid5,107
suspicious/additional_vid5_0108.jpg,suspicious/suspicious_00920.jpg,additional_vid5,108
suspicious/additional_vid5_0109.jpg,suspicious/suspicious_00921.jpg,additional_vid5,109
suspicious/additional_vid5_0110.jpg,suspicious/suspicious_00922.jpg,additional_vid5,110
suspicious/additional_vid5_0111.jpg,suspicious/suspicious_00923.jpg,additional_vid5,111
suspicious/additional_vid5_0112.jpg,suspicious/suspicious_00924.jpg,additional_vid5,112
suspicious/additional_vid5_0113.jpg,suspicious/suspicious_00925.jpg,additional_vid5,113
suspicious/additional_vid5_0114.jpg,suspicious/suspicious_00926.jpg,additional_vid5,114
suspicious/additional_vid5_0115.jpg,suspicious/suspicious_00927.jpg,additional_vid5,115
suspicious/additional_vid5_0116.jpg,suspicious/suspicious_00928.jpg,additional_vid5,116
suspicious/additional_vid5_0117.jpg,suspicious/suspicious_00929.jpg,additional_vid5,117
suspicious/additional_vid5_0118.jpg,suspicious/suspicious_00930.jpg,additional_vid5,118
suspicious/additional_vid5_0119.jpg,suspicious/suspicious_00931.jpg,additional_vid5,119
suspicious/additional_vid5_0120.jpg,suspicious/suspicious_00932.jpg,additional_vid5,120
suspicious/additional_vid5_0121.jpg,suspicious/suspicious_00933.jpg,additional_vid5,121
suspicious/additional_vid5_0122.jpg,suspicious/suspicious_00934.jpg,additional_vid5,122
suspicious/additional_vid5_0123.jpg,suspicious/suspicious_00935.jpg,additional_vid5,123
suspicious/additional_vid5_0124.jpg,suspicious/suspicious_00936.jpg,additional_vid5,124
suspicious/additional_vid5_0125.jpg,suspicious/suspicious_00937.jpg,additional_vid5,125
suspicious/additional_vid5_0126.jpg,suspicious/suspicious_00938.jpg,additional_vid5,126
suspicious/additional_vid5_0127.jpg,suspicious/suspicious_00939.jpg,additional_vid5,127
suspicious/additional_vid5_0128.jpg,suspicious/suspicious_00940.jpg,additional_vid5,128
suspicious/additional_vid5_0129.jpg,suspicious/suspicious_00941.jpg,additional_vid5,129
suspicious/additional_vid5_0130.jpg,suspicious/suspicious_00942.jpg,additional_vid5,130
suspicious/additional_vid5_0131.jpg,suspicious/suspicious_00943.jpg,additional_vid5,131
suspicious/additional_vid5_0132.jpg,suspicious/suspicious_00944.jpg,additional_vid5,132
suspicious/additional_vid6_0001.jpg,suspicious/suspicious_00945.jpg,additional_vid6,1
suspicious/additional_vid6_0002.jpg,suspicious/suspicious_00946.jpg,additional_vid6,2
suspicious/additional_vid6_0003.jpg,suspicious/suspicious_00947.jpg,additional_vid6,3
suspicious/additional_vid6_0004.jpg,suspicious/suspicious_00948.jpg,additional_vid6,4
suspicious/additional_vid6_0005.jpg,suspicious/suspicious_00949.jpg,additional_vid6,5
suspicious/additional_vid6_0006.jpg,suspicious/suspicious_00950.jpg,additional_vid6,6
suspicious/additional_vid6_0007.jpg,suspicious/suspicious_00951.jpg,additional_vid6,7
suspicious/additional_vid6_0008.jpg,suspicious/suspicious_00952.jpg,additional_vid6,8
suspicious/additional_vid6_0009.jpg,suspicious/suspicious_00953.jpg,additional_vid6,9
suspicious/additional_vid6_0010.jpg,suspicious/suspicious_00954.jpg,additional_vid6,10
suspicious/additional_vid6_0011.jpg,suspicious/suspicious_00955.jpg,additional_vid6,11
suspicious/additional_vid6_0012.jpg,suspicious/suspicious_00956.jpg,additional_vid6,12
suspicious/additional_vid6_0013.jpg,suspicious/suspicious_00957.jpg,additional_vid6,13
suspicious/additional_vid6_0014.jpg,suspicious/suspicious_00958.jpg,additional_vid6,14
suspicious/additional_vid6_0015.jpg,suspicious/suspicious_00959.jpg,additional_vid6,15
suspicious/additional_vid6_0016.jpg,suspicious/suspicious_00960.jpg,additional_vid6,16
suspicious/additional_vid6_0017.jpg,suspicious/suspicious_00961.jpg,additional_vid6,17
suspicious/additional_vid6_0018.jpg,suspicious/suspicious_00962.jpg,additional_vid6,18
suspicious/additional_vid6_0019.jpg,suspicious/suspicious_00963.jpg,additional_vid6,19
suspicious/additional_vid6_0020.jpg,suspicious/suspicious_00964.jpg,additional_vid6,20
suspicious/additional_vid6_0021.jpg,suspicious/suspicious_00965.jpg,additional_vid6,21
suspicious/additional_vid6_0022.jpg,suspicious/suspicious_00966.jpg,additional_vid6,22
suspicious/additional_vid6_0023.jpg,suspicious/suspicious_00967.jpg,additional_vid6,23
suspicious/additional_vid6_0024.jpg,suspicious/suspicious_00968.jpg,additional_vid6,24
suspicious/additional_vid6_0025.jpg,suspicious/suspicious_00969.jpg,additional_vid6,25
suspicious/additional_vid6_0026.jpg,suspicious/suspicious_00970.jpg,additional_vid6,26
suspicious/additional_vid6_0027.jpg,suspicious/suspicious_00971.jpg,additional_vid6,27
suspicious/additional_vid6_0028.jpg,suspicious/suspicious_00972.jpg,additional_vid6,28
suspicious/additional_vid6_0029.jpg,suspicious/suspicious_00973.jpg,additional_vid6,29
suspicious/additional_vid6_0030.jpg,suspicious/suspicious_00974.jpg,additional_vid6,30
suspicious/additional_vid6_0031.jpg,suspicious/suspicious_00975.jpg,additional_vid6,31
suspicious/additional_vid6_0032.jpg,suspicious/suspicious_00976.jpg,additional_vid6,32
suspicious/additional_vid6_0033.jpg,suspicious/suspicious_00977.jpg,additional_vid6,33
suspicious/additional_vid6_0034.jpg,suspicious/suspicious_00978.jpg,additional_vid6,34
suspicious/additional_vid6_0035.jpg,suspicious/suspicious_00979.jpg,additional_vid6,35
suspicious/additional_vid6_0036.jpg,suspicious/suspicious_00980.jpg,additional_vid6,36
suspicious/additional_vid6_0037.jpg,suspicious/suspicious_00981.jpg,additional_vid6,37
suspicious/additional_vid6_0038.jpg,suspicious/suspicious_00982.jpg,additional_vid6,38
suspicious/additional_vid6_0039.jpg,suspicious/suspicious_00983.jpg,additional_vid6,39
suspicious/additional_vid6_0040.jpg,suspicious/suspicious_00984.jpg,additional_vid6,40
suspicious/additional_vid6_0041.jpg,suspicious/suspicious_00985.jpg,additional_vid6,41
suspicious/additional_vid6_0042.jpg,suspicious/suspicious_00986.jpg,additional_vid6,42
suspicious/additional_vid6_0043.jpg,suspicious/suspicious_00987.jpg,additional_vid6,43
suspicious/additional_vid6_0044.jpg,suspicious/suspicious_00988.jpg,additional_vid6,44
suspicious/additional_vid6_0045.jpg,suspicious/suspicious_00989.jpg,additional_vid6,45
suspicious/additional_vid6_0046.jpg,suspicious/suspicious_00990.jpg,additional_vid6,46
suspicious/additional_vid6_0047.jpg,suspicious/suspicious_00991.jpg,additional_vid6,47
suspicious/additional_vid6_0048.jpg,suspicious/suspicious_00992.jpg,additional_vid6,48
suspicious/additional_vid6_0049.jpg,suspicious/suspicious_00993.jpg,additional_vid6,49
suspicious/additional_vid6_0050.jpg,suspicious/suspicious_00994.jpg,additional_vid6,50
suspicious/additional_vid6_0051.jpg,suspicious/suspicious_00995.jpg,additional_vid6,51
suspicious/additional_vid6_0052.jpg,suspicious/suspicious_00996.jpg,additional_vid6,52
suspicious/additional_vid6_0053.jpg,suspicious/suspicious_00997.jpg,additional_vid6,53
suspicious/additional_vid6_0054.jpg,suspicious/suspicious_00998.jpg,additional_vid6,54
suspicious/additional_vid6_0055.jpg,suspicious/suspicious_00999.jpg,additional_vid6,55
suspicious/additional_vid6_0056.jpg,suspicious/suspicious_01000.jpg,additional_vid6,56
suspicious/additional_vid6_0057.jpg,suspicious/suspicious_01001.jpg,additional_vid6,57
suspicious/additional_vid6_0058.jpg,suspicious/suspicious_01002.jpg,additional_vid6,58
suspicious/additional_vid6_0059.jpg,suspicious/suspicious_01003.jpg,additional_vid6,59
suspicious/additional_vid6_0060.jpg,suspicious/suspicious_01004.jpg,additional_vid6,60
suspicious/additional_vid6_0061.jpg,suspicious/suspicious_01005.jpg,additional_vid6,61
suspicious/additional_vid6_0062.jpg,suspicious/suspicious_01006.jpg,additional_vid6,62
suspicious/additional_vid6_0063.jpg,suspicious/suspicious_01007.jpg,additional_vid6,63
suspicious/additional_vid6_0064.jpg,suspicious/suspicious_01008.jpg,additional_vid6,64
suspicious/additional_vid6_0065.jpg,suspicious/suspicious_01009.jpg,additional_vid6,65
suspicious/additional_vid6_0066.jpg,suspicious/suspicious_01010.jpg,additional_vid6,66
suspicious/additional_vid6_0067.jpg,suspicious/suspicious_01011.jpg,additional_vid6,67
suspicious/additional_vid6_0068.jpg,suspicious/suspicious_01012.jpg,additional_vid6,68
suspicious/additional_vid6_0069.jpg,suspicious/suspicious_01013.jpg,additional_vid6,69
suspicious/additional_vid6_0070.jpg,suspicious/suspicious_01014.jpg,additional_vid6,70
suspicious/additional_vid6_0071.jpg,suspicious/suspicious_01015.jpg,additional_vid6,71
suspicious/additional_vid6_0072.jpg,suspicious/suspicious_01016.jpg,additional_vid6,72
suspicious/additional_vid6_0073.jpg,suspicious/suspicious_01017.jpg,additional_vid6,73
suspicious/additional_vid6_0074.jpg,suspicious/suspicious_01018.jpg,additional_vid6,74
suspicious/additional_vid6_0075.jpg,suspicious/suspicious_01019.jpg,additional_vid6,75
suspicious/additional_vid6_0076.jpg,suspicious/suspicious_01020.jpg,additional_vid6,76
suspicious/additional_vid6_0077.jpg,suspicious/suspicious_01021.jpg,additional_vid6,77
suspicious/additional_vid6_0078.jpg,suspicious/suspicious_01022.jpg,additional_vid6,78
suspicious/additional_vid6_0079.jpg,suspicious/suspicious_01023.jpg,additional_vid6,79
suspicious/additional_vid6_0080.jpg,suspicious/suspicious_01024.jpg,additional_vid6,80
suspicious/additional_vid6_0081.jpg,suspicious/suspicious_01025.jpg,additional_vid6,81
suspicious/additional_vid6_0082.jpg,suspicious/suspicious_01026.jpg,additional_vid6,82
suspicious/additional_vid6_0083.jpg,suspicious/suspicious_01027.jpg,additional_vid6,83
suspicious/additional_vid6_0084.jpg,suspicious/suspicious_01028.jpg,additional_vid6,84
suspicious/additional_vid6_0085.jpg,suspicious/suspicious_01029.jpg,additional_vid6,85
suspicious/additional_vid6_0086.jpg,suspicious/suspicious_01030.jpg,additional_vid6,86
suspicious/additional_vid6_0087.jpg,suspicious/suspicious_01031.jpg,additional_vid6,87
suspicious/additional_vid6_0088.jpg,suspicious/suspicious_01032.jpg,additional_vid6,88
suspicious/additional_vid6_0089.jpg,suspicious/suspicious_01033.jpg,additional_vid6,89
suspicious/additional_vid6_0090.jpg,suspicious/suspicious_01034.jpg,additional_vid6,90
suspicious/additional_vid6_0091.jpg,suspicious/suspicious_01035.jpg,additional_vid6,91
suspicious/additional_vid6_0092.jpg,suspicious/suspicious_01036.jpg,additional_vid6,92
suspicious/additional_vid6_0093.jpg,suspicious/suspicious_01037.jpg,additional_vid6,93
suspicious/additional_vid6_0094.jpg,suspicious/suspicious_01038.jpg,additional_vid6,94
suspicious/additional_vid6_0095.jpg,suspicious/suspicious_01039.jpg,additional_vid6,95
suspicious/additional_vid6_0096.jpg,suspicious/suspicious_01040.jpg,additional_vid6,96
suspicious/additional_vid6_0097.jpg,suspicious/suspicious_01041.jpg,additional_vid6,97
suspicious/additional_vid6_0098.jpg,suspicious/suspicious_01042.jpg,additional_vid6,98
suspicious/additional_vid6_0099.jpg,suspicious/suspicious_01043.jpg,additional_vid6,99
suspicious/additional_vid6_0100.jpg,suspicious/suspicious_01044.jpg,additional_vid6,100
suspicious/additional_vid6_0101.jpg,suspicious/suspicious_01045.jpg,additional_vid6,101
suspicious/additional_vid6_0102.jpg,suspicious/suspicious_01046.jpg,additional_vid6,102
suspicious/additional_vid6_0103.jpg,suspicious/suspicious_01047.jpg,additional_vid6,103
suspicious/additional_vid6_0104.jpg,suspicious/suspicious_01048.jpg,additional_vid6,104
suspicious/additional_vid6_0105.jpg,suspicious/suspicious_01049.jpg,additional_vid6,105
suspicious/additional_vid6_0106.jpg,suspicious/suspicious_01050.jpg,additional_vid6,106
suspicious/additional_vid6_0107.jpg,suspicious/suspicious_01051.jpg,additional_vid6,107
suspicious/additional_vid7_0001.jpg,suspicious/suspicious_01052.jpg,additional_vid7,1
suspicious/additional_vid7_0002.jpg,suspicious/suspicious_01053.jpg,additional_vid7,2
suspicious/additional_vid7_0003.jpg,suspicious/suspicious_01054.jpg,additional_vid7,3
suspicious/additional_vid7_0004.jpg,suspicious/suspicious_01055.jpg,additional_vid7,4
suspicious/additional_vid8_0001.jpg,suspicious/suspicious_01056.jpg,additional_vid8,1
suspicious/additional_vid8_0002.jpg,suspicious/suspicious_01057.jpg,additional_vid8,2
suspicious/additional_vid8_0003.jpg,suspicious/suspicious_01058.jpg,additional_vid8,3
suspicious/additional_vid8_0004.jpg,suspicious/suspicious_01059.jpg,additional_vid8,4
suspicious/additional_vid8_0005.jpg,suspicious/suspicious_01060.jpg,additional_vid8,5
suspicious/additional_vid8_0006.jpg,suspicious/suspicious_01061.jpg,additional_vid8,6
suspicious/additional_vid8_0007.jpg,suspicious/suspicious_01062.jpg,additional_vid8,7
suspicious/additional_vid8_0008.jpg,suspicious/suspicious_01063.jpg,additional_vid8,8
suspicious/additional_vid8_0009.jpg,suspicious/suspicious_01064.jpg,additional_vid8,9
suspicious/additional_vid8_0010.jpg,suspicious/suspicious_01065.jpg,additional_vid8,10
suspicious/additional_vid8_0011.jpg,suspicious/suspicious_01066.jpg,additional_vid8,11
suspicious/additional_vid8_0012.jpg,suspicious/suspicious_01067.jpg,additional_vid8,12
suspicious/additional_vid8_0013.jpg,suspicious/suspicious_01068.jpg,additional_vid8,13
suspicious/additional_vid8_0014.jpg,suspicious/suspicious_01069.jpg,additional_vid8,14
suspicious/additional_vid8_0015.jpg,suspicious/suspicious_01070.jpg,additional_vid8,15
suspicious/additional_vid8_0016.jpg,suspicious/suspicious_01071.jpg,additional_vid8,16
suspicious/additional_vid8_0017.jpg,suspicious/suspicious_01072.jpg,additional_vid8,17
suspicious/additional_vid8_0018.jpg,suspicious/suspicious_01073.jpg,additional_vid8,18
suspicious/additional_vid8_0019.jpg,suspicious/suspicious_01074.jpg,additional_vid8,19
suspicious/additional_vid8_0020.jpg,suspicious/suspicious_01075.jpg,additional_vid8,20
suspicious/additional_vid8_0021.jpg,suspicious/suspicious_01076.jpg,additional_vid8,21
suspicious/additional_vid8_0022.jpg,suspicious/suspicious_01077.jpg,additional_vid8,22
suspicious/additional_vid8_0023.jpg,suspicious/suspicious_01078.jpg,additional_vid8,23
suspicious/additional_vid8_0024.jpg,suspicious/suspicious_01079.jpg,additional_vid8,24
suspicious/additional_vid8_0025.jpg,suspicious/suspicious_01080.jpg,additional_vid8,25
suspicious/additional_vid8_0026.jpg,suspicious/suspicious_01081.jpg,additional_vid8,26
suspicious/additional_vid8_0027.jpg,suspicious/suspicious_01082.jpg,additional_vid8,27
suspicious/additional_vid8_0028.jpg,suspicious/suspicious_01083.jpg,additional_vid8,28
suspicious/additional_vid8_0029.jpg,suspicious/suspicious_01084.jpg,additional_vid8,29
suspicious/additional_vid8_0030.jpg,suspicious/suspicious_01085.jpg,additional_vid8,30
suspicious/additional_vid8_0031.jpg,suspicious/suspicious_01086.jpg,additional_vid8,31
suspicious/additional_vid8_0032.jpg,suspicious/suspicious_01087.jpg,additional_vid8,32
suspicious/additional_vid8_0033.jpg,suspicious/suspicious_01088.jpg,additional_vid8,33
suspicious/additional_vid8_0034.jpg,suspicious/suspicious_01089.jpg,additional_vid8,34
suspicious/additional_vid8_0035.jpg,suspicious/suspicious_01090.jpg,additional_vid8,35
suspicious/additional_vid8_0036.jpg,suspicious/suspicious_01091.jpg,additional_vid8,36
suspicious/additional_vid8_0037.jpg,suspicious/suspicious_01092.jpg,additional_vid8,37
suspicious/additional_vid8_0038.jpg,suspicious/suspicious_01093.jpg,additional_vid8,38
suspicious/additional_vid8_0039.jpg,suspicious/suspicious_01094.jpg,additional_vid8,39
suspicious/additional_vid8_0040.jpg,suspicious/suspicious_01095.jpg,additional_vid8,40
suspicious/additional_vid8_0041.jpg,suspicious/suspicious_01096.jpg,additional_vid8,41
suspicious/additional_vid8_0042.jpg,suspicious/suspicious_01097.jpg,additional_vid8,42
suspicious/additional_vid8_0043.jpg,suspicious/suspicious_01098.jpg,additional_vid8,43
suspicious/additional_vid8_0044.jpg,suspicious/suspicious_01099.jpg,additional_vid8,44
suspicious/additional_vid8_0045.jpg,suspicious/suspicious_01100.jpg,additional_vid8,45
suspicious/additional_vid8_0046.jpg,suspicious/suspicious_01101.jpg,additional_vid8,46
suspicious/additional_vid8_0047.jpg,suspicious/suspicious_01102.jpg,additional_vid8,47
suspicious/additional_vid8_0048.jpg,suspicious/suspicious_01103.jpg,additional_vid8,48
suspicious/additional_vid8_0049.jpg,suspicious/suspicious_01104.jpg,additional_vid8,49
suspicious/additional_vid8_0050.jpg,suspicious/suspicious_01105.jpg,additional_vid8,50
suspicious/additional_vid8_0051.jpg,suspicious/suspicious_01106.jpg,additional_vid8,51
suspicious/additional_vid8_0052.jpg,suspicious/suspicious_01107.jpg,additional_vid8,52
suspicious/additional_vid8_0053.jpg,suspicious/suspicious_01108.jpg,additional_vid8,53
suspicious/old_susp_vid1_0001.jpg,suspicious/suspicious_01109.jpg,old_susp_vid1,1
suspicious/old_susp_vid1_0002.jpg,suspicious/suspicious_01110.jpg,old_susp_vid1,2
suspicious/old_susp_vid1_0003.jpg,suspicious/suspicious_01111.jpg,old_susp_vid1,3
suspicious/old_susp_vid1_0004.jpg,suspicious/suspicious_01112.jpg,old_susp_vid1,4
suspicious/old_susp_vid1_0005.jpg,suspicious/suspicious_01113.jpg,old_susp_vid1,5
suspicious/old_susp_vid1_0006.jpg,suspicious/suspicious_01114.jpg,old_susp_vid1,6
suspicious/old_susp_vid1_0007.jpg,suspicious/suspicious_01115.jpg,old_susp_vid1,7
suspicious/old_susp_vid1_0008.jpg,suspicious/suspicious_01116.jpg,old_susp_vid1,8
suspicious/old_susp_vid1_0009.jpg,suspicious/suspicious_01117.jpg,old_susp_vid1,9
suspicious/old_susp_vid1_0010.jpg,suspicious/suspicious_01118.jpg,old_susp_vid1,10
suspicious/old_susp_vid1_0011.jpg,suspicious/suspicious_01119.jpg,old_susp_vid1,11
suspicious/old_susp_vid1_0012.jpg,suspicious/suspicious_01120.jpg,old_susp_vid1,12
suspicious/old_susp_vid1_0013.jpg,suspicious/suspicious_01121.jpg,old_susp_vid1,13
suspicious/old_susp_vid1_0014.jpg,suspicious/suspicious_01122.jpg,old_susp_vid1,14
suspicious/old_susp_vid1_0015.jpg,suspicious/suspicious_01123.jpg,old_susp_vid1,15
suspicious/old_susp_vid1_0016.jpg,suspicious/suspicious_01124.jpg,old_susp_vid1,16
suspicious/old_susp_vid1_0017.jpg,suspicious/suspicious_01125.jpg,old_susp_vid1,17
suspicious/old_susp_vid1_0018.jpg,suspicious/suspicious_01126.jpg,old_susp_vid1,18
suspicious/old_susp_vid1_0019.jpg,suspicious/suspicious_01127.jpg,old_susp_vid1,19
suspicious/old_susp_vid1_0020.jpg,suspicious/suspicious_01128.jpg,old_susp_vid1,20
suspicious/old_susp_vid1_0021.jpg,suspicious/suspicious_01129.jpg,old_susp_vid1,21
suspicious/old_susp_vid1_0022.jpg,suspicious/suspicious_01130.jpg,old_susp_vid1,22
suspicious/old_susp_vid1_0023.jpg,suspicious/suspicious_01131.jpg,old_susp_vid1,23
suspicious/old_susp_vid1_0024.jpg,suspicious/suspicious_01132.jpg,old_susp_vid1,24
suspicious/old_susp_vid1_0025.jpg,suspicious/suspicious_01133.jpg,old_susp_vid1,25
suspicious/old_susp_vid1_0026.jpg,suspicious/suspicious_01134.jpg,old_susp_vid1,26
suspicious/old_susp_vid1_0027.jpg,suspicious/suspicious_01135.jpg,old_susp_vid1,27
suspicious/old_susp_vid1_0028.jpg,suspicious/suspicious_01136.jpg,old_susp_vid1,28
suspicious/old_susp_vid1_0029.jpg,suspicious/suspicious_01137.jpg,old_susp_vid1,29
suspicious/old_susp_vid1_0030.jpg,suspicious/suspicious_01138.jpg,old_susp_vid1,30
suspicious/old_susp_vid1_0031.jpg,suspicious/suspicious_01139.jpg,old_susp_vid1,31
suspicious/old_susp_vid1_0032.jpg,suspicious/suspicious_01140.jpg,old_susp_vid1,32
suspicious/old_susp_vid1_0033.jpg,suspicious/suspicious_01141.jpg,old_susp_vid1,33
suspicious/old_susp_vid1_0034.jpg,suspicious/suspicious_01142.jpg,old_susp_vid1,34
suspicious/old_susp_vid1_0035.jpg,suspicious/suspicious_01143.jpg,old_susp_vid1,35
suspicious/old_susp_vid1_0036.jpg,suspicious/suspicious_01144.jpg,old_susp_vid1,36
suspicious/old_susp_vid1_0037.jpg,suspicious/suspicious_01145.jpg,old_susp_vid1,37
suspicious/old_susp_vid1_0038.jpg,suspicious/suspicious_01146.jpg,old_susp_vid1,38
suspicious/old_susp_vid1_0039.jpg,suspicious/suspicious_01147.jpg,old_susp_vid1,39
suspicious/old_susp_vid10_0001.jpg,suspicious/suspicious_01148.jpg,old_susp_vid10,1
suspicious/old_susp_vid10_0002.jpg,suspicious/suspicious_01149.jpg,old_susp_vid10,2
suspicious/old_susp_vid10_0003.jpg,suspicious/suspicious_01150.jpg,old_susp_vid10,3
suspicious/old_susp_vid10_0004.jpg,suspicious/suspicious_01151.jpg,old_susp_vid10,4
suspicious/old_susp_vid10_0005.jpg,suspicious/suspicious_01152.jpg,old_susp_vid10,5
suspicious/old_susp_vid10_0006.jpg,suspicious/suspicious_01153.jpg,old_susp_vid10,6
suspicious/old_susp_vid10_0007.jpg,suspicious/suspicious_01154.jpg,old_susp_vid10,7
suspicious/old_susp_vid10_0008.jpg,suspicious/suspicious_01155.jpg,old_susp_vid10,8
suspicious/old_susp_vid10_0009.jpg,suspicious/suspicious_01156.jpg,old_susp_vid10,9
suspicious/old_susp_vid10_0010.jpg,suspicious/suspicious_01157.jpg,old_susp_vid10,10
suspicious/old_susp_vid10_0011.jpg,suspicious/suspicious_01158.jpg,old_susp_vid10,11
suspicious/old_susp_vid10_0012.jpg,suspicious/suspicious_01159.jpg,old_susp_vid10,12
suspicious/old_susp_vid10_0013.jpg,suspicious/suspicious_01160.jpg,old_susp_vid10,13
suspicious/old_susp_vid10_0014.jpg,suspicious/suspicious_01161.jpg,old_susp_vid10,14
suspicious/old_susp_vid10_0015.jpg,suspicious/suspicious_01162.jpg,old_susp_vid10,15
suspicious/old_susp_vid10_0016.jpg,suspicious/suspicious_01163.jpg,old_susp_vid10,16
suspicious/old_susp_vid10_0017.jpg,suspicious/suspicious_01164.jpg,old_susp_vid10,17
suspicious/old_susp_vid10_0018.jpg,suspicious/suspicious_01165.jpg,old_susp_vid10,18
suspicious/old_susp_vid10_0019.jpg,suspicious/suspicious_01166.jpg,old_susp_vid10,19
suspicious/old_susp_vid10_0020.jpg,suspicious/suspicious_01167.jpg,old_susp_vid10,20
suspicious/old_susp_vid10_0021.jpg,suspicious/suspicious_01168.jpg,old_susp_vid10,21
suspicious/old_susp_vid10_0022.jpg,suspicious/suspicious_01169.jpg,old_susp_vid10,22
suspicious/old_susp_vid10_0023.jpg,suspicious/suspicious_01170.jpg,old_susp_vid10,23
suspicious/old_susp_vid10_0024.jpg,suspicious/suspicious_01171.jpg,old_susp_vid10,24
suspicious/old_susp_vid10_0025.jpg,suspicious/suspicious_01172.jpg,old_susp_vid10,25
suspicious/old_susp_vid10_0026.jpg,suspicious/suspicious_01173.jpg,old_susp_vid10,26
suspicious/old_susp_vid10_0027.jpg,suspicious/suspicious_01174.jpg,old_susp_vid10,27
suspicious/old_susp_vid10_0028.jpg,suspicious/suspicious_01175.jpg,old_susp_vid10,28
suspicious/old_susp_vid10_0029.jpg,suspicious/suspicious_01176.jpg,old_susp_vid10,29
suspicious/old_susp_vid10_0030.jpg,suspicious/suspicious_01177.jpg,old_susp_vid10,30
suspicious/old_susp_vid10_0031.jpg,suspicious/suspicious_01178.jpg,old_susp_vid10,31
suspicious/old_susp_vid10_0032.jpg,suspicious/suspicious_01179.jpg,old_susp_vid10,32
suspicious/old_susp_vid10_0033.jpg,suspicious/suspicious_01180.jpg,old_susp_vid10,33
suspicious/old_susp_vid10_0034.jpg,suspicious/suspicious_01181.jpg,old_susp_vid10,34
suspicious/old_susp_vid10_0035.jpg,suspicious/suspicious_01182.jpg,old_susp_vid10,35
suspicious/old_susp_vid10_0036.jpg,suspicious/suspicious_01183.jpg,old_susp_vid10,36
suspicious/old_susp_vid10_0037.jpg,suspicious/suspicious_01184.jpg,old_susp_vid10,37
suspicious/old_susp_vid10_0038.jpg,suspicious/suspicious_01185.jpg,old_susp_vid10,38
suspicious/old_susp_vid10_0039.jpg,suspicious/suspicious_01186.jpg,old_susp_vid10,39
suspicious/old_susp_vid10_0040.jpg,suspicious/suspicious_01187.jpg,old_susp_vid10,40
suspicious/old_susp_vid10_0041.jpg,suspicious/suspicious_01188.jpg,old_susp_vid10,41
suspicious/old_susp_vid10_0042.jpg,suspicious/suspicious_01189.jpg,old_susp_vid10,42
suspicious/old_susp_vid10_0043.jpg,suspicious/suspicious_01190.jpg,old_susp_vid10,43
suspicious/old_susp_vid10_0044.jpg,suspicious/suspicious_01191.jpg,old_susp_vid10,44
suspicious/old_susp_vid10_0045.jpg,suspicious/suspicious_01192.jpg,old_susp_vid10,45
suspicious/old_susp_vid10_0046.jpg,suspicious/suspicious_01193.jpg,old_susp_vid10,46
suspicious/old_susp_vid10_0047.jpg,suspicious/suspicious_01194.jpg,old_susp_vid10,47
suspicious/old_susp_vid10_0048.jpg,suspicious/suspicious_01195.jpg,old_susp_vid10,48
suspicious/old_susp_vid10_0049.jpg,suspicious/suspicious_01196.jpg,old_susp_vid10,49
suspicious/old_susp_vid10_0050.jpg,suspicious/suspicious_01197.jpg,old_susp_vid10,50
suspicious/old_susp_vid10_0051.jpg,suspicious/suspicious_01198.jpg,old_susp_vid10,51
suspicious/old_susp_vid10_0052.jpg,suspicious/suspicious_01199.jpg,old_susp_vid10,52
suspicious/old_susp_vid10_0053.jpg,suspicious/suspicious_01200.jpg,old_susp_vid10,53
suspicious/old_susp_vid10_0054.jpg,suspicious/suspicious_01201.jpg,old_susp_vid10,54
suspicious/old_susp_vid10_0055.jpg,suspicious/suspicious_01202.jpg,old_susp_vid10,55
suspicious/old_susp_vid10_0056.jpg,suspicious/suspicious_01203.jpg,old_susp_vid10,56
suspicious/old_susp_vid10_0057.jpg,suspicious/suspicious_01204.jpg,old_susp_vid10,57
suspicious/old_susp_vid10_0058.jpg,suspicious/suspicious_01205.jpg,old_susp_vid10,58
suspicious/old_susp_vid10_0059.jpg,suspicious/suspicious_01206.jpg,old_susp_vid10,59
suspicious/old_susp_vid10_0060.jpg,suspicious/suspicious_01207.jpg,old_susp_vid10,60
suspicious/old_susp_vid10_0061.jpg,suspicious/suspicious_01208.jpg,old_susp_vid10,61
suspicious/old_susp_vid10_0062.jpg,suspicious/suspicious_01209.jpg,old_susp_vid10,62
suspicious/old_susp_vid10_0063.jpg,suspicious/suspicious_01210.jpg,old_susp_vid10,63
suspicious/old_susp_vid10_0064.jpg,suspicious/suspicious_01211.jpg,old_susp_vid10,64
suspicious/old_susp_vid10_0065.jpg,suspicious/suspicious_01212.jpg,old_susp_vid10,65
suspicious/old_susp_vid10_0066.jpg,suspicious/suspicious_01213.jpg,old_susp_vid10,66
suspicious/old_susp_vid10_0067.jpg,suspicious/suspicious_01214.jpg,old_susp_vid10,67
suspicious/old_susp_vid10_0068.jpg,suspicious/suspicious_01215.jpg,old_susp_vid10,68
suspicious/old_susp_vid10_0069.jpg,suspicious/suspicious_01216.jpg,old_susp_vid10,69
suspicious/old_susp_vid10_0070.jpg,suspicious/suspicious_01217.jpg,old_susp_vid10,70
suspicious/old_susp_vid10_0071.jpg,suspicious/suspicious_01218.jpg,old_susp_vid10,71
suspicious/old_susp_vid10_0072.jpg,suspicious/suspicious_01219.jpg,old_susp_vid10,72
suspicious/old_susp_vid10_0073.jpg,suspicious/suspicious_01220.jpg,old_susp_vid10,73
suspicious/old_susp_vid10_0074.jpg,suspicious/suspicious_01221.jpg,old_susp_vid10,74
suspicious/old_susp_vid10_0075.jpg,suspicious/suspicious_01222.jpg,old_susp_vid10,75
suspicious/old_susp_vid10_0076.jpg,suspicious/suspicious_01223.jpg,old_susp_vid10,76
suspicious/old_susp_vid10_0077.jpg,suspicious/suspicious_01224.jpg,old_susp_vid10,77
suspicious/old_susp_vid10_0078.jpg,suspicious/suspicious_01225.jpg,old_susp_vid10,78
suspicious/old_susp_vid10_0079.jpg,suspicious/suspicious_01226.jpg,old_susp_vid10,79
suspicious/old_susp_vid10_0080.jpg,suspicious/suspicious_01227.jpg,old_susp_vid10,80
suspicious/old_susp_vid10_0081.jpg,suspicious/suspicious_01228.jpg,old_susp_vid10,81
suspicious/old_susp_vid10_0082.jpg,suspicious/suspicious_01229.jpg,old_susp_vid10,82
suspicious/old_susp_vid10_0083.jpg,suspicious/suspicious_01230.jpg,old_susp_vid10,83
suspicious/old_susp_vid10_0084.jpg,suspicious/suspicious_01231.jpg,old_susp_vid10,84
suspicious/old_susp_vid10_0085.jpg,suspicious/suspicious_01232.jpg,old_susp_vid10,85
suspicious/old_susp_vid10_0086.jpg,suspicious/suspicious_01233.jpg,old_susp_vid10,86
suspicious/old_susp_vid10_0087.jpg,suspicious/suspicious_01234.jpg,old_susp_vid10,87
suspicious/old_susp_vid10_0088.jpg,suspicious/suspicious_01235.jpg,old_susp_vid10,88
suspicious/old_susp_vid10_0089.jpg,suspicious/suspicious_01236.jpg,old_susp_vid10,89
suspicious/old_susp_vid10_0090.jpg,suspicious/suspicious_01237.jpg,old_susp_vid10,90
suspicious/old_susp_vid10_0091.jpg,suspicious/suspicious_01238.jpg,old_susp_vid10,91
suspicious/old_susp_vid10_0092.jpg,suspicious/suspicious_01239.jpg,old_susp_vid10,92
suspicious/old_susp_vid10_0093.jpg,suspicious/suspicious_01240.jpg,old_susp_vid10,93
suspicious/old_susp_vid10_0094.jpg,suspicious/suspicious_01241.jpg,old_susp_vid10,94
suspicious/old_susp_vid10_0095.jpg,suspicious/suspicious_01242.jpg,old_susp_vid10,95
suspicious/old_susp_vid10_0096.jpg,suspicious/suspicious_01243.jpg,old_susp_vid10,96
suspicious/old_susp_vid10_0097.jpg,suspicious/suspicious_01244.jpg,old_susp_vid10,97
suspicious/old_susp_vid10_0098.jpg,suspicious/suspicious_01245.jpg,old_susp_vid10,98
suspicious/old_susp_vid10_0099.jpg,suspicious/suspicious_01246.jpg,old_susp_vid10,99
suspicious/old_susp_vid10_0100.jpg,suspicious/suspicious_01247.jpg,old_susp_vid10,100
suspicious/old_susp_vid10_0101.jpg,suspicious/suspicious_01248.jpg,old_susp_vid10,101
suspicious/old_susp_vid10_0102.jpg,suspicious/suspicious_01249.jpg,old_susp_vid10,102
suspicious/old_susp_vid10_0103.jpg,suspicious/suspicious_01250.jpg,old_susp_vid10,103
suspicious/old_susp_vid10_0104.jpg,suspicious/suspicious_01251.jpg,old_susp_vid10,104
suspicious/old_susp_vid10_0105.jpg,suspicious/suspicious_01252.jpg,old_susp_vid10,105
suspicious/old_susp_vid10_0106.jpg,suspicious/suspicious_01253.jpg,old_susp_vid10,106
suspicious/old_susp_vid10_0107.jpg,suspicious/suspicious_01254.jpg,old_susp_vid10,107
suspicious/old_susp_vid10_0108.jpg,suspicious/suspicious_01255.jpg,old_susp_vid10,108
suspicious/old_susp_vid10_0109.jpg,suspicious/suspicious_01256.jpg,old_susp_vid10,109
suspicious/old_susp_vid10_0110.jpg,suspicious/suspicious_01257.jpg,old_susp_vid10,110
suspicious/old_susp_vid10_0111.jpg,suspicious/suspicious_01258.jpg,old_susp_vid10,111
suspicious/old_susp_vid10_0112.jpg,suspicious/suspicious_01259.jpg,old_susp_vid10,112
suspicious/old_susp_vid10_0113.jpg,suspicious/suspicious_01260.jpg,old_susp_vid10,113
suspicious/old_susp_vid10_0114.jpg,suspicious/suspicious_01261.jpg,old_susp_vid10,114
suspicious/old_susp_vid10_0115.jpg,suspicious/suspicious_01262.jpg,old_susp_vid10,115
suspicious/old_susp_vid10_0116.jpg,suspicious/suspicious_01263.jpg,old_susp_vid10,116
suspicious/old_susp_vid10_0117.jpg,suspicious/suspicious_01264.jpg,old_susp_vid10,117
suspicious/old_susp_vid10_0118.jpg,suspicious/suspicious_01265.jpg,old_susp_vid10,118
suspicious/old_susp_vid10_0119.jpg,suspicious/suspicious_01266.jpg,old_susp_vid10,119
suspicious/old_susp_vid10_0120.jpg,suspicious/suspicious_01267.jpg,old_susp_vid10,120
suspicious/old_susp_vid10_0121.jpg,suspicious/suspicious_01268.jpg,old_susp_vid10,121
suspicious/old_susp_vid10_0122.jpg,suspicious/suspicious_01269.jpg,old_susp_vid10,122
suspicious/old_susp_vid10_0123.jpg,suspicious/suspicious_01270.jpg,old_susp_vid10,123
suspicious/old_susp_vid10_0124.jpg,suspicious/suspicious_01271.jpg,old_susp_vid10,124
suspicious/old_susp_vid10_0125.jpg,suspicious/suspicious_01272.jpg,old_susp_vid10,125
suspicious/old_susp_vid10_0126.jpg,suspicious/suspicious_01273.jpg,old_susp_vid10,126
suspicious/old_susp_vid10_0127.jpg,suspicious/suspicious_01274.jpg,old_susp_vid10,127
suspicious/old_susp_vid10_0128.jpg,suspicious/suspicious_01275.jpg,old_susp_vid10,128
suspicious/old_susp_vid10_0129.jpg,suspicious/suspicious_01276.jpg,old_susp_vid10,129
suspicious/old_susp_vid10_0130.jpg,suspicious/suspicious_01277.jpg,old_susp_vid10,130
suspicious/old_susp_vid10_0131.jpg,suspicious/suspicious_01278.jpg,old_susp_vid10,131
suspicious/old_susp_vid10_0132.jpg,suspicious/suspicious_01279.jpg,old_susp_vid10,132
suspicious/old_susp_vid10_0133.jpg,suspicious/suspicious_01280.jpg,old_susp_vid10,133
suspicious/old_susp_vid10_0134.jpg,suspicious/suspicious_01281.jpg,old_susp_vid10,134
suspicious/old_susp_vid10_0135.jpg,suspicious/suspicious_01282.jpg,old_susp_vid10,135
suspicious/old_susp_vid10_0136.jpg,suspicious/suspicious_01283.jpg,old_susp_vid10,136
suspicious/old_susp_vid10_0137.jpg,suspicious/suspicious_01284.jpg,old_susp_vid10,137
suspicious/old_susp_vid10_0138.jpg,suspicious/suspicious_01285.jpg,old_susp_vid10,138
suspicious/old_susp_vid10_0139.jpg,suspicious/suspicious_01286.jpg,old_susp_vid10,139
suspicious/old_susp_vid10_0140.jpg,suspicious/suspicious_01287.jpg,old_susp_vid10,140
suspicious/old_susp_vid10_0141.jpg,suspicious/suspicious_01288.jpg,old_susp_vid10,141
suspicious/old_susp_vid10_0142.jpg,suspicious/suspicious_01289.jpg,old_susp_vid10,142
suspicious/old_susp_vid10_0143.jpg,suspicious/suspicious_01290.jpg,old_susp_vid10,143
suspicious/old_susp_vid10_0144.jpg,suspicious/suspicious_01291.jpg,old_susp_vid10,144
suspicious/old_susp_vid10_0145.jpg,suspicious/suspicious_01292.jpg,old_susp_vid10,145
suspicious/old_susp_vid10_0146.jpg,suspicious/suspicious_01293.jpg,old_susp_vid10,146
suspicious/old_susp_vid10_0147.jpg,suspicious/suspicious_01294.jpg,old_susp_vid10,147
suspicious/old_susp_vid10_0148.jpg,suspicious/suspicious_01295.jpg,old_susp_vid10,148
suspicious/old_susp_vid10_0149.jpg,suspicious/suspicious_01296.jpg,old_susp_vid10,149
suspicious/old_susp_vid10_0150.jpg,suspicious/suspicious_01297.jpg,old_susp_vid10,150
suspicious/old_susp_vid10_0151.jpg,suspicious/suspicious_01298.jpg,old_susp_vid10,151
suspicious/old_susp_vid10_0152.jpg,suspicious/suspicious_01299.jpg,old_susp_vid10,152
suspicious/old_susp_vid10_0153.jpg,suspicious/suspicious_01300.jpg,old_susp_vid10,153
suspicious/old_susp_vid10_0154.jpg,suspicious/suspicious_01301.jpg,old_susp_vid10,154
suspicious/old_susp_vid10_0155.jpg,suspicious/suspicious_01302.jpg,old_susp_vid10,155
suspicious/old_susp_vid10_0156.jpg,suspicious/suspicious_01303.jpg,old_susp_vid10,156
suspicious/old_susp_vid10_0157.jpg,suspicious/suspicious_01304.jpg,old_susp_vid10,157
suspicious/old_susp_vid10_0158.jpg,suspicious/suspicious_01305.jpg,old_susp_vid10,158
suspicious/old_susp_vid10_0159.jpg,suspicious/suspicious_01306.jpg,old_susp_vid10,159
suspicious/old_susp_vid10_0160.jpg,suspicious/suspicious_01307.jpg,old_susp_vid10,160
suspicious/old_susp_vid10_0161.jpg,suspicious/suspicious_01308.jpg,old_susp_vid10,161
suspicious/old_susp_vid10_0162.jpg,suspicious/suspicious_01309.jpg,old_susp_vid10,162
suspicious/old_susp_vid10_0163.jpg,suspicious/suspicious_01310.jpg,old_susp_vid10,163
suspicious/old_susp_vid10_0164.jpg,suspicious/suspicious_01311.jpg,old_susp_vid10,164
suspicious/old_susp_vid10_0165.jpg,suspicious/suspicious_01312.jpg,old_susp_vid10,165
suspicious/old_susp_vid10_0166.jpg,suspicious/suspicious_01313.jpg,old_susp_vid10,166
suspicious/old_susp_vid10_0167.jpg,suspicious/suspicious_01314.jpg,old_susp_vid10,167
suspicious/old_susp_vid10_0168.jpg,suspicious/suspicious_01315.jpg,old_susp_vid10,168
suspicious/old_susp_vid10_0169.jpg,suspicious/suspicious_01316.jpg,old_susp_vid10,169
suspicious/old_susp_vid10_0170.jpg,suspicious/suspicious_01317.jpg,old_susp_vid10,170
suspicious/old_susp_vid10_0171.jpg,suspicious/suspicious_01318.jpg,old_susp_vid10,171
suspicious/old_susp_vid10_0172.jpg,suspicious/suspicious_01319.jpg,old_susp_vid10,172
suspicious/old_susp_vid10_0173.jpg,suspicious/suspicious_01320.jpg,old_susp_vid10,173
suspicious/old_susp_vid10_0174.jpg,suspicious/suspicious_01321.jpg,old_susp_vid10,174
suspicious/old_susp_vid10_0175.jpg,suspicious/suspicious_01322.jpg,old_susp_vid10,175
suspicious/old_susp_vid10_0176.jpg,suspicious/suspicious_01323.jpg,old_susp_vid10,176
suspicious/old_susp_vid10_0177.jpg,suspicious/suspicious_01324.jpg,old_susp_vid10,177
suspicious/old_susp_vid10_0178.jpg,suspicious/suspicious_01325.jpg,old_susp_vid10,178
suspicious/old_susp_vid10_0179.jpg,suspicious/suspicious_01326.jpg,old_susp_vid10,179
suspicious/old_susp_vid10_0180.jpg,suspicious/suspicious_01327.jpg,old_susp_vid10,180
suspicious/old_susp_vid10_0181.jpg,suspicious/suspicious_01328.jpg,old_susp_vid10,181
suspicious/old_susp_vid10_0182.jpg,suspicious/suspicious_01329.jpg,old_susp_vid10,182
suspicious/old_susp_vid10_0183.jpg,suspicious/suspicious_01330.jpg,old_susp_vid10,183
suspicious/old_susp_vid10_0184.jpg,suspicious/suspicious_01331.jpg,old_susp_vid10,184
suspicious/old_susp_vid10_0185.jpg,suspicious/suspicious_01332.jpg,old_susp_vid10,185
suspicious/old_susp_vid10_0186.jpg,suspicious/suspicious_01333.jpg,old_susp_vid10,186
suspicious/old_susp_vid10_0187.jpg,suspicious/suspicious_01334.jpg,old_susp_vid10,187
suspicious/old_susp_vid10_0188.jpg,suspicious/suspicious_01335.jpg,old_susp_vid10,188
suspicious/old_susp_vid10_0189.jpg,suspicious/suspicious_01336.jpg,old_susp_vid10,189
suspicious/old_susp_vid10_0190.jpg,suspicious/suspicious_01337.jpg,old_susp_vid10,190
suspicious/old_susp_vid10_0191.jpg,suspicious/suspicious_01338.jpg,old_susp_vid10,191
suspicious/old_susp_vid10_0192.jpg,suspicious/suspicious_01339.jpg,old_susp_vid10,192
suspicious/old_susp_vid10_0193.jpg,suspicious/suspicious_01340.jpg,old_susp_vid10,193
suspicious/old_susp_vid10_0194.jpg,suspicious/suspicious_01341.jpg,old_susp_vid10,194
suspicious/old_susp_vid10_0195.jpg,suspicious/suspicious_01342.jpg,old_susp_vid10,195
suspicious/old_susp_vid10_0196.jpg,suspicious/suspicious_01343.jpg,old_susp_vid10,196
suspicious/old_susp_vid10_0197.jpg,suspicious/suspicious_01344.jpg,old_susp_vid10,197
suspicious/old_susp_vid10_0198.jpg,suspicious/suspicious_01345.jpg,old_susp_vid10,198
suspicious/old_susp_vid10_0199.jpg,suspicious/suspicious_01346.jpg,old_susp_vid10,199
suspicious/old_susp_vid10_0200.jpg,suspicious/suspicious_01347.jpg,old_susp_vid10,200
suspicious/old_susp_vid10_0201.jpg,suspicious/suspicious_01348.jpg,old_susp_vid10,201
suspicious/old_susp_vid10_0202.jpg,suspicious/suspicious_01349.jpg,old_susp_vid10,202
suspicious/old_susp_vid10_0203.jpg,suspicious/suspicious_01350.jpg,old_susp_vid10,203
suspicious/old_susp_vid10_0204.jpg,suspicious/suspicious_01351.jpg,old_susp_vid10,204
suspicious/old_susp_vid10_0205.jpg,suspicious/suspicious_01352.jpg,old_susp_vid10,205
suspicious/old_susp_vid10_0206.jpg,suspicious/suspicious_01353.jpg,old_susp_vid10,206
suspicious/old_susp_vid10_0207.jpg,suspicious/suspicious_01354.jpg,old_susp_vid10,207
suspicious/old_susp_vid10_0208.jpg,suspicious/suspicious_01355.jpg,old_susp_vid10,208
suspicious/old_susp_vid10_0209.jpg,suspicious/suspicious_01356.jpg,old_susp_vid10,209
suspicious/old_susp_vid10_0210.jpg,suspicious/suspicious_01357.jpg,old_susp_vid10,210
suspicious/old_susp_vid10_0211.jpg,suspicious/suspicious_01358.jpg,old_susp_vid10,211
suspicious/old_susp_vid10_0212.jpg,suspicious/suspicious_01359.jpg,old_susp_vid10,212
suspicious/old_susp_vid10_0213.jpg,suspicious/suspicious_01360.jpg,old_susp_vid10,213
suspicious/old_susp_vid10_0214.jpg,suspicious/suspicious_01361.jpg,old_susp_vid10,214
suspicious/old_susp_vid10_0215.jpg,suspicious/suspicious_01362.jpg,old_susp_vid10,215
suspicious/old_susp_vid10_0216.jpg,suspicious/suspicious_01363.jpg,old_susp_vid10,216
suspicious/old_susp_vid10_0217.jpg,suspicious/suspicious_01364.jpg,old_susp_vid10,217
suspicious/old_susp_vid10_0218.jpg,suspicious/suspicious_01365.jpg,old_susp_vid10,218
suspicious/old_susp_vid10_0219.jpg,suspicious/suspicious_01366.jpg,old_susp_vid10,219
suspicious/old_susp_vid10_0220.jpg,suspicious/suspicious_01367.jpg,old_susp_vid10,220
suspicious/old_susp_vid10_0221.jpg,suspicious/suspicious_01368.jpg,old_susp_vid10,221
suspicious/old_susp_vid10_0222.jpg,suspicious/suspicious_01369.jpg,old_susp_vid10,222
suspicious/old_susp_vid10_0223.jpg,suspicious/suspicious_01370.jpg,old_susp_vid10,223
suspicious/old_susp_vid10_0224.jpg,suspicious/suspicious_01371.jpg,old_susp_vid10,224
suspicious/old_susp_vid10_0225.jpg,suspicious/suspicious_01372.jpg,old_susp_vid10,225
suspicious/old_susp_vid10_0226.jpg,suspicious/suspicious_01373.jpg,old_susp_vid10,226
suspicious/old_susp_vid10_0227.jpg,suspicious/suspicious_01374.jpg,old_susp_vid10,227
suspicious/old_susp_vid10_0228.jpg,suspicious/suspicious_01375.jpg,old_susp_vid10,228
suspicious/old_susp_vid10_0229.jpg,suspicious/suspicious_01376.jpg,old_susp_vid10,229
suspicious/old_susp_vid10_0230.jpg,suspicious/suspicious_01377.jpg,old_susp_vid10,230
suspicious/old_susp_vid10_0231.jpg,suspicious/suspicious_01378.jpg,old_susp_vid10,231
suspicious/old_susp_vid10_0232.jpg,suspicious/suspicious_01379.jpg,old_susp_vid10,232
suspicious/old_susp_vid10_0233.jpg,suspicious/suspicious_01380.jpg,old_susp_vid10,233
suspicious/old_susp_vid10_0234.jpg,suspicious/suspicious_01381.jpg,old_susp_vid10,234
suspicious/old_susp_vid10_0235.jpg,suspicious/suspicious_01382.jpg,old_susp_vid10,235
suspicious/old_susp_vid10_0236.jpg,suspicious/suspicious_01383.jpg,old_susp_vid10,236
suspicious/old_susp_vid10_0237.jpg,suspicious/suspicious_01384.jpg,old_susp_vid10,237
suspicious/old_susp_vid10_0238.jpg,suspicious/suspicious_01385.jpg,old_susp_vid10,238
suspicious/old_susp_vid10_0239.jpg,suspicious/suspicious_01386.jpg,old_susp_vid10,239
suspicious/old_susp_vid10_0240.jpg,suspicious/suspicious_01387.jpg,old_susp_vid10,240
suspicious/old_susp_vid10_0241.jpg,suspicious/suspicious_01388.jpg,old_susp_vid10,241
suspicious/old_susp_vid10_0242.jpg,suspicious/suspicious_01389.jpg,old_susp_vid10,242
suspicious/old_susp_vid10_0243.jpg,suspicious/suspicious_01390.jpg,old_susp_vid10,243
suspicious/old_susp_vid10_0244.jpg,suspicious/suspicious_01391.jpg,old_susp_vid10,244
suspicious/old_susp_vid10_0245.jpg,suspicious/suspicious_01392.jpg,old_susp_vid10,245
suspicious/old_susp_vid10_0246.jpg,suspicious/suspicious_01393.jpg,old_susp_vid10,246
suspicious/old_susp_vid10_0247.jpg,suspicious/suspicious_01394.jpg,old_susp_vid10,247
suspicious/old_susp_vid10_0248.jpg,suspicious/suspicious_01395.jpg,old_susp_vid10,248
suspicious/old_susp_vid10_0249.jpg,suspicious/suspicious_01396.jpg,old_susp_vid10,249
suspicious/old_susp_vid10_0250.jpg,suspicious/suspicious_01397.jpg,old_susp_vid10,250
suspicious/old_susp_vid10_0251.jpg,suspicious/suspicious_01398.jpg,old_susp_vid10,251
suspicious/old_susp_vid10_0252.jpg,suspicious/suspicious_01399.jpg,old_susp_vid10,252
suspicious/old_susp_vid10_0253.jpg,suspicious/suspicious_01400.jpg,old_susp_vid10,253
suspicious/old_susp_vid10_0254.jpg,suspicious/suspicious_01401.jpg,old_susp_vid10,254
suspicious/old_susp_vid10_0255.jpg,suspicious/suspicious_01402.jpg,old_susp_vid10,255
suspicious/old_susp_vid10_0256.jpg,suspicious/suspicious_01403.jpg,old_susp_vid10,256
suspicious/old_susp_vid10_0257.jpg,suspicious/suspicious_01404.jpg,old_susp_vid10,257
suspicious/old_susp_vid10_0258.jpg,suspicious/suspicious_01405.jpg,old_susp_vid10,258
suspicious/old_susp_vid10_0259.jpg,suspicious/suspicious_01406.jpg,old_susp_vid10,259
suspicious/old_susp_vid10_0260.jpg,suspicious/suspicious_01407.jpg,old_susp_vid10,260
suspicious/old_susp_vid10_0261.jpg,suspicious/suspicious_01408.jpg,old_susp_vid10,261
suspicious/old_susp_vid10_0262.jpg,suspicious/suspicious_01409.jpg,old_susp_vid10,262
suspicious/old_susp_vid10_0263.jpg,suspicious/suspicious_01410.jpg,old_susp_vid10,263
suspicious/old_susp_vid10_0264.jpg,suspicious/suspicious_01411.jpg,old_susp_vid10,264
suspicious/old_susp_vid10_0265.jpg,suspicious/suspicious_01412.jpg,old_susp_vid10,265
suspicious/old_susp_vid10_0266.jpg,suspicious/suspicious_01413.jpg,old_susp_vid10,266
suspicious/old_susp_vid10_0267.jpg,suspicious/suspicious_01414.jpg,old_susp_vid10,267
suspicious/old_susp_vid10_0268.jpg,suspicious/suspicious_01415.jpg,old_susp_vid10,268
suspicious/old_susp_vid10_0269.jpg,suspicious/suspicious_01416.jpg,old_susp_vid10,269
suspicious/old_susp_vid10_0270.jpg,suspicious/suspicious_01417.jpg,old_susp_vid10,270
suspicious/old_susp_vid10_0271.jpg,suspicious/suspicious_01418.jpg,old_susp_vid10,271
suspicious/old_susp_vid10_0272.jpg,suspicious/suspicious_01419.jpg,old_susp_vid10,272
suspicious/old_susp_vid10_0273.jpg,suspicious/suspicious_01420.jpg,old_susp_vid10,273
suspicious/old_susp_vid10_0274.jpg,suspicious/suspicious_01421.jpg,old_susp_vid10,274
suspicious/old_susp_vid10_0275.jpg,suspicious/suspicious_01422.jpg,old_susp_vid10,275
suspicious/old_susp_vid10_0276.jpg,suspicious/suspicious_01423.jpg,old_susp_vid10,276
suspicious/old_susp_vid10_0277.jpg,suspicious/suspicious_01424.jpg,old_susp_vid10,277
suspicious/old_susp_vid10_0278.jpg,suspicious/suspicious_01425.jpg,old_susp_vid10,278
suspicious/old_susp_vid10_0279.jpg,suspicious/suspicious_01426.jpg,old_susp_vid10,279
suspicious/old_susp_vid10_0280.jpg,suspicious/suspicious_01427.jpg,old_susp_vid10,280
suspicious/old_susp_vid10_0281.jpg,suspicious/suspicious_01428.jpg,old_susp_vid10,281
suspicious/old_susp_vid10_0282.jpg,suspicious/suspicious_01429.jpg,old_susp_vid10,282
suspicious/old_susp_vid10_0283.jpg,suspicious/suspicious_01430.jpg,old_susp_vid10,283
suspicious/old_susp_vid10_0284.jpg,suspicious/suspicious_01431.jpg,old_susp_vid10,284
suspicious/old_susp_vid10_0285.jpg,suspicious/suspicious_01432.jpg,old_susp_vid10,285
suspicious/old_susp_vid10_0286.jpg,suspicious/suspicious_01433.jpg,old_susp_vid10,286
suspicious/old_susp_vid10_0287.jpg,suspicious/suspicious_01434.jpg,old_susp_vid10,287
suspicious/old_susp_vid10_0288.jpg,suspicious/suspicious_01435.jpg,old_susp_vid10,288
suspicious/old_susp_vid10_0289.jpg,suspicious/suspicious_01436.jpg,old_susp_vid10,289
suspicious/old_susp_vid10_0290.jpg,suspicious/suspicious_01437.jpg,old_susp_vid10,290
suspicious/old_susp_vid10_0291.jpg,suspicious/suspicious_01438.jpg,old_susp_vid10,291
suspicious/old_susp_vid10_0292.jpg,suspicious/suspicious_01439.jpg,old_susp_vid10,292
suspicious/old_susp_vid10_0293.jpg,suspicious/suspicious_01440.jpg,old_susp_vid10,293
suspicious/old_susp_vid10_0294.jpg,suspicious/suspicious_01441.jpg,old_susp_vid10,294
suspicious/old_susp_vid10_0295.jpg,suspicious/suspicious_01442.jpg,old_susp_vid10,295
suspicious/old_susp_vid10_0296.jpg,suspicious/suspicious_01443.jpg,old_susp_vid10,296
suspicious/old_susp_vid10_0297.jpg,suspicious/suspicious_01444.jpg,old_susp_vid10,297
suspicious/old_susp_vid10_0298.jpg,suspicious/suspicious_01445.jpg,old_susp_vid10,298
suspicious/old_susp_vid10_0299.jpg,suspicious/suspicious_01446.jpg,old_susp_vid10,299
suspicious/old_susp_vid10_0300.jpg,suspicious/suspicious_01447.jpg,old_susp_vid10,300
suspicious/old_susp_vid10_0301.jpg,suspicious/suspicious_01448.jpg,old_susp_vid10,301
suspicious/old_susp_vid10_0302.jpg,suspicious/suspicious_01449.jpg,old_susp_vid10,302
suspicious/old_susp_vid10_0303.jpg,suspicious/suspicious_01450.jpg,old_susp_vid10,303
suspicious/old_susp_vid10_0304.jpg,suspicious/suspicious_01451.jpg,old_susp_vid10,304
suspicious/old_susp_vid10_0305.jpg,suspicious/suspicious_01452.jpg,old_susp_vid10,305
suspicious/old_susp_vid10_0306.jpg,suspicious/suspicious_01453.jpg,old_susp_vid10,306
suspicious/old_susp_vid10_0307.jpg,suspicious/suspicious_01454.jpg,old_susp_vid10,307
suspicious/old_susp_vid10_0308.jpg,suspicious/suspicious_01455.jpg,old_susp_vid10,308
suspicious/old_susp_vid10_0309.jpg,suspicious/suspicious_01456.jpg,old_susp_vid10,309
suspicious/old_susp_vid10_0310.jpg,suspicious/suspicious_01457.jpg,old_susp_vid10,310
suspicious/old_susp_vid10_0311.jpg,suspicious/suspicious_01458.jpg,old_susp_vid10,311
suspicious/old_susp_vid10_0312.jpg,suspicious/suspicious_01459.jpg,old_susp_vid10,312
suspicious/old_susp_vid10_0313.jpg,suspicious/suspicious_01460.jpg,old_susp_vid10,313
suspicious/old_susp_vid10_0314.jpg,suspicious/suspicious_01461.jpg,old_susp_vid10,314
suspicious/old_susp_vid10_0315.jpg,suspicious/suspicious_01462.jpg,old_susp_vid10,315
suspicious/old_susp_vid10_0316.jpg,suspicious/suspicious_01463.jpg,old_susp_vid10,316
suspicious/old_susp_vid10_0317.jpg,suspicious/suspicious_01464.jpg,old_susp_vid10,317
suspicious/old_susp_vid10_0318.jpg,suspicious/suspicious_01465.jpg,old_susp_vid10,318
suspicious/old_susp_vid10_0319.jpg,suspicious/suspicious_01466.jpg,old_susp_vid10,319
suspicious/old_susp_vid10_0320.jpg,suspicious/suspicious_01467.jpg,old_susp_vid10,320
suspicious/old_susp_vid10_0321.jpg,suspicious/suspicious_01468.jpg,old_susp_vid10,321
suspicious/old_susp_vid10_0322.jpg,suspicious/suspicious_01469.jpg,old_susp_vid10,322
suspicious/old_susp_vid10_0323.jpg,suspicious/suspicious_01470.jpg,old_susp_vid10,323
suspicious/old_susp_vid10_0324.jpg,suspicious/suspicious_01471.jpg,old_susp_vid10,324
suspicious/old_susp_vid10_0325.jpg,suspicious/suspicious_01472.jpg,old_susp_vid10,325
suspicious/old_susp_vid10_0326.jpg,suspicious/suspicious_01473.jpg,old_susp_vid10,326
suspicious/old_susp_vid10_0327.jpg,suspicious/suspicious_01474.jpg,old_susp_vid10,327
suspicious/old_susp_vid10_0328.jpg,suspicious/suspicious_01475.jpg,old_susp_vid10,328
suspicious/old_susp_vid10_0329.jpg,suspicious/suspicious_01476.jpg,old_susp_vid10,329
suspicious/old_susp_vid10_0330.jpg,suspicious/suspicious_01477.jpg,old_susp_vid10,330
suspicious/old_susp_vid10_0331.jpg,suspicious/suspicious_01478.jpg,old_susp_vid10,331
suspicious/old_susp_vid10_0332.jpg,suspicious/suspicious_01479.jpg,old_susp_vid10,332
suspicious/old_susp_vid10_0333.jpg,suspicious/suspicious_01480.jpg,old_susp_vid10,333
suspicious/old_susp_vid10_0334.jpg,suspicious/suspicious_01481.jpg,old_susp_vid10,334
suspicious/old_susp_vid10_0335.jpg,suspicious/suspicious_01482.jpg,old_susp_vid10,335
suspicious/old_susp_vid10_0336.jpg,suspicious/suspicious_01483.jpg,old_susp_vid10,336
suspicious/old_susp_vid10_0337.jpg,suspicious/suspicious_01484.jpg,old_susp_vid10,337
suspicious/old_susp_vid10_0338.jpg,suspicious/suspicious_01485.jpg,old_susp_vid10,338
suspicious/old_susp_vid10_0339.jpg,suspicious/suspicious_01486.jpg,old_susp_vid10,339
suspicious/old_susp_vid10_0340.jpg,suspicious/suspicious_01487.jpg,old_susp_vid10,340
suspicious/old_susp_vid10_0341.jpg,suspicious/suspicious_01488.jpg,old_susp_vid10,341
suspicious/old_susp_vid10_0342.jpg,suspicious/suspicious_01489.jpg,old_susp_vid10,342
suspicious/old_susp_vid10_0343.jpg,suspicious/suspicious_01490.jpg,old_susp_vid10,343
suspicious/old_susp_vid10_0344.jpg,suspicious/suspicious_01491.jpg,old_susp_vid10,344
suspicious/old_susp_vid10_0345.jpg,suspicious/suspicious_01492.jpg,old_susp_vid10,345
suspicious/old_susp_vid10_0346.jpg,suspicious/suspicious_01493.jpg,old_susp_vid10,346
suspicious/old_susp_vid10_0347.jpg,suspicious/suspicious_01494.jpg,old_susp_vid10,347
suspicious/old_susp_vid10_0348.jpg,suspicious/suspicious_01495.jpg,old_susp_vid10,348
suspicious/old_susp_vid10_0349.jpg,suspicious/suspicious_01496.jpg,old_susp_vid10,349
suspicious/old_susp_vid10_0350.jpg,suspicious/suspicious_01497.jpg,old_susp_vid10,350
suspicious/old_susp_vid10_0351.jpg,suspicious/suspicious_01498.jpg,old_susp_vid10,351
suspicious/old_susp_vid10_0352.jpg,suspicious/suspicious_01499.jpg,old_susp_vid10,352
suspicious/old_susp_vid10_0353.jpg,suspicious/suspicious_01500.jpg,old_susp_vid10,353
suspicious/old_susp_vid10_0354.jpg,suspicious/suspicious_01501.jpg,old_susp_vid10,354
suspicious/old_susp_vid10_0355.jpg,suspicious/suspicious_01502.jpg,old_susp_vid10,355
suspicious/old_susp_vid10_0356.jpg,suspicious/suspicious_01503.jpg,old_susp_vid10,356
suspicious/old_susp_vid10_0357.jpg,suspicious/suspicious_01504.jpg,old_susp_vid10,357
suspicious/old_susp_vid10_0358.jpg,suspicious/suspicious_01505.jpg,old_susp_vid10,358
suspicious/old_susp_vid10_0359.jpg,suspicious/suspicious_01506.jpg,old_susp_vid10,359
suspicious/old_susp_vid10_0360.jpg,suspicious/suspicious_01507.jpg,old_susp_vid10,360
suspicious/old_susp_vid10_0361.jpg,suspicious/suspicious_01508.jpg,old_susp_vid10,361
suspicious/old_susp_vid10_0362.jpg,suspicious/suspicious_01509.jpg,old_susp_vid10,362
suspicious/old_susp_vid10_0363.jpg,suspicious/suspicious_01510.jpg,old_susp_vid10,363
suspicious/old_susp_vid10_0364.jpg,suspicious/suspicious_01511.jpg,old_susp_vid10,364
suspicious/old_susp_vid10_0365.jpg,suspicious/suspicious_01512.jpg,old_susp_vid10,365
suspicious/old_susp_vid11_0001.jpg,suspicious/suspicious_01513.jpg,old_susp_vid11,1
suspicious/old_susp_vid11_0002.jpg,suspicious/suspicious_01514.jpg,old_susp_vid11,2
suspicious/old_susp_vid11_0003.jpg,suspicious/suspicious_01515.jpg,old_susp_vid11,3
suspicious/old_susp_vid11_0004.jpg,suspicious/suspicious_01516.jpg,old_susp_vid11,4
suspicious/old_susp_vid11_0005.jpg,suspicious/suspicious_01517.jpg,old_susp_vid11,5
suspicious/old_susp_vid11_0006.jpg,suspicious/suspicious_01518.jpg,old_susp_vid11,6
suspicious/old_susp_vid11_0007.jpg,suspicious/suspicious_01519.jpg,old_susp_vid11,7
suspicious/old_susp_vid11_0008.jpg,suspicious/suspicious_01520.jpg,old_susp_vid11,8
suspicious/old_susp_vid11_0009.jpg,suspicious/suspicious_01521.jpg,old_susp_vid11,9
suspicious/old_susp_vid11_0010.jpg,suspicious/suspicious_01522.jpg,old_susp_vid11,10
suspicious/old_susp_vid11_0011.jpg,suspicious/suspicious_01523.jpg,old_susp_vid11,11
suspicious/old_susp_vid11_0012.jpg,suspicious/suspicious_01524.jpg,old_susp_vid11,12
suspicious/old_susp_vid11_0013.jpg,suspicious/suspicious_01525.jpg,old_susp_vid11,13
suspicious/old_susp_vid11_0014.jpg,suspicious/suspicious_01526.jpg,old_susp_vid11,14
suspicious/old_susp_vid11_0015.jpg,suspicious/suspicious_01527.jpg,old_susp_vid11,15
suspicious/old_susp_vid11_0016.jpg,suspicious/suspicious_01528.jpg,old_susp_vid11,16
suspicious/old_susp_vid11_0017.jpg,suspicious/suspicious_01529.jpg,old_susp_vid11,17
suspicious/old_susp_vid11_0018.jpg,suspicious/suspicious_01530.jpg,old_susp_vid11,18
suspicious/old_susp_vid11_0019.jpg,suspicious/suspicious_01531.jpg,old_susp_vid11,19
suspicious/old_susp_vid11_0020.jpg,suspicious/suspicious_01532.jpg,old_susp_vid11,20
suspicious/old_susp_vid12_0001.jpg,suspicious/suspicious_01533.jpg,old_susp_vid12,1
suspicious/old_susp_vid12_0002.jpg,suspicious/suspicious_01534.jpg,old_susp_vid12,2
suspicious/old_susp_vid12_0003.jpg,suspicious/suspicious_01535.jpg,old_susp_vid12,3
suspicious/old_susp_vid12_0004.jpg,suspicious/suspicious_01536.jpg,old_susp_vid12,4
suspicious/old_susp_vid12_0005.jpg,suspicious/suspicious_01537.jpg,old_susp_vid12,5
suspicious/old_susp_vid12_0006.jpg,suspicious/suspicious_01538.jpg,old_susp_vid12,6
suspicious/old_susp_vid12_0007.jpg,suspicious/suspicious_01539.jpg,old_susp_vid12,7
suspicious/old_susp_vid12_0008.jpg,suspicious/suspicious_01540.jpg,old_susp_vid12,8
suspicious/old_susp_vid12_0009.jpg,suspicious/suspicious_01541.jpg,old_susp_vid12,9
suspicious/old_susp_vid12_0010.jpg,suspicious/suspicious_01542.jpg,old_susp_vid12,10
suspicious/old_susp_vid12_0011.jpg,suspicious/suspicious_01543.jpg,old_susp_vid12,11
suspicious/old_susp_vid12_0012.jpg,suspicious/suspicious_01544.jpg,old_susp_vid12,12
suspicious/old_susp_vid12_0013.jpg,suspicious/suspicious_01545.jpg,old_susp_vid12,13
suspicious/old_susp_vid12_0014.jpg,suspicious/suspicious_01546.jpg,old_susp_vid12,14
suspicious/old_susp_vid12_0015.jpg,suspicious/suspicious_01547.jpg,old_susp_vid12,15
suspicious/old_susp_vid12_0016.jpg,suspicious/suspicious_01548.jpg,old_susp_vid12,16
suspicious/old_susp_vid12_0017.jpg,suspicious/suspicious_01549.jpg,old_susp_vid12,17
suspicious/old_susp_vid12_0018.jpg,suspicious/suspicious_01550.jpg,old_susp_vid12,18
suspicious/old_susp_vid12_0019.jpg,suspicious/suspicious_01551.jpg,old_susp_vid12,19
suspicious/old_susp_vid12_0020.jpg,suspicious/suspicious_01552.jpg,old_susp_vid12,20
suspicious/old_susp_vid12_0021.jpg,suspicious/suspicious_01553.jpg,old_susp_vid12,21
suspicious/old_susp_vid12_0022.jpg,suspicious/suspicious_01554.jpg,old_susp_vid12,22
suspicious/old_susp_vid12_0023.jpg,suspicious/suspicious_01555.jpg,old_susp_vid12,23
suspicious/old_susp_vid12_0024.jpg,suspicious/suspicious_01556.jpg,old_susp_vid12,24
suspicious/old_susp_vid12_0025.jpg,suspicious/suspicious_01557.jpg,old_susp_vid12,25
suspicious/old_susp_vid12_0026.jpg,suspicious/suspicious_01558.jpg,old_susp_vid12,26
suspicious/old_susp_vid12_0027.jpg,suspicious/suspicious_01559.jpg,old_susp_vid12,27
suspicious/old_susp_vid12_0028.jpg,suspicious/suspicious_01560.jpg,old_susp_vid12,28
suspicious/old_susp_vid12_0029.jpg,suspicious/suspicious_01561.jpg,old_susp_vid12,29
suspicious/old_susp_vid12_0030.jpg,suspicious/suspicious_01562.jpg,old_susp_vid12,30
suspicious/old_susp_vid12_0031.jpg,suspicious/suspicious_01563.jpg,old_susp_vid12,31
suspicious/old_susp_vid12_0032.jpg,suspicious/suspicious_01564.jpg,old_susp_vid12,32
suspicious/old_susp_vid12_0033.jpg,suspicious/suspicious_01565.jpg,old_susp_vid12,33
suspicious/old_susp_vid12_0034.jpg,suspicious/suspicious_01566.jpg,old_susp_vid12,34
suspicious/old_susp_vid12_0035.jpg,suspicious/suspicious_01567.jpg,old_susp_vid12,35
suspicious/old_susp_vid12_0036.jpg,suspicious/suspicious_01568.jpg,old_susp_vid12,36
suspicious/old_susp_vid12_0037.jpg,suspicious/suspicious_01569.jpg,old_susp_vid12,37
suspicious/old_susp_vid12_0038.jpg,suspicious/suspicious_01570.jpg,old_susp_vid12,38
suspicious/old_susp_vid12_0039.jpg,suspicious/suspicious_01571.jpg,old_susp_vid12,39
suspicious/old_susp_vid12_0040.jpg,suspicious/suspicious_01572.jpg,old_susp_vid12,40
suspicious/old_susp_vid12_0041.jpg,suspicious/suspicious_01573.jpg,old_susp_vid12,41
suspicious/old_susp_vid12_0042.jpg,suspicious/suspicious_01574.jpg,old_susp_vid12,42
suspicious/old_susp_vid12_0043.jpg,suspicious/suspicious_01575.jpg,old_susp_vid12,43
suspicious/old_susp_vid12_0044.jpg,suspicious/suspicious_01576.jpg,old_susp_vid12,44
suspicious/old_susp_vid12_0045.jpg,suspicious/suspicious_01577.jpg,old_susp_vid12,45
suspicious/old_susp_vid12_0046.jpg,suspicious/suspicious_01578.jpg,old_susp_vid12,46
suspicious/old_susp_vid12_0047.jpg,suspicious/suspicious_01579.jpg,old_susp_vid12,47
suspicious/old_susp_vid12_0048.jpg,suspicious/suspicious_01580.jpg,old_susp_vid12,48
suspicious/old_susp_vid12_0049.jpg,suspicious/suspicious_01581.jpg,old_susp_vid12,49
suspicious/old_susp_vid12_0050.jpg,suspicious/suspicious_01582.jpg,old_susp_vid12,50
suspicious/old_susp_vid12_0051.jpg,suspicious/suspicious_01583.jpg,old_susp_vid12,51
suspicious/old_susp_vid12_0052.jpg,suspicious/suspicious_01584.jpg,old_susp_vid12,52
suspicious/old_susp_vid12_0053.jpg,suspicious/suspicious_01585.jpg,old_susp_vid12,53
suspicious/old_susp_vid12_0054.jpg,suspicious/suspicious_01586.jpg,old_susp_vid12,54
suspicious/old_susp_vid12_0055.jpg,suspicious/suspicious_01587.jpg,old_susp_vid12,55
suspicious/old_susp_vid12_0056.jpg,suspicious/suspicious_01588.jpg,old_susp_vid12,56
suspicious/old_susp_vid12_0057.jpg,suspicious/suspicious_01589.jpg,old_susp_vid12,57
suspicious/old_susp_vid12_0058.jpg,suspicious/suspicious_01590.jpg,old_susp_vid12,58
suspicious/old_susp_vid12_0059.jpg,suspicious/suspicious_01591.jpg,old_susp_vid12,59
suspicious/old_susp_vid12_0060.jpg,suspicious/suspicious_01592.jpg,old_susp_vid12,60
suspicious/old_susp_vid12_0061.jpg,suspicious/suspicious_01593.jpg,old_susp_vid12,61
suspicious/old_susp_vid12_0062.jpg,suspicious/suspicious_01594.jpg,old_susp_vid12,62
suspicious/old_susp_vid12_0063.jpg,suspicious/suspicious_01595.jpg,old_susp_vid12,63
suspicious/old_susp_vid12_0064.jpg,suspicious/suspicious_01596.jpg,old_susp_vid12,64
suspicious/old_susp_vid12_0065.jpg,suspicious/suspicious_01597.jpg,old_susp_vid12,65
suspicious/old_susp_vid12_0066.jpg,suspicious/suspicious_01598.jpg,old_susp_vid12,66
suspicious/old_susp_vid12_0067.jpg,suspicious/suspicious_01599.jpg,old_susp_vid12,67
suspicious/old_susp_vid12_0068.jpg,suspicious/suspicious_01600.jpg,old_susp_vid12,68
suspicious/old_susp_vid12_0069.jpg,suspicious/suspicious_01601.jpg,old_susp_vid12,69
suspicious/old_susp_vid12_0070.jpg,suspicious/suspicious_01602.jpg,old_susp_vid12,70
suspicious/old_susp_vid12_0071.jpg,suspicious/suspicious_01603.jpg,old_susp_vid12,71
suspicious/old_susp_vid12_0072.jpg,suspicious/suspicious_01604.jpg,old_susp_vid12,72
suspicious/old_susp_vid12_0073.jpg,suspicious/suspicious_01605.jpg,old_susp_vid12,73
suspicious/old_susp_vid12_0074.jpg,suspicious/suspicious_01606.jpg,old_susp_vid12,74
suspicious/old_susp_vid12_0075.jpg,suspicious/suspicious_01607.jpg,old_susp_vid12,75
suspicious/old_susp_vid12_0076.jpg,suspicious/suspicious_01608.jpg,old_susp_vid12,76
suspicious/old_susp_vid12_0077.jpg,suspicious/suspicious_01609.jpg,old_susp_vid12,77
suspicious/old_susp_vid12_0078.jpg,suspicious/suspicious_01610.jpg,old_susp_vid12,78
suspicious/old_susp_vid12_0079.jpg,suspicious/suspicious_01611.jpg,old_susp_vid12,79
suspicious/old_susp_vid12_0080.jpg,suspicious/suspicious_01612.jpg,old_susp_vid12,80
suspicious/old_susp_vid12_0081.jpg,suspicious/suspicious_01613.jpg,old_susp_vid12,81
suspicious/old_susp_vid12_0082.jpg,suspicious/suspicious_01614.jpg,old_susp_vid12,82
suspicious/old_susp_vid12_0083.jpg,suspicious/suspicious_01615.jpg,old_susp_vid12,83
suspicious/old_susp_vid12_0084.jpg,suspicious/suspicious_01616.jpg,old_susp_vid12,84
suspicious/old_susp_vid12_0085.jpg,suspicious/suspicious_01617.jpg,old_susp_vid12,85
suspicious/old_susp_vid12_0086.jpg,suspicious/suspicious_01618.jpg,old_susp_vid12,86
suspicious/old_susp_vid12_0087.jpg,suspicious/suspicious_01619.jpg,old_susp_vid12,87
suspicious/old_susp_vid12_0088.jpg,suspicious/suspicious_01620.jpg,old_susp_vid12,88
suspicious/old_susp_vid12_0089.jpg,suspicious/suspicious_01621.jpg,old_susp_vid12,89
suspicious/old_susp_vid12_0090.jpg,suspicious/suspicious_01622.jpg,old_susp_vid12,90
suspicious/old_susp_vid12_0091.jpg,suspicious/suspicious_01623.jpg,old_susp_vid12,91
suspicious/old_susp_vid12_0092.jpg,suspicious/suspicious_01624.jpg,old_susp_vid12,92
suspicious/old_susp_vid12_0093.jpg,suspicious/suspicious_01625.jpg,old_susp_vid12,93
suspicious/old_susp_vid12_0094.jpg,suspicious/suspicious_01626.jpg,old_susp_vid12,94
suspicious/old_susp_vid12_0095.jpg,suspicious/suspicious_01627.jpg,old_susp_vid12,95
suspicious/old_susp_vid12_0096.jpg,suspicious/suspicious_01628.jpg,old_susp_vid12,96
suspicious/old_susp_vid12_0097.jpg,suspicious/suspicious_01629.jpg,old_susp_vid12,97
suspicious/old_susp_vid12_0098.jpg,suspicious/suspicious_01630.jpg,old_susp_vid12,98
suspicious/old_susp_vid12_0099.jpg,suspicious/suspicious_01631.jpg,old_susp_vid12,99
suspicious/old_susp_vid12_0100.jpg,suspicious/suspicious_01632.jpg,old_susp_vid12,100
suspicious/old_susp_vid12_0101.jpg,suspicious/suspicious_01633.jpg,old_susp_vid12,101
suspicious/old_susp_vid12_0102.jpg,suspicious/suspicious_01634.jpg,old_susp_vid12,102
suspicious/old_susp_vid12_0103.jpg,suspicious/suspicious_01635.jpg,old_susp_vid12,103
suspicious/old_susp_vid12_0104.jpg,suspicious/suspicious_01636.jpg,old_susp_vid12,104
suspicious/old_susp_vid12_0105.jpg,suspicious/suspicious_01637.jpg,old_susp_vid12,105
suspicious/old_susp_vid12_0106.jpg,suspicious/suspicious_01638.jpg,old_susp_vid12,106
suspicious/old_susp_vid12_0107.jpg,suspicious/suspicious_01639.jpg,old_susp_vid12,107
suspicious/old_susp_vid12_0108.jpg,suspicious/suspicious_01640.jpg,old_susp_vid12,108
suspicious/old_susp_vid12_0109.jpg,suspicious/suspicious_01641.jpg,old_susp_vid12,109
suspicious/old_susp_vid12_0110.jpg,suspicious/suspicious_01642.jpg,old_susp_vid12,110
suspicious/old_susp_vid12_0111.jpg,suspicious/suspicious_01643.jpg,old_susp_vid12,111
suspicious/old_susp_vid12_0112.jpg,suspicious/suspicious_01644.jpg,old_susp_vid12,112
suspicious/old_susp_vid12_0113.jpg,suspicious/suspicious_01645.jpg,old_susp_vid12,113
suspicious/old_susp_vid12_0114.jpg,suspicious/suspicious_01646.jpg,old_susp_vid12,114
suspicious/old_susp_vid12_0115.jpg,suspicious/suspicious_01647.jpg,old_susp_vid12,115
suspicious/old_susp_vid12_0116.jpg,suspicious/suspicious_01648.jpg,old_susp_vid12,116
suspicious/old_susp_vid12_0117.jpg,suspicious/suspicious_01649.jpg,old_susp_vid12,117
suspicious/old_susp_vid12_0118.jpg,suspicious/suspicious_01650.jpg,old_susp_vid12,118
suspicious/old_susp_vid12_0119.jpg,suspicious/suspicious_01651.jpg,old_susp_vid12,119
suspicious/old_susp_vid12_0120.jpg,suspicious/suspicious_01652.jpg,old_susp_vid12,120
suspicious/old_susp_vid12_0121.jpg,suspicious/suspicious_01653.jpg,old_susp_vid12,121
suspicious/old_susp_vid12_0122.jpg,suspicious/suspicious_01654.jpg,old_susp_vid12,122
suspicious/old_susp_vid12_0123.jpg,suspicious/suspicious_01655.jpg,old_susp_vid12,123
suspicious/old_susp_vid12_0124.jpg,suspicious/suspicious_01656.jpg,old_susp_vid12,124
suspicious/old_susp_vid12_0125.jpg,suspicious/suspicious_01657.jpg,old_susp_vid12,125
suspicious/old_susp_vid12_0126.jpg,suspicious/suspicious_01658.jpg,old_susp_vid12,126
suspicious/old_susp_vid12_0127.jpg,suspicious/suspicious_01659.jpg,old_susp_vid12,127
suspicious/old_susp_vid12_0128.jpg,suspicious/suspicious_01660.jpg,old_susp_vid12,128
suspicious/old_susp_vid12_0129.jpg,suspicious/suspicious_01661.jpg,old_susp_vid12,129
suspicious/old_susp_vid12_0130.jpg,suspicious/suspicious_01662.jpg,old_susp_vid12,130
suspicious/old_susp_vid12_0131.jpg,suspicious/suspicious_01663.jpg,old_susp_vid12,131
suspicious/old_susp_vid12_0132.jpg,suspicious/suspicious_01664.jpg,old_susp_vid12,132
suspicious/old_susp_vid12_0133.jpg,suspicious/suspicious_01665.jpg,old_susp_vid12,133
suspicious/old_susp_vid12_0134.jpg,suspicious/suspicious_01666.jpg,old_susp_vid12,134
suspicious/old_susp_vid12_0135.jpg,suspicious/suspicious_01667.jpg,old_susp_vid12,135
suspicious/old_susp_vid12_0136.jpg,suspicious/suspicious_01668.jpg,old_susp_vid12,136
suspicious/old_susp_vid12_0137.jpg,suspicious/suspicious_01669.jpg,old_susp_vid12,137
suspicious/old_susp_vid12_0138.jpg,suspicious/suspicious_01670.jpg,old_susp_vid12,138
suspicious/old_susp_vid12_0139.jpg,suspicious/suspicious_01671.jpg,old_susp_vid12,139
suspicious/old_susp_vid12_0140.jpg,suspicious/suspicious_01672.jpg,old_susp_vid12,140
suspicious/old_susp_vid12_0141.jpg,suspicious/suspicious_01673.jpg,old_susp_vid12,141
suspicious/old_susp_vid12_0142.jpg,suspicious/suspicious_01674.jpg,old_susp_vid12,142
suspicious/old_susp_vid12_0143.jpg,suspicious/suspicious_01675.jpg,old_susp_vid12,143
suspicious/old_susp_vid12_0144.jpg,suspicious/suspicious_01676.jpg,old_susp_vid12,144
suspicious/old_susp_vid12_0145.jpg,suspicious/suspicious_01677.jpg,old_susp_vid12,145
suspicious/old_susp_vid12_0146.jpg,suspicious/suspicious_01678.jpg,old_susp_vid12,146
suspicious/old_susp_vid12_0147.jpg,suspicious/suspicious_01679.jpg,old_susp_vid12,147
suspicious/old_susp_vid12_0148.jpg,suspicious/suspicious_01680.jpg,old_susp_vid12,148
suspicious/old_susp_vid12_0149.jpg,suspicious/suspicious_01681.jpg,old_susp_vid12,149
suspicious/old_susp_vid12_0150.jpg,suspicious/suspicious_01682.jpg,old_susp_vid12,150
suspicious/old_susp_vid12_0151.jpg,suspicious/suspicious_01683.jpg,old_susp_vid12,151
suspicious/old_susp_vid12_0152.jpg,suspicious/suspicious_01684.jpg,old_susp_vid12,152
suspicious/old_susp_vid12_0153.jpg,suspicious/suspicious_01685.jpg,old_susp_vid12,153
suspicious/old_susp_vid12_0154.jpg,suspicious/suspicious_01686.jpg,old_susp_vid12,154
suspicious/old_susp_vid12_0155.jpg,suspicious/suspicious_01687.jpg,old_susp_vid12,155
suspicious/old_susp_vid12_0156.jpg,suspicious/suspicious_01688.jpg,old_susp_vid12,156
suspicious/old_susp_vid12_0157.jpg,suspicious/suspicious_01689.jpg,old_susp_vid12,157
suspicious/old_susp_vid12_0158.jpg,suspicious/suspicious_01690.jpg,old_susp_vid12,158
suspicious/old_susp_vid12_0159.jpg,suspicious/suspicious_01691.jpg,old_susp_vid12,159
suspicious/old_susp_vid12_0160.jpg,suspicious/suspicious_01692.jpg,old_susp_vid12,160
suspicious/old_susp_vid12_0161.jpg,suspicious/suspicious_01693.jpg,old_susp_vid12,161
suspicious/old_susp_vid12_0162.jpg,suspicious/suspicious_01694.jpg,old_susp_vid12,162
suspicious/old_susp_vid12_0163.jpg,suspicious/suspicious_01695.jpg,old_susp_vid12,163
suspicious/old_susp_vid12_0164.jpg,suspicious/suspicious_01696.jpg,old_susp_vid12,164
suspicious/old_susp_vid12_0165.jpg,suspicious/suspicious_01697.jpg,old_susp_vid12,165
suspicious/old_susp_vid12_0166.jpg,suspicious/suspicious_01698.jpg,old_susp_vid12,166
suspicious/old_susp_vid12_0167.jpg,suspicious/suspicious_01699.jpg,old_susp_vid12,167
suspicious/old_susp_vid12_0168.jpg,suspicious/suspicious_01700.jpg,old_susp_vid12,168
suspicious/old_susp_vid12_0169.jpg,suspicious/suspicious_01701.jpg,old_susp_vid12,169
suspicious/old_susp_vid12_0170.jpg,suspicious/suspicious_01702.jpg,old_susp_vid12,170
suspicious/old_susp_vid12_0171.jpg,suspicious/suspicious_01703.jpg,old_susp_vid12,171
suspicious/old_susp_vid12_0172.jpg,suspicious/suspicious_01704.jpg,old_susp_vid12,172
suspicious/old_susp_vid12_0173.jpg,suspicious/suspicious_01705.jpg,old_susp_vid12,173
suspicious/old_susp_vid12_0174.jpg,suspicious/suspicious_01706.jpg,old_susp_vid12,174
suspicious/old_susp_vid12_0175.jpg,suspicious/suspicious_01707.jpg,old_susp_vid12,175
suspicious/old_susp_vid12_0176.jpg,suspicious/suspicious_01708.jpg,old_susp_vid12,176
suspicious/old_susp_vid12_0177.jpg,suspicious/suspicious_01709.jpg,old_susp_vid12,177
suspicious/old_susp_vid12_0178.jpg,suspicious/suspicious_01710.jpg,old_susp_vid12,178
suspicious/old_susp_vid12_0179.jpg,suspicious/suspicious_01711.jpg,old_susp_vid12,179
suspicious/old_susp_vid12_0180.jpg,suspicious/suspicious_01712.jpg,old_susp_vid12,180
suspicious/old_susp_vid12_0181.jpg,suspicious/suspicious_01713.jpg,old_susp_vid12,181
suspicious/old_susp_vid12_0182.jpg,suspicious/suspicious_01714.jpg,old_susp_vid12,182
suspicious/old_susp_vid12_0183.jpg,suspicious/suspicious_01715.jpg,old_susp_vid12,183
suspicious/old_susp_vid12_0184.jpg,suspicious/suspicious_01716.jpg,old_susp_vid12,184
suspicious/old_susp_vid12_0185.jpg,suspicious/suspicious_01717.jpg,old_susp_vid12,185
suspicious/old_susp_vid12_0186.jpg,suspicious/suspicious_01718.jpg,old_susp_vid12,186
suspicious/old_susp_vid12_0187.jpg,suspicious/suspicious_01719.jpg,old_susp_vid12,187
suspicious/old_susp_vid12_0188.jpg,suspicious/suspicious_01720.jpg,old_susp_vid12,188
suspicious/old_susp_vid12_0189.jpg,suspicious/suspicious_01721.jpg,old_susp_vid12,189
suspicious/old_susp_vid12_0190.jpg,suspicious/suspicious_01722.jpg,old_susp_vid12,190
suspicious/old_susp_vid12_0191.jpg,suspicious/suspicious_01723.jpg,old_susp_vid12,191
suspicious/old_susp_vid12_0192.jpg,suspicious/suspicious_01724.jpg,old_susp_vid12,192
suspicious/old_susp_vid12_0193.jpg,suspicious/suspicious_01725.jpg,old_susp_vid12,193
suspicious/old_susp_vid12_0194.jpg,suspicious/suspicious_01726.jpg,old_susp_vid12,194
suspicious/old_susp_vid12_0195.jpg,suspicious/suspicious_01727.jpg,old_susp_vid12,195
suspicious/old_susp_vid12_0196.jpg,suspicious/suspicious_01728.jpg,old_susp_vid12,196
suspicious/old_susp_vid12_0197.jpg,suspicious/suspicious_01729.jpg,old_susp_vid12,197
suspicious/old_susp_vid12_0198.jpg,suspicious/suspicious_01730.jpg,old_susp_vid12,198
suspicious/old_susp_vid12_0199.jpg,suspicious/suspicious_01731.jpg,old_susp_vid12,199
suspicious/old_susp_vid12_0200.jpg,suspicious/suspicious_01732.jpg,old_susp_vid12,200
suspicious/old_susp_vid12_0201.jpg,suspicious/suspicious_01733.jpg,old_susp_vid12,201
suspicious/old_susp_vid12_0202.jpg,suspicious/suspicious_01734.jpg,old_susp_vid12,202
suspicious/old_susp_vid12_0203.jpg,suspicious/suspicious_01735.jpg,old_susp_vid12,203
suspicious/old_susp_vid12_0204.jpg,suspicious/suspicious_01736.jpg,old_susp_vid12,204
suspicious/old_susp_vid12_0205.jpg,suspicious/suspicious_01737.jpg,old_susp_vid12,205
suspicious/old_susp_vid12_0206.jpg,suspicious/suspicious_01738.jpg,old_susp_vid12,206
suspicious/old_susp_vid12_0207.jpg,suspicious/suspicious_01739.jpg,old_susp_vid12,207
suspicious/old_susp_vid12_0208.jpg,suspicious/suspicious_01740.jpg,old_susp_vid12,208
suspicious/old_susp_vid12_0209.jpg,suspicious/suspicious_01741.jpg,old_susp_vid12,209
suspicious/old_susp_vid12_0210.jpg,suspicious/suspicious_01742.jpg,old_susp_vid12,210
suspicious/old_susp_vid12_0211.jpg,suspicious/suspicious_01743.jpg,old_susp_vid12,211
suspicious/old_susp_vid12_0212.jpg,suspicious/suspicious_01744.jpg,old_susp_vid12,212
suspicious/old_susp_vid12_0213.jpg,suspicious/suspicious_01745.jpg,old_susp_vid12,213
suspicious/old_susp_vid12_0214.jpg,suspicious/suspicious_01746.jpg,old_susp_vid12,214
suspicious/old_susp_vid12_0215.jpg,suspicious/suspicious_01747.jpg,old_susp_vid12,215
suspicious/old_susp_vid12_0216.jpg,suspicious/suspicious_01748.jpg,old_susp_vid12,216
suspicious/old_susp_vid12_0217.jpg,suspicious/suspicious_01749.jpg,old_susp_vid12,217
suspicious/old_susp_vid12_0218.jpg,suspicious/suspicious_01750.jpg,old_susp_vid12,218
suspicious/old_susp_vid12_0219.jpg,suspicious/suspicious_01751.jpg,old_susp_vid12,219
suspicious/old_susp_vid12_0220.jpg,suspicious/suspicious_01752.jpg,old_susp_vid12,220
suspicious/old_susp_vid12_0221.jpg,suspicious/suspicious_01753.jpg,old_susp_vid12,221
suspicious/old_susp_vid12_0222.jpg,suspicious/suspicious_01754.jpg,old_susp_vid12,222
suspicious/old_susp_vid13_0001.jpg,suspicious/suspicious_01755.jpg,old_susp_vid13,1
suspicious/old_susp_vid14_0001.jpg,suspicious/suspicious_01756.jpg,old_susp_vid14,1
suspicious/old_susp_vid14_0002.jpg,suspicious/suspicious_01757.jpg,old_susp_vid14,2
suspicious/old_susp_vid14_0003.jpg,suspicious/suspicious_01758.jpg,old_susp_vid14,3
suspicious/old_susp_vid14_0004.jpg,suspicious/suspicious_01759.jpg,old_susp_vid14,4
suspicious/old_susp_vid14_0005.jpg,suspicious/suspicious_01760.jpg,old_susp_vid14,5
suspicious/old_susp_vid14_0006.jpg,suspicious/suspicious_01761.jpg,old_susp_vid14,6
suspicious/old_susp_vid15_0001.jpg,suspicious/suspicious_01762.jpg,old_susp_vid15,1
suspicious/old_susp_vid15_0002.jpg,suspicious/suspicious_01763.jpg,old_susp_vid15,2
suspicious/old_susp_vid15_0003.jpg,suspicious/suspicious_01764.jpg,old_susp_vid15,3
suspicious/old_susp_vid15_0004.jpg,suspicious/suspicious_01765.jpg,old_susp_vid15,4
suspicious/old_susp_vid15_0005.jpg,suspicious/suspicious_01766.jpg,old_susp_vid15,5
suspicious/old_susp_vid15_0006.jpg,suspicious/suspicious_01767.jpg,old_susp_vid15,6
suspicious/old_susp_vid16_0001.jpg,suspicious/suspicious_01768.jpg,old_susp_vid16,1
suspicious/old_susp_vid16_0002.jpg,suspicious/suspicious_01769.jpg,old_susp_vid16,2
suspicious/old_susp_vid16_0003.jpg,suspicious/suspicious_01770.jpg,old_susp_vid16,3
suspicious/old_susp_vid16_0004.jpg,suspicious/suspicious_01771.jpg,old_susp_vid16,4
suspicious/old_susp_vid17_0001.jpg,suspicious/suspicious_01772.jpg,old_susp_vid17,1
suspicious/old_susp_vid17_0002.jpg,suspicious/suspicious_01773.jpg,old_susp_vid17,2
suspicious/old_susp_vid17_0003.jpg,suspicious/suspicious_01774.jpg,old_susp_vid17,3
suspicious/old_susp_vid17_0004.jpg,suspicious/suspicious_01775.jpg,old_susp_vid17,4
suspicious/old_susp_vid17_0005.jpg,suspicious/suspicious_01776.jpg,old_susp_vid17,5
suspicious/old_susp_vid17_0006.jpg,suspicious/suspicious_01777.jpg,old_susp_vid17,6
suspicious/old_susp_vid17_0007.jpg,suspicious/suspicious_01778.jpg,old_susp_vid17,7
suspicious/old_susp_vid17_0008.jpg,suspicious/suspicious_01779.jpg,old_susp_vid17,8
suspicious/old_susp_vid17_0009.jpg,suspicious/suspicious_01780.jpg,old_susp_vid17,9
suspicious/old_susp_vid17_0010.jpg,suspicious/suspicious_01781.jpg,old_susp_vid17,10
suspicious/old_susp_vid17_0011.jpg,suspicious/suspicious_01782.jpg,old_susp_vid17,11
suspicious/old_susp_vid17_0012.jpg,suspicious/suspicious_01783.jpg,old_susp_vid17,12
suspicious/old_susp_vid18_0001.jpg,suspicious/suspicious_01784.jpg,old_susp_vid18,1
suspicious/old_susp_vid2_0001.jpg,suspicious/suspicious_01785.jpg,old_susp_vid2,1
suspicious/old_susp_vid2_0002.jpg,suspicious/suspicious_01786.jpg,old_susp_vid2,2
suspicious/old_susp_vid2_0003.jpg,suspicious/suspicious_01787.jpg,old_susp_vid2,3
suspicious/old_susp_vid2_0004.jpg,suspicious/suspicious_01788.jpg,old_susp_vid2,4
suspicious/old_susp_vid2_0005.jpg,suspicious/suspicious_01789.jpg,old_susp_vid2,5
suspicious/old_susp_vid2_0006.jpg,suspicious/suspicious_01790.jpg,old_susp_vid2,6
suspicious/old_susp_vid2_0007.jpg,suspicious/suspicious_01791.jpg,old_susp_vid2,7
suspicious/old_susp_vid2_0008.jpg,suspicious/suspicious_01792.jpg,old_susp_vid2,8
suspicious/old_susp_vid2_0009.jpg,suspicious/suspicious_01793.jpg,old_susp_vid2,9
suspicious/old_susp_vid2_0010.jpg,suspicious/suspicious_01794.jpg,old_susp_vid2,10
suspicious/old_susp_vid2_0011.jpg,suspicious/suspicious_01795.jpg,old_susp_vid2,11
suspicious/old_susp_vid2_0012.jpg,suspicious/suspicious_01796.jpg,old_susp_vid2,12
suspicious/old_susp_vid2_0013.jpg,suspicious/suspicious_01797.jpg,old_susp_vid2,13
suspicious/old_susp_vid2_0014.jpg,suspicious/suspicious_01798.jpg,old_susp_vid2,14
suspicious/old_susp_vid3_0001.jpg,suspicious/suspicious_01799.jpg,old_susp_vid3,1
suspicious/old_susp_vid3_0002.jpg,suspicious/suspicious_01800.jpg,old_susp_vid3,2
suspicious/old_susp_vid3_0003.jpg,suspicious/suspicious_01801.jpg,old_susp_vid3,3
suspicious/old_susp_vid3_0004.jpg,suspicious/suspicious_01802.jpg,old_susp_vid3,4
suspicious/old_susp_vid3_0005.jpg,suspicious/suspicious_01803.jpg,old_susp_vid3,5
suspicious/old_susp_vid3_0006.jpg,suspicious/suspicious_01804.jpg,old_susp_vid3,6
suspicious/old_susp_vid3_0007.jpg,suspicious/suspicious_01805.jpg,old_susp_vid3,7
suspicious/old_susp_vid3_0008.jpg,suspicious/suspicious_01806.jpg,old_susp_vid3,8
suspicious/old_susp_vid3_0009.jpg,suspicious/suspicious_01807.jpg,old_susp_vid3,9
suspicious/old_susp_vid3_0010.jpg,suspicious/suspicious_01808.jpg,old_susp_vid3,10
suspicious/old_susp_vid3_0011.jpg,suspicious/suspicious_01809.jpg,old_susp_vid3,11
suspicious/old_susp_vid3_0012.jpg,suspicious/suspicious_01810.jpg,old_susp_vid3,12
suspicious/old_susp_vid3_0013.jpg,suspicious/suspicious_01811.jpg,old_susp_vid3,13
suspicious/old_susp_vid3_0014.jpg,suspicious/suspicious_01812.jpg,old_susp_vid3,14
suspicious/old_susp_vid3_0015.jpg,suspicious/suspicious_01813.jpg,old_susp_vid3,15
suspicious/old_susp_vid4_0001.jpg,suspicious/suspicious_01814.jpg,old_susp_vid4,1
suspicious/old_susp_vid4_0002.jpg,suspicious/suspicious_01815.jpg,old_susp_vid4,2
suspicious/old_susp_vid4_0003.jpg,suspicious/suspicious_01816.jpg,old_susp_vid4,3
suspicious/old_susp_vid4_0004.jpg,suspicious/suspicious_01817.jpg,old_susp_vid4,4
suspicious/old_susp_vid4_0005.jpg,suspicious/suspicious_01818.jpg,old_susp_vid4,5
suspicious/old_susp_vid4_0006.jpg,suspicious/suspicious_01819.jpg,old_susp_vid4,6
suspicious/old_susp_vid4_0007.jpg,suspicious/suspicious_01820.jpg,old_susp_vid4,7
suspicious/old_susp_vid4_0008.jpg,suspicious/suspicious_01821.jpg,old_susp_vid4,8
suspicious/old_susp_vid4_0009.jpg,suspicious/suspicious_01822.jpg,old_susp_vid4,9
suspicious/old_susp_vid4_0010.jpg,suspicious/suspicious_01823.jpg,old_susp_vid4,10
suspicious/old_susp_vid4_0011.jpg,suspicious/suspicious_01824.jpg,old_susp_vid4,11
suspicious/old_susp_vid4_0012.jpg,suspicious/suspicious_01825.jpg,old_susp_vid4,12
suspicious/old_susp_vid4_0013.jpg,suspicious/suspicious_01826.jpg,old_susp_vid4,13
suspicious/old_susp_vid4_0014.jpg,suspicious/suspicious_01827.jpg,old_susp_vid4,14
suspicious/old_susp_vid4_0015.jpg,suspicious/suspicious_01828.jpg,old_susp_vid4,15
suspicious/old_susp_vid4_0016.jpg,suspicious/suspicious_01829.jpg,old_susp_vid4,16
suspicious/old_susp_vid4_0017.jpg,suspicious/suspicious_01830.jpg,old_susp_vid4,17
suspicious/old_susp_vid4_0018.jpg,suspicious/suspicious_01831.jpg,old_susp_vid4,18
suspicious/old_susp_vid4_0019.jpg,suspicious/suspicious_01832.jpg,old_susp_vid4,19
suspicious/old_susp_vid4_0020.jpg,suspicious/suspicious_01833.jpg,old_susp_vid4,20
suspicious/old_susp_vid4_0021.jpg,suspicious/suspicious_01834.jpg,old_susp_vid4,21
suspicious/old_susp_vid4_0022.jpg,suspicious/suspicious_01835.jpg,old_susp_vid4,22
suspicious/old_susp_vid4_0023.jpg,suspicious/suspicious_01836.jpg,old_susp_vid4,23
suspicious/old_susp_vid4_0024.jpg,suspicious/suspicious_01837.jpg,old_susp_vid4,24
suspicious/old_susp_vid4_0025.jpg,suspicious/suspicious_01838.jpg,old_susp_vid4,25
suspicious/old_susp_vid4_0026.jpg,suspicious/suspicious_01839.jpg,old_susp_vid4,26
suspicious/old_susp_vid4_0027.jpg,suspicious/suspicious_01840.jpg,old_susp_vid4,27
suspicious/old_susp_vid4_0028.jpg,suspicious/suspicious_01841.jpg,old_susp_vid4,28
suspicious/old_susp_vid4_0029.jpg,suspicious/suspicious_01842.jpg,old_susp_vid4,29
suspicious/old_susp_vid4_0030.jpg,suspicious/suspicious_01843.jpg,old_susp_vid4,30
suspicious/old_susp_vid4_0031.jpg,suspicious/suspicious_01844.jpg,old_susp_vid4,31
suspicious/old_susp_vid4_0032.jpg,suspicious/suspicious_01845.jpg,old_susp_vid4,32
suspicious/old_susp_vid4_0033.jpg,suspicious/suspicious_01846.jpg,old_susp_vid4,33
suspicious/old_susp_vid4_0034.jpg,suspicious/suspicious_01847.jpg,old_susp_vid4,34
suspicious/old_susp_vid4_0035.jpg,suspicious/suspicious_01848.jpg,old_susp_vid4,35
suspicious/old_susp_vid4_0036.jpg,suspicious/suspicious_01849.jpg,old_susp_vid4,36
suspicious/old_susp_vid4_0037.jpg,suspicious/suspicious_01850.jpg,old_susp_vid4,37
suspicious/old_susp_vid4_0038.jpg,suspicious/suspicious_01851.jpg,old_susp_vid4,38
suspicious/old_susp_vid4_0039.jpg,suspicious/suspicious_01852.jpg,old_susp_vid4,39
suspicious/old_susp_vid4_0040.jpg,suspicious/suspicious_01853.jpg,old_susp_vid4,40
suspicious/old_susp_vid4_0041.jpg,suspicious/suspicious_01854.jpg,old_susp_vid4,41
suspicious/old_susp_vid4_0042.jpg,suspicious/suspicious_01855.jpg,old_susp_vid4,42
suspicious/old_susp_vid4_0043.jpg,suspicious/suspicious_01856.jpg,old_susp_vid4,43
suspicious/old_susp_vid4_0044.jpg,suspicious/suspicious_01857.jpg,old_susp_vid4,44
suspicious/old_susp_vid4_0045.jpg,suspicious/suspicious_01858.jpg,old_susp_vid4,45
suspicious/old_susp_vid4_0046.jpg,suspicious/suspicious_01859.jpg,old_susp_vid4,46
suspicious/old_susp_vid4_0047.jpg,suspicious/suspicious_01860.jpg,old_susp_vid4,47
suspicious/old_susp_vid4_0048.jpg,suspicious/suspicious_01861.jpg,old_susp_vid4,48
suspicious/old_susp_vid4_0049.jpg,suspicious/suspicious_01862.jpg,old_susp_vid4,49
suspicious/old_susp_vid4_0050.jpg,suspicious/suspicious_01863.jpg,old_susp_vid4,50
suspicious/old_susp_vid4_0051.jpg,suspicious/suspicious_01864.jpg,old_susp_vid4,51
suspicious/old_susp_vid4_0052.jpg,suspicious/suspicious_01865.jpg,old_susp_vid4,52
suspicious/old_susp_vid4_0053.jpg,suspicious/suspicious_01866.jpg,old_susp_vid4,53
suspicious/old_susp_vid4_0054.jpg,suspicious/suspicious_01867.jpg,old_susp_vid4,54
suspicious/old_susp_vid4_0055.jpg,suspicious/suspicious_01868.jpg,old_susp_vid4,55
suspicious/old_susp_vid4_0056.jpg,suspicious/suspicious_01869.jpg,old_susp_vid4,56
suspicious/old_susp_vid4_0057.jpg,suspicious/suspicious_01870.jpg,old_susp_vid4,57
suspicious/old_susp_vid4_0058.jpg,suspicious/suspicious_01871.jpg,old_susp_vid4,58
suspicious/old_susp_vid4_0059.jpg,suspicious/suspicious_01872.jpg,old_susp_vid4,59
suspicious/old_susp_vid4_0060.jpg,suspicious/suspicious_01873.jpg,old_susp_vid4,60
suspicious/old_susp_vid4_0061.jpg,suspicious/suspicious_01874.jpg,old_susp_vid4,61
suspicious/old_susp_vid4_0062.jpg,suspicious/suspicious_01875.jpg,old_susp_vid4,62
suspicious/old_susp_vid4_0063.jpg,suspicious/suspicious_01876.jpg,old_susp_vid4,63
suspicious/old_susp_vid4_0064.jpg,suspicious/suspicious_01877.jpg,old_susp_vid4,64
suspicious/old_susp_vid4_0065.jpg,suspicious/suspicious_01878.jpg,old_susp_vid4,65
suspicious/old_susp_vid4_0066.jpg,suspicious/suspicious_01879.jpg,old_susp_vid4,66
suspicious/old_susp_vid4_0067.jpg,suspicious/suspicious_01880.jpg,old_susp_vid4,67
suspicious/old_susp_vid4_0068.jpg,suspicious/suspicious_01881.jpg,old_susp_vid4,68
suspicious/old_susp_vid4_0069.jpg,suspicious/suspicious_01882.jpg,old_susp_vid4,69
suspicious/old_susp_vid4_0070.jpg,suspicious/suspicious_01883.jpg,old_susp_vid4,70
suspicious/old_susp_vid4_0071.jpg,suspicious/suspicious_01884.jpg,old_susp_vid4,71
suspicious/old_susp_vid4_0072.jpg,suspicious/suspicious_01885.jpg,old_susp_vid4,72
suspicious/old_susp_vid4_0073.jpg,suspicious/suspicious_01886.jpg,old_susp_vid4,73
suspicious/old_susp_vid4_0074.jpg,suspicious/suspicious_01887.jpg,old_susp_vid4,74
suspicious/old_susp_vid4_0075.jpg,suspicious/suspicious_01888.jpg,old_susp_vid4,75
suspicious/old_susp_vid4_0076.jpg,suspicious/suspicious_01889.jpg,old_susp_vid4,76
suspicious/old_susp_vid4_0077.jpg,suspicious/suspicious_01890.jpg,old_susp_vid4,77
suspicious/old_susp_vid4_0078.jpg,suspicious/suspicious_01891.jpg,old_susp_vid4,78
suspicious/old_susp_vid4_0079.jpg,suspicious/suspicious_01892.jpg,old_susp_vid4,79
suspicious/old_susp_vid4_0080.jpg,suspicious/suspicious_01893.jpg,old_susp_vid4,80
suspicious/old_susp_vid4_0081.jpg,suspicious/suspicious_01894.jpg,old_susp_vid4,81
suspicious/old_susp_vid4_0082.jpg,suspicious/suspicious_01895.jpg,old_susp_vid4,82
suspicious/old_susp_vid4_0083.jpg,suspicious/suspicious_01896.jpg,old_susp_vid4,83
suspicious/old_susp_vid4_0084.jpg,suspicious/suspicious_01897.jpg,old_susp_vid4,84
suspicious/old_susp_vid4_0085.jpg,suspicious/suspicious_01898.jpg,old_susp_vid4,85
suspicious/old_susp_vid4_0086.jpg,suspicious/suspicious_01899.jpg,old_susp_vid4,86
suspicious/old_susp_vid4_0087.jpg,suspicious/suspicious_01900.jpg,old_susp_vid4,87
suspicious/old_susp_vid4_0088.jpg,suspicious/suspicious_01901.jpg,old_susp_vid4,88
suspicious/old_susp_vid4_0089.jpg,suspicious/suspicious_01902.jpg,old_susp_vid4,89
suspicious/old_susp_vid4_0090.jpg,suspicious/suspicious_01903.jpg,old_susp_vid4,90
suspicious/old_susp_vid4_0091.jpg,suspicious/suspicious_01904.jpg,old_susp_vid4,91
suspicious/old_susp_vid4_0092.jpg,suspicious/suspicious_01905.jpg,old_susp_vid4,92
suspicious/old_susp_vid4_0093.jpg,suspicious/suspicious_01906.jpg,old_susp_vid4,93
suspicious/old_susp_vid4_0094.jpg,suspicious/suspicious_01907.jpg,old_susp_vid4,94
suspicious/old_susp_vid4_0095.jpg,suspicious/suspicious_01908.jpg,old_susp_vid4,95
suspicious/old_susp_vid4_0096.jpg,suspicious/suspicious_01909.jpg,old_susp_vid4,96
suspicious/old_susp_vid4_0097.jpg,suspicious/suspicious_01910.jpg,old_susp_vid4,97
suspicious/old_susp_vid4_0098.jpg,suspicious/suspicious_01911.jpg,old_susp_vid4,98
suspicious/old_susp_vid4_0099.jpg,suspicious/suspicious_01912.jpg,old_susp_vid4,99
suspicious/old_susp_vid4_0100.jpg,suspicious/suspicious_01913.jpg,old_susp_vid4,100
suspicious/old_susp_vid4_0101.jpg,suspicious/suspicious_01914.jpg,old_susp_vid4,101
suspicious/old_susp_vid4_0102.jpg,suspicious/suspicious_01915.jpg,old_susp_vid4,102
suspicious/old_susp_vid4_0103.jpg,suspicious/suspicious_01916.jpg,old_susp_vid4,103
suspicious/old_susp_vid4_0104.jpg,suspicious/suspicious_01917.jpg,old_susp_vid4,104
suspicious/old_susp_vid4_0105.jpg,suspicious/suspicious_01918.jpg,old_susp_vid4,105
suspicious/old_susp_vid4_0106.jpg,suspicious/suspicious_01919.jpg,old_susp_vid4,106
suspicious/old_susp_vid4_0107.jpg,suspicious/suspicious_01920.jpg,old_susp_vid4,107
suspicious/old_susp_vid4_0108.jpg,suspicious/suspicious_01921.jpg,old_susp_vid4,108
suspicious/old_susp_vid4_0109.jpg,suspicious/suspicious_01922.jpg,old_susp_vid4,109
suspicious/old_susp_vid4_0110.jpg,suspicious/suspicious_01923.jpg,old_susp_vid4,110
suspicious/old_susp_vid4_0111.jpg,suspicious/suspicious_01924.jpg,old_susp_vid4,111
suspicious/old_susp_vid4_0112.jpg,suspicious/suspicious_01925.jpg,old_susp_vid4,112
suspicious/old_susp_vid4_0113.jpg,suspicious/suspicious_01926.jpg,old_susp_vid4,113
suspicious/old_susp_vid4_0114.jpg,suspicious/suspicious_01927.jpg,old_susp_vid4,114
suspicious/old_susp_vid4_0115.jpg,suspicious/suspicious_01928.jpg,old_susp_vid4,115
suspicious/old_susp_vid4_0116.jpg,suspicious/suspicious_01929.jpg,old_susp_vid4,116
suspicious/old_susp_vid4_0117.jpg,suspicious/suspicious_01930.jpg,old_susp_vid4,117
suspicious/old_susp_vid4_0118.jpg,suspicious/suspicious_01931.jpg,old_susp_vid4,118
suspicious/old_susp_vid4_0119.jpg,suspicious/suspicious_01932.jpg,old_susp_vid4,119
suspicious/old_susp_vid4_0120.jpg,suspicious/suspicious_01933.jpg,old_susp_vid4,120
suspicious/old_susp_vid4_0121.jpg,suspicious/suspicious_01934.jpg,old_susp_vid4,121
suspicious/old_susp_vid4_0122.jpg,suspicious/suspicious_01935.jpg,old_susp_vid4,122
suspicious/old_susp_vid4_0123.jpg,suspicious/suspicious_01936.jpg,old_susp_vid4,123
suspicious/old_susp_vid4_0124.jpg,suspicious/suspicious_01937.jpg,old_susp_vid4,124
suspicious/old_susp_vid4_0125.jpg,suspicious/suspicious_01938.jpg,old_susp_vid4,125
suspicious/old_susp_vid4_0126.jpg,suspicious/suspicious_01939.jpg,old_susp_vid4,126
suspicious/old_susp_vid4_0127.jpg,suspicious/suspicious_01940.jpg,old_susp_vid4,127
suspicious/old_susp_vid4_0128.jpg,suspicious/suspicious_01941.jpg,old_susp_vid4,128
suspicious/old_susp_vid4_0129.jpg,suspicious/suspicious_01942.jpg,old_susp_vid4,129
suspicious/old_susp_vid4_0130.jpg,suspicious/suspicious_01943.jpg,old_susp_vid4,130
suspicious/old_susp_vid4_0131.jpg,suspicious/suspicious_01944.jpg,old_susp_vid4,131
suspicious/old_susp_vid4_0132.jpg,suspicious/suspicious_01945.jpg,old_susp_vid4,132
suspicious/old_susp_vid4_0133.jpg,suspicious/suspicious_01946.jpg,old_susp_vid4,133
suspicious/old_susp_vid4_0134.jpg,suspicious/suspicious_01947.jpg,old_susp_vid4,134
suspicious/old_susp_vid4_0135.jpg,suspicious/suspicious_01948.jpg,old_susp_vid4,135
suspicious/old_susp_vid4_0136.jpg,suspicious/suspicious_01949.jpg,old_susp_vid4,136
suspicious/old_susp_vid4_0137.jpg,suspicious/suspicious_01950.jpg,old_susp_vid4,137
suspicious/old_susp_vid4_0138.jpg,suspicious/suspicious_01951.jpg,old_susp_vid4,138
suspicious/old_susp_vid4_0139.jpg,suspicious/suspicious_01952.jpg,old_susp_vid4,139
suspicious/old_susp_vid4_0140.jpg,suspicious/suspicious_01953.jpg,old_susp_vid4,140
suspicious/old_susp_vid4_0141.jpg,suspicious/suspicious_01954.jpg,old_susp_vid4,141
suspicious/old_susp_vid4_0142.jpg,suspicious/suspicious_01955.jpg,old_susp_vid4,142
suspicious/old_susp_vid4_0143.jpg,suspicious/suspicious_01956.jpg,old_susp_vid4,143
suspicious/old_susp_vid4_0144.jpg,suspicious/suspicious_01957.jpg,old_susp_vid4,144
suspicious/old_susp_vid4_0145.jpg,suspicious/suspicious_01958.jpg,old_susp_vid4,145
suspicious/old_susp_vid4_0146.jpg,suspicious/suspicious_01959.jpg,old_susp_vid4,146
suspicious/old_susp_vid4_0147.jpg,suspicious/suspicious_01960.jpg,old_susp_vid4,147
suspicious/old_susp_vid4_0148.jpg,suspicious/suspicious_01961.jpg,old_susp_vid4,148
suspicious/old_susp_vid4_0149.jpg,suspicious/suspicious_01962.jpg,old_susp_vid4,149
suspicious/old_susp_vid4_0150.jpg,suspicious/suspicious_01963.jpg,old_susp_vid4,150
suspicious/old_susp_vid4_0151.jpg,suspicious/suspicious_01964.jpg,old_susp_vid4,151
suspicious/old_susp_vid4_0152.jpg,suspicious/suspicious_01965.jpg,old_susp_vid4,152
suspicious/old_susp_vid4_0153.jpg,suspicious/suspicious_01966.jpg,old_susp_vid4,153
suspicious/old_susp_vid4_0154.jpg,suspicious/suspicious_01967.jpg,old_susp_vid4,154
suspicious/old_susp_vid5_0001.jpg,suspicious/suspicious_01968.jpg,old_susp_vid5,1
suspicious/old_susp_vid5_0002.jpg,suspicious/suspicious_01969.jpg,old_susp_vid5,2
suspicious/old_susp_vid5_0003.jpg,suspicious/suspicious_01970.jpg,old_susp_vid5,3
suspicious/old_susp_vid5_0004.jpg,suspicious/suspicious_01971.jpg,old_susp_vid5,4
suspicious/old_susp_vid5_0005.jpg,suspicious/suspicious_01972.jpg,old_susp_vid5,5
suspicious/old_susp_vid5_0006.jpg,suspicious/suspicious_01973.jpg,old_susp_vid5,6
suspicious/old_susp_vid5_0007.jpg,suspicious/suspicious_01974.jpg,old_susp_vid5,7
suspicious/old_susp_vid5_0008.jpg,suspicious/suspicious_01975.jpg,old_susp_vid5,8
suspicious/old_susp_vid5_0009.jpg,suspicious/suspicious_01976.jpg,old_susp_vid5,9
suspicious/old_susp_vid5_0010.jpg,suspicious/suspicious_01977.jpg,old_susp_vid5,10
suspicious/old_susp_vid5_0011.jpg,suspicious/suspicious_01978.jpg,old_susp_vid5,11
suspicious/old_susp_vid5_0012.jpg,suspicious/suspicious_01979.jpg,old_susp_vid5,12
suspicious/old_susp_vid5_0013.jpg,suspicious/suspicious_01980.jpg,old_susp_vid5,13
suspicious/old_susp_vid5_0014.jpg,suspicious/suspicious_01981.jpg,old_susp_vid5,14
suspicious/old_susp_vid5_0015.jpg,suspicious/suspicious_01982.jpg,old_susp_vid5,15
suspicious/old_susp_vid5_0016.jpg,suspicious/suspicious_01983.jpg,old_susp_vid5,16
suspicious/old_susp_vid5_0017.jpg,suspicious/suspicious_01984.jpg,old_susp_vid5,17
suspicious/old_susp_vid5_0018.jpg,suspicious/suspicious_01985.jpg,old_susp_vid5,18
suspicious/old_susp_vid5_0019.jpg,suspicious/suspicious_01986.jpg,old_susp_vid5,19
suspicious/old_susp_vid5_0020.jpg,suspicious/suspicious_01987.jpg,old_susp_vid5,20
suspicious/old_susp_vid5_0021.jpg,suspicious/suspicious_01988.jpg,old_susp_vid5,21
suspicious/old_susp_vid5_0022.jpg,suspicious/suspicious_01989.jpg,old_susp_vid5,22
suspicious/old_susp_vid5_0023.jpg,suspicious/suspicious_01990.jpg,old_susp_vid5,23
suspicious/old_susp_vid5_0024.jpg,suspicious/suspicious_01991.jpg,old_susp_vid5,24
suspicious/old_susp_vid5_0025.jpg,suspicious/suspicious_01992.jpg,old_susp_vid5,25
suspicious/old_susp_vid5_0026.jpg,suspicious/suspicious_01993.jpg,old_susp_vid5,26
suspicious/old_susp_vid5_0027.jpg,suspicious/suspicious_01994.jpg,old_susp_vid5,27
suspicious/old_susp_vid5_0028.jpg,suspicious/suspicious_01995.jpg,old_susp_vid5,28
suspicious/old_susp_vid5_0029.jpg,suspicious/suspicious_01996.jpg,old_susp_vid5,29
suspicious/old_susp_vid5_0030.jpg,suspicious/suspicious_01997.jpg,old_susp_vid5,30
suspicious/old_susp_vid5_0031.jpg,suspicious/suspicious_01998.jpg,old_susp_vid5,31
suspicious/old_susp_vid5_0032.jpg,suspicious/suspicious_01999.jpg,old_susp_vid5,32
suspicious/old_susp_vid5_0033.jpg,suspicious/suspicious_02000.jpg,old_susp_vid5,33
suspicious/old_susp_vid5_0034.jpg,suspicious/suspicious_02001.jpg,old_susp_vid5,34
suspicious/old_susp_vid5_0035.jpg,suspicious/suspicious_02002.jpg,old_susp_vid5,35
suspicious/old_susp_vid5_0036.jpg,suspicious/suspicious_02003.jpg,old_susp_vid5,36
suspicious/old_susp_vid5_0037.jpg,suspicious/suspicious_02004.jpg,old_susp_vid5,37
suspicious/old_susp_vid5_0038.jpg,suspicious/suspicious_02005.jpg,old_susp_vid5,38
suspicious/old_susp_vid5_0039.jpg,suspicious/suspicious_02006.jpg,old_susp_vid5,39
suspicious/old_susp_vid5_0040.jpg,suspicious/suspicious_02007.jpg,old_susp_vid5,40
suspicious/old_susp_vid5_0041.jpg,suspicious/suspicious_02008.jpg,old_susp_vid5,41
suspicious/old_susp_vid5_0042.jpg,suspicious/suspicious_02009.jpg,old_susp_vid5,42
suspicious/old_susp_vid5_0043.jpg,suspicious/suspicious_02010.jpg,old_susp_vid5,43
suspicious/old_susp_vid5_0044.jpg,suspicious/suspicious_02011.jpg,old_susp_vid5,44
suspicious/old_susp_vid5_0045.jpg,suspicious/suspicious_02012.jpg,old_susp_vid5,45
suspicious/old_susp_vid5_0046.jpg,suspicious/suspicious_02013.jpg,old_susp_vid5,46
suspicious/old_susp_vid6_0001.jpg,suspicious/suspicious_02014.jpg,old_susp_vid6,1
suspicious/old_susp_vid6_0002.jpg,suspicious/suspicious_02015.jpg,old_susp_vid6,2
suspicious/old_susp_vid6_0003.jpg,suspicious/suspicious_02016.jpg,old_susp_vid6,3
suspicious/old_susp_vid6_0004.jpg,suspicious/suspicious_02017.jpg,old_susp_vid6,4
suspicious/old_susp_vid6_0005.jpg,suspicious/suspicious_02018.jpg,old_susp_vid6,5
suspicious/old_susp_vid6_0006.jpg,suspicious/suspicious_02019.jpg,old_susp_vid6,6
suspicious/old_susp_vid6_0007.jpg,suspicious/suspicious_02020.jpg,old_susp_vid6,7
suspicious/old_susp_vid6_0008.jpg,suspicious/suspicious_02021.jpg,old_susp_vid6,8
suspicious/old_susp_vid6_0009.jpg,suspicious/suspicious_02022.jpg,old_susp_vid6,9
suspicious/old_susp_vid6_0010.jpg,suspicious/suspicious_02023.jpg,old_susp_vid6,10
suspicious/old_susp_vid6_0011.jpg,suspicious/suspicious_02024.jpg,old_susp_vid6,11
suspicious/old_susp_vid6_0012.jpg,suspicious/suspicious_02025.jpg,old_susp_vid6,12
suspicious/old_susp_vid6_0013.jpg,suspicious/suspicious_02026.jpg,old_susp_vid6,13
suspicious/old_susp_vid6_0014.jpg,suspicious/suspicious_02027.jpg,old_susp_vid6,14
suspicious/old_susp_vid6_0015.jpg,suspicious/suspicious_02028.jpg,old_susp_vid6,15
suspicious/old_susp_vid6_0016.jpg,suspicious/suspicious_02029.jpg,old_susp_vid6,16
suspicious/old_susp_vid6_0017.jpg,suspicious/suspicious_02030.jpg,old_susp_vid6,17
suspicious/old_susp_vid6_0018.jpg,suspicious/suspicious_02031.jpg,old_susp_vid6,18
suspicious/old_susp_vid6_0019.jpg,suspicious/suspicious_02032.jpg,old_susp_vid6,19
suspicious/old_susp_vid6_0020.jpg,suspicious/suspicious_02033.jpg,old_susp_vid6,20
suspicious/old_susp_vid6_0021.jpg,suspicious/suspicious_02034.jpg,old_susp_vid6,21
suspicious/old_susp_vid6_0022.jpg,suspicious/suspicious_02035.jpg,old_susp_vid6,22
suspicious/old_susp_vid6_0023.jpg,suspicious/suspicious_02036.jpg,old_susp_vid6,23
suspicious/old_susp_vid6_0024.jpg,suspicious/suspicious_02037.jpg,old_susp_vid6,24
suspicious/old_susp_vid6_0025.jpg,suspicious/suspicious_02038.jpg,old_susp_vid6,25
suspicious/old_susp_vid6_0026.jpg,suspicious/suspicious_02039.jpg,old_susp_vid6,26
suspicious/old_susp_vid6_0027.jpg,suspicious/suspicious_02040.jpg,old_susp_vid6,27
suspicious/old_susp_vid6_0028.jpg,suspicious/suspicious_02041.jpg,old_susp_vid6,28
suspicious/old_susp_vid6_0029.jpg,suspicious/suspicious_02042.jpg,old_susp_vid6,29
suspicious/old_susp_vid6_0030.jpg,suspicious/suspicious_02043.jpg,old_susp_vid6,30
suspicious/old_susp_vid6_0031.jpg,suspicious/suspicious_02044.jpg,old_susp_vid6,31
suspicious/old_susp_vid6_0032.jpg,suspicious/suspicious_02045.jpg,old_susp_vid6,32
suspicious/old_susp_vid6_0033.jpg,suspicious/suspicious_02046.jpg,old_susp_vid6,33
suspicious/old_susp_vid6_0034.jpg,suspicious/suspicious_02047.jpg,old_susp_vid6,34
suspicious/old_susp_vid6_0035.jpg,suspicious/suspicious_02048.jpg,old_susp_vid6,35
suspicious/old_susp_vid6_0036.jpg,suspicious/suspicious_02049.jpg,old_susp_vid6,36
suspicious/old_susp_vid6_0037.jpg,suspicious/suspicious_02050.jpg,old_susp_vid6,37
suspicious/old_susp_vid6_0038.jpg,suspicious/suspicious_02051.jpg,old_susp_vid6,38
suspicious/old_susp_vid6_0039.jpg,suspicious/suspicious_02052.jpg,old_susp_vid6,39
suspicious/old_susp_vid6_0040.jpg,suspicious/suspicious_02053.jpg,old_susp_vid6,40
suspicious/old_susp_vid6_0041.jpg,suspicious/suspicious_02054.jpg,old_susp_vid6,41
suspicious/old_susp_vid6_0042.jpg,suspicious/suspicious_02055.jpg,old_susp_vid6,42
suspicious/old_susp_vid6_0043.jpg,suspicious/suspicious_02056.jpg,old_susp_vid6,43
suspicious/old_susp_vid6_0044.jpg,suspicious/suspicious_02057.jpg,old_susp_vid6,44
suspicious/old_susp_vid7_0001.jpg,suspicious/suspicious_02058.jpg,old_susp_vid7,1
suspicious/old_susp_vid7_0002.jpg,suspicious/suspicious_02059.jpg,old_susp_vid7,2
suspicious/old_susp_vid7_0003.jpg,suspicious/suspicious_02060.jpg,old_susp_vid7,3
suspicious/old_susp_vid7_0004.jpg,suspicious/suspicious_02061.jpg,old_susp_vid7,4
suspicious/old_susp_vid7_0005.jpg,suspicious/suspicious_02062.jpg,old_susp_vid7,5
suspicious/old_susp_vid7_0006.jpg,suspicious/suspicious_02063.jpg,old_susp_vid7,6
suspicious/old_susp_vid7_0007.jpg,suspicious/suspicious_02064.jpg,old_susp_vid7,7
suspicious/old_susp_vid7_0008.jpg,suspicious/suspicious_02065.jpg,old_susp_vid7,8
suspicious/old_susp_vid7_0009.jpg,suspicious/suspicious_02066.jpg,old_susp_vid7,9
suspicious/old_susp_vid7_0010.jpg,suspicious/suspicious_02067.jpg,old_susp_vid7,10
suspicious/old_susp_vid7_0011.jpg,suspicious/suspicious_02068.jpg,old_susp_vid7,11
suspicious/old_susp_vid7_0012.jpg,suspicious/suspicious_02069.jpg,old_susp_vid7,12
suspicious/old_susp_vid7_0013.jpg,suspicious/suspicious_02070.jpg,old_susp_vid7,13
suspicious/old_susp_vid7_0014.jpg,suspicious/suspicious_02071.jpg,old_susp_vid7,14
suspicious/old_susp_vid7_0015.jpg,suspicious/suspicious_02072.jpg,old_susp_vid7,15
suspicious/old_susp_vid7_0016.jpg,suspicious/suspicious_02073.jpg,old_susp_vid7,16
suspicious/old_susp_vid7_0017.jpg,suspicious/suspicious_02074.jpg,old_susp_vid7,17
suspicious/old_susp_vid7_0018.jpg,suspicious/suspicious_02075.jpg,old_susp_vid7,18
suspicious/old_susp_vid7_0019.jpg,suspicious/suspicious_02076.jpg,old_susp_vid7,19
suspicious/old_susp_vid7_0020.jpg,suspicious/suspicious_02077.jpg,old_susp_vid7,20
suspicious/old_susp_vid7_0021.jpg,suspicious/suspicious_02078.jpg,old_susp_vid7,21
suspicious/old_susp_vid7_0022.jpg,suspicious/suspicious_02079.jpg,old_susp_vid7,22
suspicious/old_susp_vid7_0023.jpg,suspicious/suspicious_02080.jpg,old_susp_vid7,23
suspicious/old_susp_vid7_0024.jpg,suspicious/suspicious_02081.jpg,old_susp_vid7,24
suspicious/old_susp_vid7_0025.jpg,suspicious/suspicious_02082.jpg,old_susp_vid7,25
suspicious/old_susp_vid7_0026.jpg,suspicious/suspicious_02083.jpg,old_susp_vid7,26
suspicious/old_susp_vid7_0027.jpg,suspicious/suspicious_02084.jpg,old_susp_vid7,27
suspicious/old_susp_vid7_0028.jpg,suspicious/suspicious_02085.jpg,old_susp_vid7,28
suspicious/old_susp_vid7_0029.jpg,suspicious/suspicious_02086.jpg,old_susp_vid7,29
suspicious/old_susp_vid7_0030.jpg,suspicious/suspicious_02087.jpg,old_susp_vid7,30
suspicious/old_susp_vid7_0031.jpg,suspicious/suspicious_02088.jpg,old_susp_vid7,31
suspicious/old_susp_vid7_0032.jpg,suspicious/suspicious_02089.jpg,old_susp_vid7,32
suspicious/old_susp_vid7_0033.jpg,suspicious/suspicious_02090.jpg,old_susp_vid7,33
suspicious/old_susp_vid7_0034.jpg,suspicious/suspicious_02091.jpg,old_susp_vid7,34
suspicious/old_susp_vid7_0035.jpg,suspicious/suspicious_02092.jpg,old_susp_vid7,35
suspicious/old_susp_vid7_0036.jpg,suspicious/suspicious_02093.jpg,old_susp_vid7,36
suspicious/old_susp_vid7_0037.jpg,suspicious/suspicious_02094.jpg,old_susp_vid7,37
suspicious/old_susp_vid7_0038.jpg,suspicious/suspicious_02095.jpg,old_susp_vid7,38
suspicious/old_susp_vid7_0039.jpg,suspicious/suspicious_02096.jpg,old_susp_vid7,39
suspicious/old_susp_vid7_0040.jpg,suspicious/suspicious_02097.jpg,old_susp_vid7,40
suspicious/old_susp_vid7_0041.jpg,suspicious/suspicious_02098.jpg,old_susp_vid7,41
suspicious/old_susp_vid7_0042.jpg,suspicious/suspicious_02099.jpg,old_susp_vid7,42
suspicious/old_susp_vid7_0043.jpg,suspicious/suspicious_02100.jpg,old_susp_vid7,43
suspicious/old_susp_vid7_0044.jpg,suspicious/suspicious_02101.jpg,old_susp_vid7,44
suspicious/old_susp_vid7_0045.jpg,suspicious/suspicious_02102.jpg,old_susp_vid7,45
suspicious/old_susp_vid7_0046.jpg,suspicious/suspicious_02103.jpg,old_susp_vid7,46
suspicious/old_susp_vid7_0047.jpg,suspicious/suspicious_02104.jpg,old_susp_vid7,47
suspicious/old_susp_vid7_0048.jpg,suspicious/suspicious_02105.jpg,old_susp_vid7,48
suspicious/old_susp_vid7_0049.jpg,suspicious/suspicious_02106.jpg,old_susp_vid7,49
suspicious/old_susp_vid7_0050.jpg,suspicious/suspicious_02107.jpg,old_susp_vid7,50
suspicious/old_susp_vid7_0051.jpg,suspicious/suspicious_02108.jpg,old_susp_vid7,51
suspicious/old_susp_vid7_0052.jpg,suspicious/suspicious_02109.jpg,old_susp_vid7,52
suspicious/old_susp_vid7_0053.jpg,suspicious/suspicious_02110.jpg,old_susp_vid7,53
suspicious/old_susp_vid7_0054.jpg,suspicious/suspicious_02111.jpg,old_susp_vid7,54
suspicious/old_susp_vid7_0055.jpg,suspicious/suspicious_02112.jpg,old_susp_vid7,55
suspicious/old_susp_vid7_0056.jpg,suspicious/suspicious_02113.jpg,old_susp_vid7,56
suspicious/old_susp_vid7_0057.jpg,suspicious/suspicious_02114.jpg,old_susp_vid7,57
suspicious/old_susp_vid7_0058.jpg,suspicious/suspicious_02115.jpg,old_susp_vid7,58
suspicious/old_susp_vid7_0059.jpg,suspicious/suspicious_02116.jpg,old_susp_vid7,59
suspicious/old_susp_vid7_0060.jpg,suspicious/suspicious_02117.jpg,old_susp_vid7,60
suspicious/old_susp_vid7_0061.jpg,suspicious/suspicious_02118.jpg,old_susp_vid7,61
suspicious/old_susp_vid7_0062.jpg,suspicious/suspicious_02119.jpg,old_susp_vid7,62
suspicious/old_susp_vid7_0063.jpg,suspicious/suspicious_02120.jpg,old_susp_vid7,63
suspicious/old_susp_vid7_0064.jpg,suspicious/suspicious_02121.jpg,old_susp_vid7,64
suspicious/old_susp_vid7_0065.jpg,suspicious/suspicious_02122.jpg,old_susp_vid7,65
suspicious/old_susp_vid7_0066.jpg,suspicious/suspicious_02123.jpg,old_susp_vid7,66
suspicious/old_susp_vid7_0067.jpg,suspicious/suspicious_02124.jpg,old_susp_vid7,67
suspicious/old_susp_vid7_0068.jpg,suspicious/suspicious_02125.jpg,old_susp_vid7,68
suspicious/old_susp_vid7_0069.jpg,suspicious/suspicious_02126.jpg,old_susp_vid7,69
suspicious/old_susp_vid7_0070.jpg,suspicious/suspicious_02127.jpg,old_susp_vid7,70
suspicious/old_susp_vid7_0071.jpg,suspicious/suspicious_02128.jpg,old_susp_vid7,71
suspicious/old_susp_vid7_0072.jpg,suspicious/suspicious_02129.jpg,old_susp_vid7,72
suspicious/old_susp_vid7_0073.jpg,suspicious/suspicious_02130.jpg,old_susp_vid7,73
suspicious/old_susp_vid7_0074.jpg,suspicious/suspicious_02131.jpg,old_susp_vid7,74
suspicious/old_susp_vid7_0075.jpg,suspicious/suspicious_02132.jpg,old_susp_vid7,75
suspicious/old_susp_vid7_0076.jpg,suspicious/suspicious_02133.jpg,old_susp_vid7,76
suspicious/old_susp_vid8_0001.jpg,suspicious/suspicious_02134.jpg,old_susp_vid8,1
suspicious/old_susp_vid8_0002.jpg,suspicious/suspicious_02135.jpg,old_susp_vid8,2
suspicious/old_susp_vid8_0003.jpg,suspicious/suspicious_02136.jpg,old_susp_vid8,3
suspicious/old_susp_vid8_0004.jpg,suspicious/suspicious_02137.jpg,old_susp_vid8,4
suspicious/old_susp_vid8_0005.jpg,suspicious/suspicious_02138.jpg,old_susp_vid8,5
suspicious/old_susp_vid8_0006.jpg,suspicious/suspicious_02139.jpg,old_susp_vid8,6
suspicious/old_susp_vid8_0007.jpg,suspicious/suspicious_02140.jpg,old_susp_vid8,7
suspicious/old_susp_vid8_0008.jpg,suspicious/suspicious_02141.jpg,old_susp_vid8,8
suspicious/old_susp_vid8_0009.jpg,suspicious/suspicious_02142.jpg,old_susp_vid8,9
suspicious/old_susp_vid8_0010.jpg,suspicious/suspicious_02143.jpg,old_susp_vid8,10
suspicious/old_susp_vid8_0011.jpg,suspicious/suspicious_02144.jpg,old_susp_vid8,11
suspicious/old_susp_vid8_0012.jpg,suspicious/suspicious_02145.jpg,old_susp_vid8,12
suspicious/old_susp_vid8_0013.jpg,suspicious/suspicious_02146.jpg,old_susp_vid8,13
suspicious/old_susp_vid8_0014.jpg,suspicious/suspicious_02147.jpg,old_susp_vid8,14
suspicious/old_susp_vid8_0015.jpg,suspicious/suspicious_02148.jpg,old_susp_vid8,15
suspicious/old_susp_vid8_0016.jpg,suspicious/suspicious_02149.jpg,old_susp_vid8,16
suspicious/old_susp_vid8_0017.jpg,suspicious/suspicious_02150.jpg,old_susp_vid8,17
suspicious/old_susp_vid8_0018.jpg,suspicious/suspicious_02151.jpg,old_susp_vid8,18
suspicious/old_susp_vid8_0019.jpg,suspicious/suspicious_02152.jpg,old_susp_vid8,19
suspicious/old_susp_vid8_0020.jpg,suspicious/suspicious_02153.jpg,old_susp_vid8,20
suspicious/old_susp_vid8_0021.jpg,suspicious/suspicious_02154.jpg,old_susp_vid8,21
suspicious/old_susp_vid8_0022.jpg,suspicious/suspicious_02155.jpg,old_susp_vid8,22
suspicious/old_susp_vid8_0023.jpg,suspicious/suspicious_02156.jpg,old_susp_vid8,23
suspicious/old_susp_vid8_0024.jpg,suspicious/suspicious_02157.jpg,old_susp_vid8,24
suspicious/old_susp_vid8_0025.jpg,suspicious/suspicious_02158.jpg,old_susp_vid8,25
suspicious/old_susp_vid8_0026.jpg,suspicious/suspicious_02159.jpg,old_susp_vid8,26
suspicious/old_susp_vid8_0027.jpg,suspicious/suspicious_02160.jpg,old_susp_vid8,27
suspicious/old_susp_vid8_0028.jpg,suspicious/suspicious_02161.jpg,old_susp_vid8,28
suspicious/old_susp_vid8_0029.jpg,suspicious/suspicious_02162.jpg,old_susp_vid8,29
suspicious/old_susp_vid8_0030.jpg,suspicious/suspicious_02163.jpg,old_susp_vid8,30
suspicious/old_susp_vid8_0031.jpg,suspicious/suspicious_02164.jpg,old_susp_vid8,31
suspicious/old_susp_vid8_0032.jpg,suspicious/suspicious_02165.jpg,old_susp_vid8,32
suspicious/old_susp_vid8_0033.jpg,suspicious/suspicious_02166.jpg,old_susp_vid8,33
suspicious/old_susp_vid8_0034.jpg,suspicious/suspicious_02167.jpg,old_susp_vid8,34
suspicious/old_susp_vid8_0035.jpg,suspicious/suspicious_02168.jpg,old_susp_vid8,35
suspicious/old_susp_vid8_0036.jpg,suspicious/suspicious_02169.jpg,old_susp_vid8,36
suspicious/old_susp_vid8_0037.jpg,suspicious/suspicious_02170.jpg,old_susp_vid8,37
suspicious/old_susp_vid8_0038.jpg,suspicious/suspicious_02171.jpg,old_susp_vid8,38
suspicious/old_susp_vid8_0039.jpg,suspicious/suspicious_02172.jpg,old_susp_vid8,39
suspicious/old_susp_vid8_0040.jpg,suspicious/suspicious_02173.jpg,old_susp_vid8,40
suspicious/old_susp_vid8_0041.jpg,suspicious/suspicious_02174.jpg,old_susp_vid8,41
suspicious/old_susp_vid8_0042.jpg,suspicious/suspicious_02175.jpg,old_susp_vid8,42
suspicious/old_susp_vid8_0043.jpg,suspicious/suspicious_02176.jpg,old_susp_vid8,43
suspicious/old_susp_vid8_0044.jpg,suspicious/suspicious_02177.jpg,old_susp_vid8,44
suspicious/old_susp_vid8_0045.jpg,suspicious/suspicious_02178.jpg,old_susp_vid8,45
suspicious/old_susp_vid8_0046.jpg,suspicious/suspicious_02179.jpg,old_susp_vid8,46
suspicious/old_susp_vid8_0047.jpg,suspicious/suspicious_02180.jpg,old_susp_vid8,47
suspicious/old_susp_vid8_0048.jpg,suspicious/suspicious_02181.jpg,old_susp_vid8,48
suspicious/old_susp_vid8_0049.jpg,suspicious/suspicious_02182.jpg,old_susp_vid8,49
suspicious/old_susp_vid8_0050.jpg,suspicious/suspicious_02183.jpg,old_susp_vid8,50
suspicious/old_susp_vid8_0051.jpg,suspicious/suspicious_02184.jpg,old_susp_vid8,51
suspicious/old_susp_vid8_0052.jpg,suspicious/suspicious_02185.jpg,old_susp_vid8,52
suspicious/old_susp_vid8_0053.jpg,suspicious/suspicious_02186.jpg,old_susp_vid8,53
suspicious/old_susp_vid8_0054.jpg,suspicious/suspicious_02187.jpg,old_susp_vid8,54
suspicious/old_susp_vid8_0055.jpg,suspicious/suspicious_02188.jpg,old_susp_vid8,55
suspicious/old_susp_vid8_0056.jpg,suspicious/suspicious_02189.jpg,old_susp_vid8,56
suspicious/old_susp_vid9_0001.jpg,suspicious/suspicious_02190.jpg,old_susp_vid9,1
suspicious/old_susp_vid9_0002.jpg,suspicious/suspicious_02191.jpg,old_susp_vid9,2
suspicious/old_susp_vid9_0003.jpg,suspicious/suspicious_02192.jpg,old_susp_vid9,3
suspicious/old_susp_vid9_0004.jpg,suspicious/suspicious_02193.jpg,old_susp_vid9,4
suspicious/old_susp_vid9_0005.jpg,suspicious/suspicious_02194.jpg,old_susp_vid9,5
suspicious/old_susp_vid9_0006.jpg,suspicious/suspicious_02195.jpg,old_susp_vid9,6
suspicious/old_susp_vid9_0007.jpg,suspicious/suspicious_02196.jpg,old_susp_vid9,7
suspicious/old_susp_vid9_0008.jpg,suspicious/suspicious_02197.jpg,old_susp_vid9,8
suspicious/old_susp_vid9_0009.jpg,suspicious/suspicious_02198.jpg,old_susp_vid9,9
suspicious/old_susp_vid9_0010.jpg,suspicious/suspicious_02199.jpg,old_susp_vid9,10
suspicious/old_susp_vid9_0011.jpg,suspicious/suspicious_02200.jpg,old_susp_vid9,11
suspicious/old_susp_vid9_0012.jpg,suspicious/suspicious_02201.jpg,old_susp_vid9,12
suspicious/old_susp_vid9_0013.jpg,suspicious/suspicious_02202.jpg,old_susp_vid9,13
suspicious/old_susp_vid9_0014.jpg,suspicious/suspicious_02203.jpg,old_susp_vid9,14
suspicious/old_susp_vid9_0015.jpg,suspicious/suspicious_02204.jpg,old_susp_vid9,15
suspicious/old_susp_vid9_0016.jpg,suspicious/suspicious_02205.jpg,old_susp_vid9,16
suspicious/old_susp_vid9_0017.jpg,suspicious/suspicious_02206.jpg,old_susp_vid9,17
suspicious/old_susp_vid9_0018.jpg,suspicious/suspicious_02207.jpg,old_susp_vid9,18
suspicious/old_susp_vid9_0019.jpg,suspicious/suspicious_02208.jpg,old_susp_vid9,19
suspicious/old_susp_vid9_0020.jpg,suspicious/suspicious_02209.jpg,old_susp_vid9,20
suspicious/old_susp_vid9_0021.jpg,suspicious/suspicious_02210.jpg,old_susp_vid9,21
suspicious/old_susp_vid9_0022.jpg,suspicious/suspicious_02211.jpg,old_susp_vid9,22
suspicious/old_susp_vid9_0023.jpg,suspicious/suspicious_02212.jpg,old_susp_vid9,23
suspicious/old_susp_vid9_0024.jpg,suspicious/suspicious_02213.jpg,old_susp_vid9,24
suspicious/old_susp_vid9_0025.jpg,suspicious/suspicious_02214.jpg,old_susp_vid9,25
suspicious/old_susp_vid9_0026.jpg,suspicious/suspicious_02215.jpg,old_susp_vid9,26
suspicious/old_susp_vid9_0027.jpg,suspicious/suspicious_02216.jpg,old_susp_vid9,27
suspicious/old_susp_vid9_0028.jpg,suspicious/suspicious_02217.jpg,old_susp_vid9,28
suspicious/old_susp_vid9_0029.jpg,suspicious/suspicious_02218.jpg,old_susp_vid9,29
suspicious/old_susp_vid9_0030.jpg,suspicious/suspicious_02219.jpg,old_susp_vid9,30
suspicious/old_susp_vid9_0031.jpg,suspicious/suspicious_02220.jpg,old_susp_vid9,31
suspicious/old_susp_vid9_0032.jpg,suspicious/suspicious_02221.jpg,old_susp_vid9,32
suspicious/old_susp_vid9_0033.jpg,suspicious/suspicious_02222.jpg,old_susp_vid9,33
suspicious/old_susp_vid9_0034.jpg,suspicious/suspicious_02223.jpg,old_susp_vid9,34
suspicious/old_susp_vid9_0035.jpg,suspicious/suspicious_02224.jpg,old_susp_vid9,35
suspicious/old_susp_vid9_0036.jpg,suspicious/suspicious_02225.jpg,old_susp_vid9,36
suspicious/old_susp_vid9_0037.jpg,suspicious/suspicious_02226.jpg,old_susp_vid9,37
suspicious/old_susp_vid9_0038.jpg,suspicious/suspicious_02227.jpg,old_susp_vid9,38
suspicious/old_susp_vid9_0039.jpg,suspicious/suspicious_02228.jpg,old_susp_vid9,39
suspicious/old_susp_vid9_0040.jpg,suspicious/suspicious_02229.jpg,old_susp_vid9,40
suspicious/old_susp_vid9_0041.jpg,suspicious/suspicious_02230.jpg,old_susp_vid9,41
suspicious/old_susp_vid9_0042.jpg,suspicious/suspicious_02231.jpg,old_susp_vid9,42
suspicious/old_susp_vid9_0043.jpg,suspicious/suspicious_02232.jpg,old_susp_vid9,43
suspicious/old_susp_vid9_0044.jpg,suspicious/suspicious_02233.jpg,old_susp_vid9,44
suspicious/old_susp_vid9_0045.jpg,suspicious/suspicious_02234.jpg,old_susp_vid9,45
suspicious/old_susp_vid9_0046.jpg,suspicious/suspicious_02235.jpg,old_susp_vid9,46
suspicious/old_susp_vid9_0047.jpg,suspicious/suspicious_02236.jpg,old_susp_vid9,47
suspicious/old_susp_vid9_0048.jpg,suspicious/suspicious_02237.jpg,old_susp_vid9,48
suspicious/old_susp_vid9_0049.jpg,suspicious/suspicious_02238.jpg,old_susp_vid9,49
suspicious/old_susp_vid9_0050.jpg,suspicious/suspicious_02239.jpg,old_susp_vid9,50
suspicious/old_susp_vid9_0051.jpg,suspicious/suspicious_02240.jpg,old_susp_vid9,51
suspicious/old_susp_vid9_0052.jpg,suspicious/suspicious_02241.jpg,old_susp_vid9,52
suspicious/old_susp_vid9_0053.jpg,suspicious/suspicious_02242.jpg,old_susp_vid9,53
suspicious/old_susp_vid9_0054.jpg,suspicious/suspicious_02243.jpg,old_susp_vid9,54
suspicious/old_susp_vid9_0055.jpg,suspicious/suspicious_02244.jpg,old_susp_vid9,55
suspicious/old_susp_vid9_0056.jpg,suspicious/suspicious_02245.jpg,old_susp_vid9,56
suspicious/old_susp_vid9_0057.jpg,suspicious/suspicious_02246.jpg,old_susp_vid9,57
suspicious/old_susp_vid9_0058.jpg,suspicious/suspicious_02247.jpg,old_susp_vid9,58
suspicious/old_susp_vid9_0059.jpg,suspicious/suspicious_02248.jpg,old_susp_vid9,59
suspicious/old_susp_vid9_0060.jpg,suspicious/suspicious_02249.jpg,old_susp_vid9,60
suspicious/old_susp_vid9_0061.jpg,suspicious/suspicious_02250.jpg,old_susp_vid9,61
suspicious/old_susp_vid9_0062.jpg,suspicious/suspicious_02251.jpg,old_susp_vid9,62
suspicious/old_susp_vid9_0063.jpg,suspicious/suspicious_02252.jpg,old_susp_vid9,63
suspicious/old_susp_vid9_0064.jpg,suspicious/suspicious_02253.jpg,old_susp_vid9,64
suspicious/old_susp_vid9_0065.jpg,suspicious/suspicious_02254.jpg,old_susp_vid9,65
suspicious/old_susp_vid9_0066.jpg,suspicious/suspicious_02255.jpg,old_susp_vid9,66
suspicious/old_susp_vid9_0067.jpg,suspicious/suspicious_02256.jpg,old_susp_vid9,67
suspicious/old_susp_vid9_0068.jpg,suspicious/suspicious_02257.jpg,old_susp_vid9,68
suspicious/old_susp_vid9_0069.jpg,suspicious/suspicious_02258.jpg,old_susp_vid9,69
suspicious/old_susp_vid9_0070.jpg,suspicious/suspicious_02259.jpg,old_susp_vid9,70
suspicious/old_susp_vid9_0071.jpg,suspicious/suspicious_02260.jpg,old_susp_vid9,71
suspicious/old_susp_vid9_0072.jpg,suspicious/suspicious_02261.jpg,old_susp_vid9,72
suspicious/old_susp_vid9_0073.jpg,suspicious/suspicious_02262.jpg,old_susp_vid9,73
suspicious/old_susp_vid9_0074.jpg,suspicious/suspicious_02263.jpg,old_susp_vid9,74
suspicious/old_susp_vid9_0075.jpg,suspicious/suspicious_02264.jpg,old_susp_vid9,75
suspicious/old_susp_vid9_0076.jpg,suspicious/suspicious_02265.jpg,old_susp_vid9,76
suspicious/old_susp_vid9_0077.jpg,suspicious/suspicious_02266.jpg,old_susp_vid9,77
suspicious/old_susp_vid9_0078.jpg,suspicious/suspicious_02267.jpg,old_susp_vid9,78
suspicious/old_susp_vid9_0079.jpg,suspicious/suspicious_02268.jpg,old_susp_vid9,79
suspicious/old_susp_vid9_0080.jpg,suspicious/suspicious_02269.jpg,old_susp_vid9,80
suspicious/old_susp_vid9_0081.jpg,suspicious/suspicious_02270.jpg,old_susp_vid9,81
suspicious/old_susp_vid9_0082.jpg,suspicious/suspicious_02271.jpg,old_susp_vid9,82
suspicious/old_susp_vid9_0083.jpg,suspicious/suspicious_02272.jpg,old_susp_vid9,83
suspicious/old_susp_vid9_0084.jpg,suspicious/suspicious_02273.jpg,old_susp_vid9,84
suspicious/old_susp_vid9_0085.jpg,suspicious/suspicious_02274.jpg,old_susp_vid9,85
suspicious/old_susp_vid9_0086.jpg,suspicious/suspicious_02275.jpg,old_susp_vid9,86
suspicious/old_susp_vid9_0087.jpg,suspicious/suspicious_02276.jpg,old_susp_vid9,87
suspicious/old_susp_vid9_0088.jpg,suspicious/suspicious_02277.jpg,old_susp_vid9,88
suspicious/old_susp_vid9_0089.jpg,suspicious/suspicious_02278.jpg,old_susp_vid9,89
suspicious/old_susp_vid9_0090.jpg,suspicious/suspicious_02279.jpg,old_susp_vid9,90
suspicious/old_susp_vid9_0091.jpg,suspicious/suspicious_02280.jpg,old_susp_vid9,91
suspicious/old_susp_vid9_0092.jpg,suspicious/suspicious_02281.jpg,old_susp_vid9,92
suspicious/old_susp_vid9_0093.jpg,suspicious/suspicious_02282.jpg,old_susp_vid9,93
suspicious/old_susp_vid9_0094.jpg,suspicious/suspicious_02283.jpg,old_susp_vid9,94
suspicious/old_susp_vid9_0095.jpg,suspicious/suspicious_02284.jpg,old_susp_vid9,95
suspicious/old_susp_vid9_0096.jpg,suspicious/suspicious_02285.jpg,old_susp_vid9,96
suspicious/old_susp_vid9_0097.jpg,suspicious/suspicious_02286.jpg,old_susp_vid9,97
suspicious/old_susp_vid9_0098.jpg,suspicious/suspicious_02287.jpg,old_susp_vid9,98
suspicious/old_susp_vid9_0099.jpg,suspicious/suspicious_02288.jpg,old_susp_vid9,99
suspicious/old_susp_vid9_0100.jpg,suspicious/suspicious_02289.jpg,old_susp_vid9,100
suspicious/old_susp_vid9_0101.jpg,suspicious/suspicious_02290.jpg,old_susp_vid9,101
suspicious/old_susp_vid9_0102.jpg,suspicious/suspicious_02291.jpg,old_susp_vid9,102
suspicious/old_susp_vid9_0103.jpg,suspicious/suspicious_02292.jpg,old_susp_vid9,103
suspicious/old_susp_vid9_0104.jpg,suspicious/suspicious_02293.jpg,old_susp_vid9,104
suspicious/old_susp_vid9_0105.jpg,suspicious/suspicious_02294.jpg,old_susp_vid9,105
suspicious/old_susp_vid9_0106.jpg,suspicious/suspicious_02295.jpg,old_susp_vid9,106
suspicious/old_susp_vid9_0107.jpg,suspicious/suspicious_02296.jpg,old_susp_vid9,107
suspicious/old_susp_vid9_0108.jpg,suspicious/suspicious_02297.jpg,old_susp_vid9,108
suspicious/old_susp_vid9_0109.jpg,suspicious/suspicious_02298.jpg,old_susp_vid9,109
suspicious/old_susp_vid9_0110.jpg,suspicious/suspicious_02299.jpg,old_susp_vid9,110
suspicious/old_susp_vid9_0111.jpg,suspicious/suspicious_02300.jpg,old_susp_vid9,111
suspicious/old_susp_vid9_0112.jpg,suspicious/suspicious_02301.jpg,old_susp_vid9,112
suspicious/old_susp_vid9_0113.jpg,suspicious/suspicious_02302.jpg,old_susp_vid9,113
suspicious/old_susp_vid9_0114.jpg,suspicious/suspicious_02303.jpg,old_susp_vid9,114
suspicious/old_susp_vid9_0115.jpg,suspicious/suspicious_02304.jpg,old_susp_vid9,115
suspicious/old_susp_vid9_0116.jpg,suspicious/suspicious_02305.jpg,old_susp_vid9,116
suspicious/old_susp_vid9_0117.jpg,suspicious/suspicious_02306.jpg,old_susp_vid9,117
suspicious/old_susp_vid9_0118.jpg,suspicious/suspicious_02307.jpg,old_susp_vid9,118
suspicious/old_susp_vid9_0119.jpg,suspicious/suspicious_02308.jpg,old_susp_vid9,119
suspicious/old_susp_vid9_0120.jpg,suspicious/suspicious_02309.jpg,old_susp_vid9,120
suspicious/old_susp_vid9_0121.jpg,suspicious/suspicious_02310.jpg,old_susp_vid9,121
suspicious/old_susp_vid9_0122.jpg,suspicious/suspicious_02311.jpg,old_susp_vid9,122
suspicious/old_susp_vid9_0123.jpg,suspicious/suspicious_02312.jpg,old_susp_vid9,123
suspicious/old_susp_vid9_0124.jpg,suspicious/suspicious_02313.jpg,old_susp_vid9,124
suspicious/old_susp_vid9_0125.jpg,suspicious/suspicious_02314.jpg,old_susp_vid9,125
suspicious/old_susp_vid9_0126.jpg,suspicious/suspicious_02315.jpg,old_susp_vid9,126
suspicious/old_susp_vid9_0127.jpg,suspicious/suspicious_02316.jpg,old_susp_vid9,127
suspicious/old_susp_vid9_0128.jpg,suspicious/suspicious_02317.jpg,old_susp_vid9,128
suspicious/old_susp_vid9_0129.jpg,suspicious/suspicious_02318.jpg,old_susp_vid9,129
suspicious/old_susp_vid9_0130.jpg,suspicious/suspicious_02319.jpg,old_susp_vid9,130
suspicious/old_susp_vid9_0131.jpg,suspicious/suspicious_02320.jpg,old_susp_vid9,131
suspicious/old_susp_vid9_0132.jpg,suspicious/suspicious_02321.jpg,old_susp_vid9,132
suspicious/old_susp_vid9_0133.jpg,suspicious/suspicious_02322.jpg,old_susp_vid9,133
suspicious/old_susp_vid9_0134.jpg,suspicious/suspicious_02323.jpg,old_susp_vid9,134
suspicious/old_susp_vid9_0135.jpg,suspicious/suspicious_02324.jpg,old_susp_vid9,135
suspicious/old_susp_vid9_0136.jpg,suspicious/suspicious_02325.jpg,old_susp_vid9,136
suspicious/old_susp_vid9_0137.jpg,suspicious/suspicious_02326.jpg,old_susp_vid9,137
suspicious/old_susp_vid9_0138.jpg,suspicious/suspicious_02327.jpg,old_susp_vid9,138
suspicious/old_susp_vid9_0139.jpg,suspicious/suspicious_02328.jpg,old_susp_vid9,139
suspicious/old_susp_vid9_0140.jpg,suspicious/suspicious_02329.jpg,old_susp_vid9,140
suspicious/old_susp_vid9_0141.jpg,suspicious/suspicious_02330.jpg,old_susp_vid9,141
suspicious/old_susp_vid9_0142.jpg,suspicious/suspicious_02331.jpg,old_susp_vid9,142
suspicious/old_susp_vid9_0143.jpg,suspicious/suspicious_02332.jpg,old_susp_vid9,143
suspicious/old_susp_vid9_0144.jpg,suspicious/suspicious_02333.jpg,old_susp_vid9,144
suspicious/old_susp_vid9_0145.jpg,suspicious/suspicious_02334.jpg,old_susp_vid9,145
suspicious/old_susp_vid9_0146.jpg,suspicious/suspicious_02335.jpg,old_susp_vid9,146
suspicious/old_susp_vid9_0147.jpg,suspicious/suspicious_02336.jpg,old_susp_vid9,147
suspicious/old_susp_vid9_0148.jpg,suspicious/suspicious_02337.jpg,old_susp_vid9,148
suspicious/old_susp_vid9_0149.jpg,suspicious/suspicious_02338.jpg,old_susp_vid9,149
suspicious/old_susp_vid9_0150.jpg,suspicious/suspicious_02339.jpg,old_susp_vid9,150
suspicious/old_susp_vid9_0151.jpg,suspicious/suspicious_02340.jpg,old_susp_vid9,151
suspicious/old_susp_vid9_0152.jpg,suspicious/suspicious_02341.jpg,old_susp_vid9,152
suspicious/old_susp_vid9_0153.jpg,suspicious/suspicious_02342.jpg,old_susp_vid9,153
suspicious/old_susp_vid9_0154.jpg,suspicious/suspicious_02343.jpg,old_susp_vid9,154
suspicious/old_susp_vid9_0155.jpg,suspicious/suspicious_02344.jpg,old_susp_vid9,155
suspicious/old_susp_vid9_0156.jpg,suspicious/suspicious_02345.jpg,old_susp_vid9,156
suspicious/old_susp_vid9_0157.jpg,suspicious/suspicious_02346.jpg,old_susp_vid9,157
suspicious/old_susp_vid9_0158.jpg,suspicious/suspicious_02347.jpg,old_susp_vid9,158
suspicious/old_susp_vid9_0159.jpg,suspicious/suspicious_02348.jpg,old_susp_vid9,159
suspicious/old_susp_vid9_0160.jpg,suspicious/suspicious_02349.jpg,old_susp_vid9,160
suspicious/old_susp_vid9_0161.jpg,suspicious/suspicious_02350.jpg,old_susp_vid9,161
suspicious/old_susp_vid9_0162.jpg,suspicious/suspicious_02351.jpg,old_susp_vid9,162
suspicious/old_susp_vid9_0163.jpg,suspicious/suspicious_02352.jpg,old_susp_vid9,163
suspicious/old_susp_vid9_0164.jpg,suspicious/suspicious_02353.jpg,old_susp_vid9,164
suspicious/old_susp_vid9_0165.jpg,suspicious/suspicious_02354.jpg,old_susp_vid9,165
suspicious/old_susp_vid9_0166.jpg,suspicious/suspicious_02355.jpg,old_susp_vid9,166
suspicious/old_susp_vid9_0167.jpg,suspicious/suspicious_02356.jpg,old_susp_vid9,167
suspicious/old_susp_vid9_0168.jpg,suspicious/suspicious_02357.jpg,old_susp_vid9,168
suspicious/old_susp_vid9_0169.jpg,suspicious/suspicious_02358.jpg,old_susp_vid9,169
suspicious/old_susp_vid9_0170.jpg,suspicious/suspicious_02359.jpg,old_susp_vid9,170
suspicious/old_susp_vid9_0171.jpg,suspicious/suspicious_02360.jpg,old_susp_vid9,171
suspicious/old_susp_vid9_0172.jpg,suspicious/suspicious_02361.jpg,old_susp_vid9,172
suspicious/old_susp_vid9_0173.jpg,suspicious/suspicious_02362.jpg,old_susp_vid9,173
suspicious/old_susp_vid9_0174.jpg,suspicious/suspicious_02363.jpg,old_susp_vid9,174
suspicious/old_susp_vid9_0175.jpg,suspicious/suspicious_02364.jpg,old_susp_vid9,175
suspicious/old_susp_vid9_0176.jpg,suspicious/suspicious_02365.jpg,old_susp_vid9,176
suspicious/old_susp_vid9_0177.jpg,suspicious/suspicious_02366.jpg,old_susp_vid9,177
suspicious/old_susp_vid9_0178.jpg,suspicious/suspicious_02367.jpg,old_susp_vid9,178
suspicious/old_susp_vid9_0179.jpg,suspicious/suspicious_02368.jpg,old_susp_vid9,179
suspicious/old_susp_vid9_0180.jpg,suspicious/suspicious_02369.jpg,old_susp_vid9,180
suspicious/old_susp_vid9_0181.jpg,suspicious/suspicious_02370.jpg,old_susp_vid9,181
suspicious/old_susp_vid9_0182.jpg,suspicious/suspicious_02371.jpg,old_susp_vid9,182
suspicious/old_susp_vid9_0183.jpg,suspicious/suspicious_02372.jpg,old_susp_vid9,183
suspicious/old_susp_vid9_0184.jpg,suspicious/suspicious_02373.jpg,old_susp_vid9,184
suspicious/old_susp_vid9_0185.jpg,suspicious/suspicious_02374.jpg,old_susp_vid9,185
suspicious/old_susp_vid9_0186.jpg,suspicious/suspicious_02375.jpg,old_susp_vid9,186
suspicious/old_susp_vid9_0187.jpg,suspicious/suspicious_02376.jpg,old_susp_vid9,187
suspicious/old_susp_vid9_0188.jpg,suspicious/suspicious_02377.jpg,old_susp_vid9,188
suspicious/old_susp_vid9_0189.jpg,suspicious/suspicious_02378.jpg,old_susp_vid9,189
suspicious/old_susp_vid9_0190.jpg,suspicious/suspicious_02379.jpg,old_susp_vid9,190
suspicious/old_susp_vid9_0191.jpg,suspicious/suspicious_02380.jpg,old_susp_vid9,191
suspicious/old_susp_vid9_0192.jpg,suspicious/suspicious_02381.jpg,old_susp_vid9,192
suspicious/old_susp_vid9_0193.jpg,suspicious/suspicious_02382.jpg,old_susp_vid9,193
suspicious/old_susp_vid9_0194.jpg,suspicious/suspicious_02383.jpg,old_susp_vid9,194
suspicious/old_susp_vid9_0195.jpg,suspicious/suspicious_02384.jpg,old_susp_vid9,195
suspicious/old_susp_vid9_0196.jpg,suspicious/suspicious_02385.jpg,old_susp_vid9,196
suspicious/old_susp_vid9_0197.jpg,suspicious/suspicious_02386.jpg,old_susp_vid9,197
suspicious/old_susp_vid9_0198.jpg,suspicious/suspicious_02387.jpg,old_susp_vid9,198
suspicious/old_susp_vid9_0199.jpg,suspicious/suspicious_02388.jpg,old_susp_vid9,199
suspicious/old_susp_vid9_0200.jpg,suspicious/suspicious_02389.jpg,old_susp_vid9,200
suspicious/old_susp_vid9_0201.jpg,suspicious/suspicious_02390.jpg,old_susp_vid9,201
suspicious/old_susp_vid9_0202.jpg,suspicious/suspicious_02391.jpg,old_susp_vid9,202
suspicious/old_susp_vid9_0203.jpg,suspicious/suspicious_02392.jpg,old_susp_vid9,203
suspicious/old_susp_vid9_0204.jpg,suspicious/suspicious_02393.jpg,old_susp_vid9,204
suspicious/old_susp_vid9_0205.jpg,suspicious/suspicious_02394.jpg,old_susp_vid9,205
suspicious/old_susp_vid9_0206.jpg,suspicious/suspicious_02395.jpg,old_susp_vid9,206
suspicious/old_susp_vid9_0207.jpg,suspicious/suspicious_02396.jpg,old_susp_vid9,207
suspicious/old_susp_vid9_0208.jpg,suspicious/suspicious_02397.jpg,old_susp_vid9,208
suspicious/old_susp_vid9_0209.jpg,suspicious/suspicious_02398.jpg,old_susp_vid9,209
suspicious/old_susp_vid9_0210.jpg,suspicious/suspicious_02399.jpg,old_susp_vid9,210
suspicious/old_susp_vid9_0211.jpg,suspicious/suspicious_02400.jpg,old_susp_vid9,211
suspicious/old_susp_vid9_0212.jpg,suspicious/suspicious_02401.jpg,old_susp_vid9,212
suspicious/old_susp_vid9_0213.jpg,suspicious/suspicious_02402.jpg,old_susp_vid9,213
suspicious/old_susp_vid9_0214.jpg,suspicious/suspicious_02403.jpg,old_susp_vid9,214
suspicious/old_susp_vid9_0215.jpg,suspicious/suspicious_02404.jpg,old_susp_vid9,215
suspicious/old_susp_vid9_0216.jpg,suspicious/suspicious_02405.jpg,old_susp_vid9,216
suspicious/old_susp_vid9_0217.jpg,suspicious/suspicious_02406.jpg,old_susp_vid9,217
suspicious/old_susp_vid9_0218.jpg,suspicious/suspicious_02407.jpg,old_susp_vid9,218
suspicious/old_susp_vid9_0219.jpg,suspicious/suspicious_02408.jpg,old_susp_vid9,219
suspicious/old_susp_vid9_0220.jpg,suspicious/suspicious_02409.jpg,old_susp_vid9,220
suspicious/old_susp_vid9_0221.jpg,suspicious/suspicious_02410.jpg,old_susp_vid9,221
suspicious/old_susp_vid9_0222.jpg,suspicious/suspicious_02411.jpg,old_susp_vid9,222
suspicious/old_susp_vid9_0223.jpg,suspicious/suspicious_02412.jpg,old_susp_vid9,223
suspicious/old_susp_vid9_0224.jpg,suspicious/suspicious_02413.jpg,old_susp_vid9,224
suspicious/old_susp_vid9_0225.jpg,suspicious/suspicious_02414.jpg,old_susp_vid9,225
suspicious/old_susp_vid9_0226.jpg,suspicious/suspicious_02415.jpg,old_susp_vid9,226
suspicious/old_susp_vid9_0227.jpg,suspicious/suspicious_02416.jpg,old_susp_vid9,227
suspicious/old_susp_vid9_0228.jpg,suspicious/suspicious_02417.jpg,old_susp_vid9,228
suspicious/old_susp_vid9_0229.jpg,suspicious/suspicious_02418.jpg,old_susp_vid9,229
suspicious/old_susp_vid9_0230.jpg,suspicious/suspicious_02419.jpg,old_susp_vid9,230
suspicious/old_susp_vid9_0231.jpg,suspicious/suspicious_02420.jpg,old_susp_vid9,231
suspicious/old_susp_vid9_0232.jpg,suspicious/suspicious_02421.jpg,old_susp_vid9,232
suspicious/old_susp_vid9_0233.jpg,suspicious/suspicious_02422.jpg,old_susp_vid9,233
suspicious/old_susp_vid9_0234.jpg,suspicious/suspicious_02423.jpg,old_susp_vid9,234
suspicious/old_susp_vid9_0235.jpg,suspicious/suspicious_02424.jpg,old_susp_vid9,235
suspicious/old_susp_vid9_0236.jpg,suspicious/suspicious_02425.jpg,old_susp_vid9,236
suspicious/old_susp_vid9_0237.jpg,suspicious/suspicious_02426.jpg,old_susp_vid9,237
suspicious/old_susp_vid9_0238.jpg,suspicious/suspicious_02427.jpg,old_susp_vid9,238
suspicious/old_susp_vid9_0239.jpg,suspicious/suspicious_02428.jpg,old_susp_vid9,239
suspicious/old_susp_vid9_0240.jpg,suspicious/suspicious_02429.jpg,old_susp_vid9,240
suspicious/old_susp_vid9_0241.jpg,suspicious/suspicious_02430.jpg,old_susp_vid9,241
suspicious/old_susp_vid9_0242.jpg,suspicious/suspicious_02431.jpg,old_susp_vid9,242
suspicious/old_susp_vid9_0243.jpg,suspicious/suspicious_02432.jpg,old_susp_vid9,243
suspicious/old_susp_vid9_0244.jpg,suspicious/suspicious_02433.jpg,old_susp_vid9,244
suspicious/old_susp_vid9_0245.jpg,suspicious/suspicious_02434.jpg,old_susp_vid9,245
suspicious/old_susp_vid9_0246.jpg,suspicious/suspicious_02435.jpg,old_susp_vid9,246
suspicious/old_susp_vid9_0247.jpg,suspicious/suspicious_02436.jpg,old_susp_vid9,247
suspicious/old_susp_vid9_0248.jpg,suspicious/suspicious_02437.jpg,old_susp_vid9,248
suspicious/old_susp_vid9_0249.jpg,suspicious/suspicious_02438.jpg,old_susp_vid9,249
suspicious/old_susp_vid9_0250.jpg,suspicious/suspicious_02439.jpg,old_susp_vid9,250
suspicious/old_susp_vid9_0251.jpg,suspicious/suspicious_02440.jpg,old_susp_vid9,251
suspicious/old_susp_vid9_0252.jpg,suspicious/suspicious_02441.jpg,old_susp_vid9,252
suspicious/old_susp_vid9_0253.jpg,suspicious/suspicious_02442.jpg,old_susp_vid9,253
suspicious/old_susp_vid9_0254.jpg,suspicious/suspicious_02443.jpg,old_susp_vid9,254
suspicious/old_susp_vid9_0255.jpg,suspicious/suspicious_02444.jpg,old_susp_vid9,255
suspicious/old_susp_vid9_0256.jpg,suspicious/suspicious_02445.jpg,old_susp_vid9,256
suspicious/old_susp_vid9_0257.jpg,suspicious/suspicious_02446.jpg,old_susp_vid9,257
suspicious/old_susp_vid9_0258.jpg,suspicious/suspicious_02447.jpg,old_susp_vid9,258
suspicious/old_susp_vid9_0259.jpg,suspicious/suspicious_02448.jpg,old_susp_vid9,259
suspicious/old_susp_vid9_0260.jpg,suspicious/suspicious_02449.jpg,old_susp_vid9,260
suspicious/old_susp_vid9_0261.jpg,suspicious/suspicious_02450.jpg,old_susp_vid9,261
suspicious/old_susp_vid9_0262.jpg,suspicious/suspicious_02451.jpg,old_susp_vid9,262
suspicious/old_susp_vid9_0263.jpg,suspicious/suspicious_02452.jpg,old_susp_vid9,263
suspicious/old_susp_vid9_0264.jpg,suspicious/suspicious_02453.jpg,old_susp_vid9,264
suspicious/old_susp_vid9_0265.jpg,suspicious/suspicious_02454.jpg,old_susp_vid9,265
suspicious/old_susp_vid9_0266.jpg,suspicious/suspicious_02455.jpg,old_susp_vid9,266
suspicious/old_susp_vid9_0267.jpg,suspicious/suspicious_02456.jpg,old_susp_vid9,267
suspicious/old_susp_vid9_0268.jpg,suspicious/suspicious_02457.jpg,old_susp_vid9,268
suspicious/old_susp_vid9_0269.jpg,suspicious/suspicious_02458.jpg,old_susp_vid9,269
suspicious/old_susp_vid9_0270.jpg,suspicious/suspicious_02459.jpg,old_susp_vid9,270
suspicious/old_susp_vid9_0271.jpg,suspicious/suspicious_02460.jpg,old_susp_vid9,271
suspicious/old_susp_vid9_0272.jpg,suspicious/suspicious_02461.jpg,old_susp_vid9,272
suspicious/old_susp_vid9_0273.jpg,suspicious/suspicious_02462.jpg,old_susp_vid9,273
suspicious/old_susp_vid9_0274.jpg,suspicious/suspicious_02463.jpg,old_susp_vid9,274
suspicious/old_susp_vid9_0275.jpg,suspicious/suspicious_02464.jpg,old_susp_vid9,275
suspicious/old_susp_vid9_0276.jpg,suspicious/suspicious_02465.jpg,old_susp_vid9,276
suspicious/old_susp_vid9_0277.jpg,suspicious/suspicious_02466.jpg,old_susp_vid9,277
suspicious/old_susp_vid9_0278.jpg,suspicious/suspicious_02467.jpg,old_susp_vid9,278
suspicious/old_susp_vid9_0279.jpg,suspicious/suspicious_02468.jpg,old_susp_vid9,279
suspicious/old_susp_vid9_0280.jpg,suspicious/suspicious_02469.jpg,old_susp_vid9,280
suspicious/old_susp_vid9_0281.jpg,suspicious/suspicious_02470.jpg,old_susp_vid9,281
suspicious/old_susp_vid9_0282.jpg,suspicious/suspicious_02471.jpg,old_susp_vid9,282
suspicious/old_susp_vid9_0283.jpg,suspicious/suspicious_02472.jpg,old_susp_vid9,283
suspicious/old_susp_vid9_0284.jpg,suspicious/suspicious_02473.jpg,old_susp_vid9,284
suspicious/old_susp_vid9_0285.jpg,suspicious/suspicious_02474.jpg,old_susp_vid9,285
suspicious/old_susp_vid9_0286.jpg,suspicious/suspicious_02475.jpg,old_susp_vid9,286
suspicious/old_susp_vid9_0287.jpg,suspicious/suspicious_02476.jpg,old_susp_vid9,287
suspicious/old_susp_vid9_0288.jpg,suspicious/suspicious_02477.jpg,old_susp_vid9,288
suspicious/old_susp_vid9_0289.jpg,suspicious/suspicious_02478.jpg,old_susp_vid9,289
suspicious/old_susp_vid9_0290.jpg,suspicious/suspicious_02479.jpg,old_susp_vid9,290
suspicious/old_susp_vid9_0291.jpg,suspicious/suspicious_02480.jpg,old_susp_vid9,291
suspicious/old_susp_vid9_0292.jpg,suspicious/suspicious_02481.jpg,old_susp_vid9,292
suspicious/old_susp_vid9_0293.jpg,suspicious/suspicious_02482.jpg,old_susp_vid9,293
suspicious/old_susp_vid9_0294.jpg,suspicious/suspicious_02483.jpg,old_susp_vid9,294
suspicious/old_susp_vid9_0295.jpg,suspicious/suspicious_02484.jpg,old_susp_vid9,295
suspicious/old_susp_vid9_0296.jpg,suspicious/suspicious_02485.jpg,old_susp_vid9,296
suspicious/old_susp_vid9_0297.jpg,suspicious/suspicious_02486.jpg,old_susp_vid9,297
suspicious/old_susp_vid9_0298.jpg,suspicious/suspicious_02487.jpg,old_susp_vid9,298
suspicious/old_susp_vid9_0299.jpg,suspicious/suspicious_02488.jpg,old_susp_vid9,299
suspicious/old_susp_vid9_0300.jpg,suspicious/suspicious_02489.jpg,old_susp_vid9,300
suspicious/old_susp_vid9_0301.jpg,suspicious/suspicious_02490.jpg,old_susp_vid9,301
suspicious/old_susp_vid9_0302.jpg,suspicious/suspicious_02491.jpg,old_susp_vid9,302
suspicious/old_susp_vid9_0303.jpg,suspicious/suspicious_02492.jpg,old_susp_vid9,303
suspicious/old_susp_vid9_0304.jpg,suspicious/suspicious_02493.jpg,old_susp_vid9,304
suspicious/old_susp_vid9_0305.jpg,suspicious/suspicious_02494.jpg,old_susp_vid9,305
suspicious/old_susp_vid9_0306.jpg,suspicious/suspicious_02495.jpg,old_susp_vid9,306
suspicious/old_susp_vid9_0307.jpg,suspicious/suspicious_02496.jpg,old_susp_vid9,307
suspicious/old_susp_vid9_0308.jpg,suspicious/suspicious_02497.jpg,old_susp_vid9,308
suspicious/old_susp_vid9_0309.jpg,suspicious/suspicious_02498.jpg,old_susp_vid9,309
suspicious/old_susp_vid9_0310.jpg,suspicious/suspicious_02499.jpg,old_susp_vid9,310
suspicious/old_susp_vid9_0311.jpg,suspicious/suspicious_02500.jpg,old_susp_vid9,311
suspicious/old_susp_vid9_0312.jpg,suspicious/suspicious_02501.jpg,old_susp_vid9,312
suspicious/old_susp_vid9_0313.jpg,suspicious/suspicious_02502.jpg,old_susp_vid9,313
suspicious/old_susp_vid9_0314.jpg,suspicious/suspicious_02503.jpg,old_susp_vid9,314
suspicious/old_susp_vid9_0315.jpg,suspicious/suspicious_02504.jpg,old_susp_vid9,315
suspicious/old_susp_vid9_0316.jpg,suspicious/suspicious_02505.jpg,old_susp_vid9,316
suspicious/old_susp_vid9_0317.jpg,suspicious/suspicious_02506.jpg,old_susp_vid9,317
suspicious/old_susp_vid9_0318.jpg,suspicious/suspicious_02507.jpg,old_susp_vid9,318
suspicious/old_susp_vid9_0319.jpg,suspicious/suspicious_02508.jpg,old_susp_vid9,319
suspicious/old_susp_vid9_0320.jpg,suspicious/suspicious_02509.jpg,old_susp_vid9,320
suspicious/old_susp_vid9_0321.jpg,suspicious/suspicious_02510.jpg,old_susp_vid9,321
suspicious/old_susp_vid9_0322.jpg,suspicious/suspicious_02511.jpg,old_susp_vid9,322
suspicious/old_susp_vid9_0323.jpg,suspicious/suspicious_02512.jpg,old_susp_vid9,323
suspicious/old_susp_vid9_0324.jpg,suspicious/suspicious_02513.jpg,old_susp_vid9,324
suspicious/old_susp_vid9_0325.jpg,suspicious/suspicious_02514.jpg,old_susp_vid9,325
suspicious/old_susp_vid9_0326.jpg,suspicious/suspicious_02515.jpg,old_susp_vid9,326
suspicious/old_susp_vid9_0327.jpg,suspicious/suspicious_02516.jpg,old_susp_vid9,327
suspicious/old_susp_vid9_0328.jpg,suspicious/suspicious_02517.jpg,old_susp_vid9,328
suspicious/old_susp_vid9_0329.jpg,suspicious/suspicious_02518.jpg,old_susp_vid9,329
suspicious/old_susp_vid9_0330.jpg,suspicious/suspicious_02519.jpg,old_susp_vid9,330
suspicious/old_susp_vid9_0331.jpg,suspicious/suspicious_02520.jpg,old_susp_vid9,331
suspicious/old_susp_vid9_0332.jpg,suspicious/suspicious_02521.jpg,old_susp_vid9,332
suspicious/old_susp_vid9_0333.jpg,suspicious/suspicious_02522.jpg,old_susp_vid9,333
suspicious/old_susp_vid9_0334.jpg,suspicious/suspicious_02523.jpg,old_susp_vid9,334
suspicious/old_susp_vid9_0335.jpg,suspicious/suspicious_02524.jpg,old_susp_vid9,335
suspicious/old_susp_vid9_0336.jpg,suspicious/suspicious_02525.jpg,old_susp_vid9,336
suspicious/old_susp_vid9_0337.jpg,suspicious/suspicious_02526.jpg,old_susp_vid9,337
suspicious/old_susp_vid9_0338.jpg,suspicious/suspicious_02527.jpg,old_susp_vid9,338
suspicious/old_susp_vid9_0339.jpg,suspicious/suspicious_02528.jpg,old_susp_vid9,339
suspicious/old_susp_vid9_0340.jpg,suspicious/suspicious_02529.jpg,old_susp_vid9,340
suspicious/old_susp_vid9_0341.jpg,suspicious/suspicious_02530.jpg,old_susp_vid9,341
suspicious/old_susp_vid9_0342.jpg,suspicious/suspicious_02531.jpg,old_susp_vid9,342
suspicious/old_susp_vid9_0343.jpg,suspicious/suspicious_02532.jpg,old_susp_vid9,343
suspicious/old_susp_vid9_0344.jpg,suspicious/suspicious_02533.jpg,old_susp_vid9,344
suspicious/old_susp_vid9_0345.jpg,suspicious/suspicious_02534.jpg,old_susp_vid9,345
suspicious/old_susp_vid9_0346.jpg,suspicious/suspicious_02535.jpg,old_susp_vid9,346
suspicious/old_susp_vid9_0347.jpg,suspicious/suspicious_02536.jpg,old_susp_vid9,347
suspicious/old_susp_vid9_0348.jpg,suspicious/suspicious_02537.jpg,old_susp_vid9,348
suspicious/old_susp_vid9_0349.jpg,suspicious/suspicious_02538.jpg,old_susp_vid9,349
suspicious/old_susp_vid9_0350.jpg,suspicious/suspicious_02539.jpg,old_susp_vid9,350
suspicious/old_susp_vid9_0351.jpg,suspicious/suspicious_02540.jpg,old_susp_vid9,351
suspicious/old_susp_vid9_0352.jpg,suspicious/suspicious_02541.jpg,old_susp_vid9,352
suspicious/old_susp_vid9_0353.jpg,suspicious/suspicious_02542.jpg,old_susp_vid9,353
suspicious/old_susp_vid9_0354.jpg,suspicious/suspicious_02543.jpg,old_susp_vid9,354
suspicious/old_susp_vid9_0355.jpg,suspicious/suspicious_02544.jpg,old_susp_vid9,355
suspicious/old_susp_vid9_0356.jpg,suspicious/suspicious_02545.jpg,old_susp_vid9,356
suspicious/old_susp_vid9_0357.jpg,suspicious/suspicious_02546.jpg,old_susp_vid9,357
suspicious/old_susp_vid9_0358.jpg,suspicious/suspicious_02547.jpg,old_susp_vid9,358
suspicious/old_susp_vid9_0359.jpg,suspicious/suspicious_02548.jpg,old_susp_vid9,359
suspicious/old_susp_vid9_0360.jpg,suspicious/suspicious_02549.jpg,old_susp_vid9,360
suspicious/old_susp_vid9_0361.jpg,suspicious/suspicious_02550.jpg,old_susp_vid9,361
suspicious/old_susp_vid9_0362.jpg,suspicious/suspicious_02551.jpg,old_susp_vid9,362
suspicious/old_susp_vid9_0363.jpg,suspicious/suspicious_02552.jpg,old_susp_vid9,363
suspicious/old_susp_vid9_0364.jpg,suspicious/suspicious_02553.jpg,old_susp_vid9,364
suspicious/old_susp_vid9_0365.jpg,suspicious/suspicious_02554.jpg,old_susp_vid9,365
suspicious/old_susp_vid9_0366.jpg,suspicious/suspicious_02555.jpg,old_susp_vid9,366
suspicious/old_susp_vid9_0367.jpg,suspicious/suspicious_02556.jpg,old_susp_vid9,367
suspicious/old_susp_vid9_0368.jpg,suspicious/suspicious_02557.jpg,old_susp_vid9,368
suspicious/old_susp_vid9_0369.jpg,suspicious/suspicious_02558.jpg,old_susp_vid9,369
suspicious/old_susp_vid9_0370.jpg,suspicious/suspicious_02559.jpg,old_susp_vid9,370
suspicious/old_susp_vid9_0371.jpg,suspicious/suspicious_02560.jpg,old_susp_vid9,371
suspicious/old_susp_vid9_0372.jpg,suspicious/suspicious_02561.jpg,old_susp_vid9,372
suspicious/old_susp_vid9_0373.jpg,suspicious/suspicious_02562.jpg,old_susp_vid9,373
suspicious/old_susp_vid9_0374.jpg,suspicious/suspicious_02563.jpg,old_susp_vid9,374
suspicious/old_susp_vid9_0375.jpg,suspicious/suspicious_02564.jpg,old_susp_vid9,375
suspicious/old_susp_vid9_0376.jpg,suspicious/suspicious_02565.jpg,old_susp_vid9,376
suspicious/old_susp_vid9_0377.jpg,suspicious/suspicious_02566.jpg,old_susp_vid9,377
suspicious/old_susp_vid9_0378.jpg,suspicious/suspicious_02567.jpg,old_susp_vid9,378
suspicious/old_susp_vid9_0379.jpg,suspicious/suspicious_02568.jpg,old_susp_vid9,379
suspicious/old_susp_vid9_0380.jpg,suspicious/suspicious_02569.jpg,old_susp_vid9,380
suspicious/old_susp_vid9_0381.jpg,suspicious/suspicious_02570.jpg,old_susp_vid9,381
suspicious/old_susp_vid9_0382.jpg,suspicious/suspicious_02571.jpg,old_susp_vid9,382
suspicious/old_susp_vid9_0383.jpg,suspicious/suspicious_02572.jpg,old_susp_vid9,383
suspicious/old_susp_vid9_0384.jpg,suspicious/suspicious_02573.jpg,old_susp_vid9,384
suspicious/old_susp_vid9_0385.jpg,suspicious/suspicious_02574.jpg,old_susp_vid9,385
suspicious/old_susp_vid9_0386.jpg,suspicious/suspicious_02575.jpg,old_susp_vid9,386
suspicious/old_susp_vid9_0387.jpg,suspicious/suspicious_02576.jpg,old_susp_vid9,387
suspicious/old_susp_vid9_0388.jpg,suspicious/suspicious_02577.jpg,old_susp_vid9,388
suspicious/old_susp_vid9_0389.jpg,suspicious/suspicious_02578.jpg,old_susp_vid9,389
suspicious/old_susp_vid9_0390.jpg,suspicious/suspicious_02579.jpg,old_susp_vid9,390
suspicious/old_susp_vid9_0391.jpg,suspicious/suspicious_02580.jpg,old_susp_vid9,391
suspicious/old_susp_vid9_0392.jpg,suspicious/suspicious_02581.jpg,old_susp_vid9,392
suspicious/old_susp_vid9_0393.jpg,suspicious/suspicious_02582.jpg,old_susp_vid9,393
suspicious/old_susp_vid9_0394.jpg,suspicious/suspicious_02583.jpg,old_susp_vid9,394
suspicious/old_susp_vid9_0395.jpg,suspicious/suspicious_02584.jpg,old_susp_vid9,395
suspicious/old_susp_vid9_0396.jpg,suspicious/suspicious_02585.jpg,old_susp_vid9,396
suspicious/old_susp_vid9_0397.jpg,suspicious/suspicious_02586.jpg,old_susp_vid9,397
suspicious/old_susp_vid9_0398.jpg,suspicious/suspicious_02587.jpg,old_susp_vid9,398
suspicious/old_susp_vid9_0399.jpg,suspicious/suspicious_02588.jpg,old_susp_vid9,399
suspicious/old_susp_vid9_0400.jpg,suspicious/suspicious_02589.jpg,old_susp_vid9,400
suspicious/old_susp_vid9_0401.jpg,suspicious/suspicious_02590.jpg,old_susp_vid9,401
suspicious/old_susp_vid9_0402.jpg,suspicious/suspicious_02591.jpg,old_susp_vid9,402
suspicious/old_susp_vid9_0403.jpg,suspicious/suspicious_02592.jpg,old_susp_vid9,403
suspicious/old_susp_vid9_0404.jpg,suspicious/suspicious_02593.jpg,old_susp_vid9,404
suspicious/old_susp_vid9_0405.jpg,suspicious/suspicious_02594.jpg,old_susp_vid9,405
suspicious/old_susp_vid9_0406.jpg,suspicious/suspicious_02595.jpg,old_susp_vid9,406
suspicious/old_susp_vid9_0407.jpg,suspicious/suspicious_02596.jpg,old_susp_vid9,407
suspicious/old_susp_vid9_0408.jpg,suspicious/suspicious_02597.jpg,old_susp_vid9,408
suspicious/old_susp_vid9_0409.jpg,suspicious/suspicious_02598.jpg,old_susp_vid9,409
suspicious/old_susp_vid9_0410.jpg,suspicious/suspicious_02599.jpg,old_susp_vid9,410
suspicious/old_susp_vid9_0411.jpg,suspicious/suspicious_02600.jpg,old_susp_vid9,411
suspicious/old_susp_vid9_0412.jpg,suspicious/suspicious_02601.jpg,old_susp_vid9,412
suspicious/old_susp_vid9_0413.jpg,suspicious/suspicious_02602.jpg,old_susp_vid9,413
suspicious/old_susp_vid9_0414.jpg,suspicious/suspicious_02603.jpg,old_susp_vid9,414
suspicious/old_susp_vid9_0415.jpg,suspicious/suspicious_02604.jpg,old_susp_vid9,415
suspicious/old_susp_vid9_0416.jpg,suspicious/suspicious_02605.jpg,old_susp_vid9,416
suspicious/old_susp_vid9_0417.jpg,suspicious/suspicious_02606.jpg,old_susp_vid9,417
suspicious/old_susp_vid9_0418.jpg,suspicious/suspicious_02607.jpg,old_susp_vid9,418
suspicious/old_susp_vid9_0419.jpg,suspicious/suspicious_02608.jpg,old_susp_vid9,419
suspicious/old_susp_vid9_0420.jpg,suspicious/suspicious_02609.jpg,old_susp_vid9,420
suspicious/old_susp_vid9_0421.jpg,suspicious/suspicious_02610.jpg,old_susp_vid9,421
suspicious/old_susp_vid9_0422.jpg,suspicious/suspicious_02611.jpg,old_susp_vid9,422
suspicious/old_susp_vid9_0423.jpg,suspicious/suspicious_02612.jpg,old_susp_vid9,423
suspicious/old_susp_vid9_0424.jpg,suspicious/suspicious_02613.jpg,old_susp_vid9,424
suspicious/old_susp_vid9_0425.jpg,suspicious/suspicious_02614.jpg,old_susp_vid9,425
suspicious/old_susp_vid9_0426.jpg,suspicious/suspicious_02615.jpg,old_susp_vid9,426
suspicious/old_susp_vid9_0427.jpg,suspicious/suspicious_02616.jpg,old_susp_vid9,427
suspicious/old_susp_vid9_0428.jpg,suspicious/suspicious_02617.jpg,old_susp_vid9,428
suspicious/old_susp_vid9_0429.jpg,suspicious/suspicious_02618.jpg,old_susp_vid9,429
suspicious/old_susp_vid9_0430.jpg,suspicious/suspicious_02619.jpg,old_susp_vid9,430
suspicious/old_susp_vid9_0431.jpg,suspicious/suspicious_02620.jpg,old_susp_vid9,431
suspicious/old_susp_vid9_0432.jpg,suspicious/suspicious_02621.jpg,old_susp_vid9,432
suspicious/old_susp_vid9_0433.jpg,suspicious/suspicious_02622.jpg,old_susp_vid9,433
suspicious/old_susp_vid9_0434.jpg,suspicious/suspicious_02623.jpg,old_susp_vid9,434
suspicious/old_susp_vid9_0435.jpg,suspicious/suspicious_02624.jpg,old_susp_vid9,435
suspicious/old_susp_vid9_0436.jpg,suspicious/suspicious_02625.jpg,old_susp_vid9,436
suspicious/old_susp_vid9_0437.jpg,suspicious/suspicious_02626.jpg,old_susp_vid9,437
suspicious/old_susp_vid9_0438.jpg,suspicious/suspicious_02627.jpg,old_susp_vid9,438
suspicious/old_susp_vid9_0439.jpg,suspicious/suspicious_02628.jpg,old_susp_vid9,439
suspicious/old_susp_vid9_0440.jpg,suspicious/suspicious_02629.jpg,old_susp_vid9,440
suspicious/old_susp_vid9_0441.jpg,suspicious/suspicious_02630.jpg,old_susp_vid9,441
suspicious/old_susp_vid9_0442.jpg,suspicious/suspicious_02631.jpg,old_susp_vid9,442
suspicious/old_susp_vid9_0443.jpg,suspicious/suspicious_02632.jpg,old_susp_vid9,443
suspicious/old_susp_vid9_0444.jpg,suspicious/suspicious_02633.jpg,old_susp_vid9,444
suspicious/old_susp_vid9_0445.jpg,suspicious/suspicious_02634.jpg,old_susp_vid9,445
suspicious/old_susp_vid9_0446.jpg,suspicious/suspicious_02635.jpg,old_susp_vid9,446
suspicious/old_susp_vid9_0447.jpg,suspicious/suspicious_02636.jpg,old_susp_vid9,447
suspicious/old_susp_vid9_0448.jpg,suspicious/suspicious_02637.jpg,old_susp_vid9,448
suspicious/old_susp_vid9_0449.jpg,suspicious/suspicious_02638.jpg,old_susp_vid9,449
suspicious/old_susp_vid9_0450.jpg,suspicious/suspicious_02639.jpg,old_susp_vid9,450
suspicious/old_susp_vid9_0451.jpg,suspicious/suspicious_02640.jpg,old_susp_vid9,451
suspicious/old_susp_vid9_0452.jpg,suspicious/suspicious_02641.jpg,old_susp_vid9,452
suspicious/old_susp_vid9_0453.jpg,suspicious/suspicious_02642.jpg,old_susp_vid9,453
suspicious/old_susp_vid9_0454.jpg,suspicious/suspicious_02643.jpg,old_susp_vid9,454
suspicious/old_susp_vid9_0455.jpg,suspicious/suspicious_02644.jpg,old_susp_vid9,455
suspicious/old_susp_vid9_0456.jpg,suspicious/suspicious_02645.jpg,old_susp_vid9,456
suspicious/old_susp_vid9_0457.jpg,suspicious/suspicious_02646.jpg,old_susp_vid9,457
suspicious/old_susp_vid9_0458.jpg,suspicious/suspicious_02647.jpg,old_susp_vid9,458
suspicious/old_susp_vid9_0459.jpg,suspicious/suspicious_02648.jpg,old_susp_vid9,459
suspicious/old_susp_vid9_0460.jpg,suspicious/suspicious_02649.jpg,old_susp_vid9,460
suspicious/old_susp_vid9_0461.jpg,suspicious/suspicious_02650.jpg,old_susp_vid9,461
suspicious/old_susp_vid9_0462.jpg,suspicious/suspicious_02651.jpg,old_susp_vid9,462
suspicious/old_susp_vid9_0463.jpg,suspicious/suspicious_02652.jpg,old_susp_vid9,463
suspicious/old_susp_vid9_0464.jpg,suspicious/suspicious_02653.jpg,old_susp_vid9,464
suspicious/old_susp_vid9_0465.jpg,suspicious/suspicious_02654.jpg,old_susp_vid9,465
suspicious/old_susp_vid9_0466.jpg,suspicious/suspicious_02655.jpg,old_susp_vid9,466
suspicious/old_susp_vid9_0467.jpg,suspicious/suspicious_02656.jpg,old_susp_vid9,467
suspicious/old_susp_vid9_0468.jpg,suspicious/suspicious_02657.jpg,old_susp_vid9,468
suspicious/old_susp_vid9_0469.jpg,suspicious/suspicious_02658.jpg,old_susp_vid9,469
suspicious/old_susp_vid9_0470.jpg,suspicious/suspicious_02659.jpg,old_susp_vid9,470
suspicious/old_susp_vid9_0471.jpg,suspicious/suspicious_02660.jpg,old_susp_vid9,471
suspicious/old_susp_vid9_0472.jpg,suspicious/suspicious_02661.jpg,old_susp_vid9,472
suspicious/old_susp_vid9_0473.jpg,suspicious/suspicious_02662.jpg,old_susp_vid9,473
suspicious/old_susp_vid9_0474.jpg,suspicious/suspicious_02663.jpg,old_susp_vid9,474
suspicious/old_susp_vid9_0475.jpg,suspicious/suspicious_02664.jpg,old_susp_vid9,475
suspicious/old_susp_vid9_0476.jpg,suspicious/suspicious_02665.jpg,old_susp_vid9,476
suspicious/old_susp_vid9_0477.jpg,suspicious/suspicious_02666.jpg,old_susp_vid9,477
suspicious/old_susp_vid9_0478.jpg,suspicious/suspicious_02667.jpg,old_susp_vid9,478
suspicious/old_susp_vid9_0479.jpg,suspicious/suspicious_02668.jpg,old_susp_vid9,479
suspicious/old_susp_vid9_0480.jpg,suspicious/suspicious_02669.jpg,old_susp_vid9,480
suspicious/old_susp_vid9_0481.jpg,suspicious/suspicious_02670.jpg,old_susp_vid9,481
suspicious/old_susp_vid9_0482.jpg,suspicious/suspicious_02671.jpg,old_susp_vid9,482
suspicious/old_susp_vid9_0483.jpg,suspicious/suspicious_02672.jpg,old_susp_vid9,483
suspicious/old_susp_vid9_0484.jpg,suspicious/suspicious_02673.jpg,old_susp_vid9,484
suspicious/old_susp_vid9_0485.jpg,suspicious/suspicious_02674.jpg,old_susp_vid9,485
suspicious/old_susp_vid9_0486.jpg,suspicious/suspicious_02675.jpg,old_susp_vid9,486
suspicious/old_susp_vid9_0487.jpg,suspicious/suspicious_02676.jpg,old_susp_vid9,487
suspicious/old_susp_vid9_0488.jpg,suspicious/suspicious_02677.jpg,old_susp_vid9,488
suspicious/old_susp_vid9_0489.jpg,suspicious/suspicious_02678.jpg,old_susp_vid9,489
suspicious/old_susp_vid9_0490.jpg,suspicious/suspicious_02679.jpg,old_susp_vid9,490
suspicious/old_susp_vid9_0491.jpg,suspicious/suspicious_02680.jpg,old_susp_vid9,491
suspicious/old_susp_vid9_0492.jpg,suspicious/suspicious_02681.jpg,old_susp_vid9,492
suspicious/old_susp_vid9_0493.jpg,suspicious/suspicious_02682.jpg,old_susp_vid9,493
suspicious/old_susp_vid9_0494.jpg,suspicious/suspicious_02683.jpg,old_susp_vid9,494
suspicious/old_susp_vid9_0495.jpg,suspicious/suspicious_02684.jpg,old_susp_vid9,495
suspicious/old_susp_vid9_0496.jpg,suspicious/suspicious_02685.jpg,old_susp_vid9,496
suspicious/old_susp_vid9_0497.jpg,suspicious/suspicious_02686.jpg,old_susp_vid9,497
suspicious/old_susp_vid9_0498.jpg,suspicious/suspicious_02687.jpg,old_susp_vid9,498
suspicious/old_susp_vid9_0499.jpg,suspicious/suspicious_02688.jpg,old_susp_vid9,499
suspicious/old_susp_vid9_0500.jpg,suspicious/suspicious_02689.jpg,old_susp_vid9,500
suspicious/old_susp_vid9_0501.jpg,suspicious/suspicious_02690.jpg,old_susp_vid9,501
suspicious/old_susp_vid9_0502.jpg,suspicious/suspicious_02691.jpg,old_susp_vid9,502
suspicious/old_susp_vid9_0503.jpg,suspicious/suspicious_02692.jpg,old_susp_vid9,503
suspicious/old_susp_vid9_0504.jpg,suspicious/suspicious_02693.jpg,old_susp_vid9,504
suspicious/old_susp_vid9_0505.jpg,suspicious/suspicious_02694.jpg,old_susp_vid9,505
suspicious/old_susp_vid9_0506.jpg,suspicious/suspicious_02695.jpg,old_susp_vid9,506
suspicious/old_susp_vid9_0507.jpg,suspicious/suspicious_02696.jpg,old_susp_vid9,507
suspicious/old_susp_vid9_0508.jpg,suspicious/suspicious_02697.jpg,old_susp_vid9,508
suspicious/old_susp_vid9_0509.jpg,suspicious/suspicious_02698.jpg,old_susp_vid9,509
suspicious/old_susp_vid9_0510.jpg,suspicious/suspicious_02699.jpg,old_susp_vid9,510
suspicious/old_susp_vid9_0511.jpg,suspicious/suspicious_02700.jpg,old_susp_vid9,511
suspicious/old_susp_vid9_0512.jpg,suspicious/suspicious_02701.jpg,old_susp_vid9,512
suspicious/old_susp_vid9_0513.jpg,suspicious/suspicious_02702.jpg,old_susp_vid9,513
suspicious/old_susp_vid9_0514.jpg,suspicious/suspicious_02703.jpg,old_susp_vid9,514
suspicious/old_susp_vid9_0515.jpg,suspicious/suspicious_02704.jpg,old_susp_vid9,515
suspicious/old_susp_vid9_0516.jpg,suspicious/suspicious_02705.jpg,old_susp_vid9,516
suspicious/old_susp_vid9_0517.jpg,suspicious/suspicious_02706.jpg,old_susp_vid9,517
suspicious/old_susp_vid9_0518.jpg,suspicious/suspicious_02707.jpg,old_susp_vid9,518
suspicious/old_susp_vid9_0519.jpg,suspicious/suspicious_02708.jpg,old_susp_vid9,519
suspicious/old_susp_vid9_0520.jpg,suspicious/suspicious_02709.jpg,old_susp_vid9,520
suspicious/old_susp_vid9_0521.jpg,suspicious/suspicious_02710.jpg,old_susp_vid9,521
suspicious/old_susp_vid9_0522.jpg,suspicious/suspicious_02711.jpg,old_susp_vid9,522
suspicious/old_susp_vid9_0523.jpg,suspicious/suspicious_02712.jpg,old_susp_vid9,523
suspicious/old_susp_vid9_0524.jpg,suspicious/suspicious_02713.jpg,old_susp_vid9,524
suspicious/old_susp_vid9_0525.jpg,suspicious/suspicious_02714.jpg,old_susp_vid9,525
suspicious/old_susp_vid9_0526.jpg,suspicious/suspicious_02715.jpg,old_susp_vid9,526
suspicious/old_susp_vid9_0527.jpg,suspicious/suspicious_02716.jpg,old_susp_vid9,527
suspicious/old_susp_vid9_0528.jpg,suspicious/suspicious_02717.jpg,old_susp_vid9,528
suspicious/old_susp_vid9_0529.jpg,suspicious/suspicious_02718.jpg,old_susp_vid9,529
suspicious/old_susp_vid9_0530.jpg,suspicious/suspicious_02719.jpg,old_susp_vid9,530
suspicious/old_susp_vid9_0531.jpg,suspicious/suspicious_02720.jpg,old_susp_vid9,531
suspicious/old_susp_vid9_0532.jpg,suspicious/suspicious_02721.jpg,old_susp_vid9,532
suspicious/old_susp_vid9_0533.jpg,suspicious/suspicious_02722.jpg,old_susp_vid9,533
suspicious/old_susp_vid9_0534.jpg,suspicious/suspicious_02723.jpg,old_susp_vid9,534
suspicious/old_susp_vid9_0535.jpg,suspicious/suspicious_02724.jpg,old_susp_vid9,535
suspicious/old_susp_vid9_0536.jpg,suspicious/suspicious_02725.jpg,old_susp_vid9,536
suspicious/old_susp_vid9_0537.jpg,suspicious/suspicious_02726.jpg,old_susp_vid9,537
suspicious/old_susp_vid9_0538.jpg,suspicious/suspicious_02727.jpg,old_susp_vid9,538
suspicious/old_susp_vid9_0539.jpg,suspicious/suspicious_02728.jpg,old_susp_vid9,539
suspicious/old_susp_vid9_0540.jpg,suspicious/suspicious_02729.jpg,old_susp_vid9,540
suspicious/old_susp_vid9_0541.jpg,suspicious/suspicious_02730.jpg,old_susp_vid9,541
suspicious/old_susp_vid9_0542.jpg,suspicious/suspicious_02731.jpg,old_susp_vid9,542
suspicious/old_susp_vid9_0543.jpg,suspicious/suspicious_02732.jpg,old_susp_vid9,543
suspicious/old_susp_vid9_0544.jpg,suspicious/suspicious_02733.jpg,old_susp_vid9,544
suspicious/old_susp_vid9_0545.jpg,suspicious/suspicious_02734.jpg,old_susp_vid9,545
suspicious/old_susp_vid9_0546.jpg,suspicious/suspicious_02735.jpg,old_susp_vid9,546
suspicious/old_susp_vid9_0547.jpg,suspicious/suspicious_02736.jpg,old_susp_vid9,547
suspicious/old_susp_vid9_0548.jpg,suspicious/suspicious_02737.jpg,old_susp_vid9,548
suspicious/old_susp_vid9_0549.jpg,suspicious/suspicious_02738.jpg,old_susp_vid9,549
suspicious/old_susp_vid9_0550.jpg,suspicious/suspicious_02739.jpg,old_susp_vid9,550
suspicious/old_susp_vid9_0551.jpg,suspicious/suspicious_02740.jpg,old_susp_vid9,551
suspicious/old_susp_vid9_0552.jpg,suspicious/suspicious_02741.jpg,old_susp_vid9,552
suspicious/old_susp_vid9_0553.jpg,suspicious/suspicious_02742.jpg,old_susp_vid9,553
suspicious/old_susp_vid9_0554.jpg,suspicious/suspicious_02743.jpg,old_susp_vid9,554
suspicious/old_susp_vid9_0555.jpg,suspicious/suspicious_02744.jpg,old_susp_vid9,555
suspicious/old_susp_vid9_0556.jpg,suspicious/suspicious_02745.jpg,old_susp_vid9,556
suspicious/old_susp_vid9_0557.jpg,suspicious/suspicious_02746.jpg,old_susp_vid9,557
suspicious/old_susp_vid9_0558.jpg,suspicious/suspicious_02747.jpg,old_susp_vid9,558
suspicious/old_susp_vid9_0559.jpg,suspicious/suspicious_02748.jpg,old_susp_vid9,559
suspicious/old_susp_vid9_0560.jpg,suspicious/suspicious_02749.jpg,old_susp_vid9,560
suspicious/old_susp_vid9_0561.jpg,suspicious/suspicious_02750.jpg,old_susp_vid9,561
suspicious/old_susp_vid9_0562.jpg,suspicious/suspicious_02751.jpg,old_susp_vid9,562
suspicious/old_susp_vid9_0563.jpg,suspicious/suspicious_02752.jpg,old_susp_vid9,563
suspicious/old_susp_vid9_0564.jpg,suspicious/suspicious_02753.jpg,old_susp_vid9,564
suspicious/old_susp_vid9_0565.jpg,suspicious/suspicious_02754.jpg,old_susp_vid9,565
suspicious/old_susp_vid9_0566.jpg,suspicious/suspicious_02755.jpg,old_susp_vid9,566
suspicious/old_susp_vid9_0567.jpg,suspicious/suspicious_02756.jpg,old_susp_vid9,567
suspicious/old_susp_vid9_0568.jpg,suspicious/suspicious_02757.jpg,old_susp_vid9,568
suspicious/old_susp_vid9_0569.jpg,suspicious/suspicious_02758.jpg,old_susp_vid9,569
suspicious/old_susp_vid9_0570.jpg,suspicious/suspicious_02759.jpg,old_susp_vid9,570
suspicious/old_susp_vid9_0571.jpg,suspicious/suspicious_02760.jpg,old_susp_vid9,571
suspicious/old_susp_vid9_0572.jpg,suspicious/suspicious_02761.jpg,old_susp_vid9,572
suspicious/old_susp_vid9_0573.jpg,suspicious/suspicious_02762.jpg,old_susp_vid9,573
suspicious/old_susp_vid9_0574.jpg,suspicious/suspicious_02763.jpg,old_susp_vid9,574
suspicious/old_susp_vid9_0575.jpg,suspicious/suspicious_02764.jpg,old_susp_vid9,575
suspicious/old_susp_vid9_0576.jpg,suspicious/suspicious_02765.jpg,old_susp_vid9,576
suspicious/old_susp_vid9_0577.jpg,suspicious/suspicious_02766.jpg,old_susp_vid9,577
suspicious/old_susp_vid9_0578.jpg,suspicious/suspicious_02767.jpg,old_susp_vid9,578
suspicious/old_susp_vid9_0579.jpg,suspicious/suspicious_02768.jpg,old_susp_vid9,579
suspicious/old_susp_vid9_0580.jpg,suspicious/suspicious_02769.jpg,old_susp_vid9,580
suspicious/old_susp_vid9_0581.jpg,suspicious/suspicious_02770.jpg,old_susp_vid9,581
suspicious/old_susp_vid9_0582.jpg,suspicious/suspicious_02771.jpg,old_susp_vid9,582
suspicious/old_susp_vid9_0583.jpg,suspicious/suspicious_02772.jpg,old_susp_vid9,583
suspicious/old_susp_vid9_0584.jpg,suspicious/suspicious_02773.jpg,old_susp_vid9,584
suspicious/old_susp_vid9_0585.jpg,suspicious/suspicious_02774.jpg,old_susp_vid9,585
suspicious/old_susp_vid9_0586.jpg,suspicious/suspicious_02775.jpg,old_susp_vid9,586
suspicious/old_susp_vid9_0587.jpg,suspicious/suspicious_02776.jpg,old_susp_vid9,587
suspicious/old_susp_vid9_0588.jpg,suspicious/suspicious_02777.jpg,old_susp_vid9,588
suspicious/old_susp_vid9_0589.jpg,suspicious/suspicious_02778.jpg,old_susp_vid9,589
suspicious/old_susp_vid9_0590.jpg,suspicious/suspicious_02779.jpg,old_susp_vid9,590
suspicious/old_susp_vid9_0591.jpg,suspicious/suspicious_02780.jpg,old_susp_vid9,591
suspicious/old_susp_vid9_0592.jpg,suspicious/suspicious_02781.jpg,old_susp_vid9,592
suspicious/old_susp_vid9_0593.jpg,suspicious/suspicious_02782.jpg,old_susp_vid9,593
suspicious/old_susp_vid9_0594.jpg,suspicious/suspicious_02783.jpg,old_susp_vid9,594
suspicious/old_susp_vid9_0595.jpg,suspicious/suspicious_02784.jpg,old_susp_vid9,595
suspicious/old_susp_vid9_0596.jpg,suspicious/suspicious_02785.jpg,old_susp_vid9,596
suspicious/old_susp_vid9_0597.jpg,suspicious/suspicious_02786.jpg,old_susp_vid9,597
suspicious/old_susp_vid9_0598.jpg,suspicious/suspicious_02787.jpg,old_susp_vid9,598
suspicious/old_susp_vid9_0599.jpg,suspicious/suspicious_02788.jpg,old_susp_vid9,599
suspicious/old_susp_vid9_0600.jpg,suspicious/suspicious_02789.jpg,old_susp_vid9,600
suspicious/old_susp_vid9_0601.jpg,suspicious/suspicious_02790.jpg,old_susp_vid9,601
suspicious/old_susp_vid9_0602.jpg,suspicious/suspicious_02791.jpg,old_susp_vid9,602
suspicious/old_susp_vid9_0603.jpg,suspicious/suspicious_02792.jpg,old_susp_vid9,603
suspicious/old_susp_vid9_0604.jpg,suspicious/suspicious_02793.jpg,old_susp_vid9,604
suspicious/old_susp_vid9_0605.jpg,suspicious/suspicious_02794.jpg,old_susp_vid9,605
suspicious/old_susp_vid9_0606.jpg,suspicious/suspicious_02795.jpg,old_susp_vid9,606
suspicious/old_susp_vid9_0607.jpg,suspicious/suspicious_02796.jpg,old_susp_vid9,607
suspicious/old_susp_vid9_0608.jpg,suspicious/suspicious_02797.jpg,old_susp_vid9,608
suspicious/old_susp_vid9_0609.jpg,suspicious/suspicious_02798.jpg,old_susp_vid9,609
suspicious/old_susp_vid9_0610.jpg,suspicious/suspicious_02799.jpg,old_susp_vid9,610
suspicious/old_susp_vid9_0611.jpg,suspicious/suspicious_02800.jpg,old_susp_vid9,611
suspicious/old_susp_vid9_0612.jpg,suspicious/suspicious_02801.jpg,old_susp_vid9,612
suspicious/old_susp_vid9_0613.jpg,suspicious/suspicious_02802.jpg,old_susp_vid9,613
suspicious/old_susp_vid9_0614.jpg,suspicious/suspicious_02803.jpg,old_susp_vid9,614
suspicious/old_susp_vid9_0615.jpg,suspicious/suspicious_02804.jpg,old_susp_vid9,615
suspicious/old_susp_vid9_0616.jpg,suspicious/suspicious_02805.jpg,old_susp_vid9,616
suspicious/old_susp_vid9_0617.jpg,suspicious/suspicious_02806.jpg,old_susp_vid9,617
suspicious/old_susp_vid9_0618.jpg,suspicious/suspicious_02807.jpg,old_susp_vid9,618
suspicious/old_susp_vid9_0619.jpg,suspicious/suspicious_02808.jpg,old_susp_vid9,619
suspicious/old_susp_vid9_0620.jpg,suspicious/suspicious_02809.jpg,old_susp_vid9,620
suspicious/old_susp_vid9_0621.jpg,suspicious/suspicious_02810.jpg,old_susp_vid9,621
suspicious/old_susp_vid9_0622.jpg,suspicious/suspicious_02811.jpg,old_susp_vid9,622
suspicious/old_susp_vid9_0623.jpg,suspicious/suspicious_02812.jpg,old_susp_vid9,623
suspicious/old_susp_vid9_0624.jpg,suspicious/suspicious_02813.jpg,old_susp_vid9,624
suspicious/old_susp_vid9_0625.jpg,suspicious/suspicious_02814.jpg,old_susp_vid9,625
suspicious/old_susp_vid9_0626.jpg,suspicious/suspicious_02815.jpg,old_susp_vid9,626
suspicious/old_susp_vid9_0627.jpg,suspicious/suspicious_02816.jpg,old_susp_vid9,627
suspicious/old_susp_vid9_0628.jpg,suspicious/suspicious_02817.jpg,old_susp_vid9,628
suspicious/old_susp_vid9_0629.jpg,suspicious/suspicious_02818.jpg,old_susp_vid9,629
suspicious/old_susp_vid9_0630.jpg,suspicious/suspicious_02819.jpg,old_susp_vid9,630
suspicious/old_susp_vid9_0631.jpg,suspicious/suspicious_02820.jpg,old_susp_vid9,631
suspicious/old_susp_vid9_0632.jpg,suspicious/suspicious_02821.jpg,old_susp_vid9,632
suspicious/old_susp_vid9_0633.jpg,suspicious/suspicious_02822.jpg,old_susp_vid9,633
suspicious/old_susp_vid9_0634.jpg,suspicious/suspicious_02823.jpg,old_susp_vid9,634
suspicious/old_susp_vid9_0635.jpg,suspicious/suspicious_02824.jpg,old_susp_vid9,635
suspicious/old_susp_vid9_0636.jpg,suspicious/suspicious_02825.jpg,old_susp_vid9,636
suspicious/old_susp_vid9_0637.jpg,suspicious/suspicious_02826.jpg,old_susp_vid9,637
suspicious/old_susp_vid9_0638.jpg,suspicious/suspicious_02827.jpg,old_susp_vid9,638
suspicious/old_susp_vid9_0639.jpg,suspicious/suspicious_02828.jpg,old_susp_vid9,639
suspicious/old_susp_vid9_0640.jpg,suspicious/suspicious_02829.jpg,old_susp_vid9,640
suspicious/old_susp_vid9_0641.jpg,suspicious/suspicious_02830.jpg,old_susp_vid9,641
suspicious/old_susp_vid9_0642.jpg,suspicious/suspicious_02831.jpg,old_susp_vid9,642
suspicious/old_susp_vid9_0643.jpg,suspicious/suspicious_02832.jpg,old_susp_vid9,643
suspicious/old_susp_vid9_0644.jpg,suspicious/suspicious_02833.jpg,old_susp_vid9,644
suspicious/old_susp_vid9_0645.jpg,suspicious/suspicious_02834.jpg,old_susp_vid9,645
suspicious/old_susp_vid9_0646.jpg,suspicious/suspicious_02835.jpg,old_susp_vid9,646
suspicious/old_susp_vid9_0647.jpg,suspicious/suspicious_02836.jpg,old_susp_vid9,647
suspicious/old_susp_vid9_0648.jpg,suspicious/suspicious_02837.jpg,old_susp_vid9,648
suspicious/old_susp_vid9_0649.jpg,suspicious/suspicious_02838.jpg,old_susp_vid9,649
suspicious/old_susp_vid9_0650.jpg,suspicious/suspicious_02839.jpg,old_susp_vid9,650
suspicious/old_susp_vid9_0651.jpg,suspicious/suspicious_02840.jpg,old_susp_vid9,651
suspicious/old_susp_vid9_0652.jpg,suspicious/suspicious_02841.jpg,old_susp_vid9,652
suspicious/old_susp_vid9_0653.jpg,suspicious/suspicious_02842.jpg,old_susp_vid9,653
suspicious/old_susp_vid9_0654.jpg,suspicious/suspicious_02843.jpg,old_susp_vid9,654
suspicious/old_susp_vid9_0655.jpg,suspicious/suspicious_02844.jpg,old_susp_vid9,655
suspicious/old_susp_vid9_0656.jpg,suspicious/suspicious_02845.jpg,old_susp_vid9,656
suspicious/old_susp_vid9_0657.jpg,suspicious/suspicious_02846.jpg,old_susp_vid9,657
suspicious/old_susp_vid9_0658.jpg,suspicious/suspicious_02847.jpg,old_susp_vid9,658
suspicious/old_susp_vid9_0659.jpg,suspicious/suspicious_02848.jpg,old_susp_vid9,659
suspicious/old_susp_vid9_0660.jpg,suspicious/suspicious_02849.jpg,old_susp_vid9,660
suspicious/old_susp_vid9_0661.jpg,suspicious/suspicious_02850.jpg,old_susp_vid9,661
suspicious/old_susp_vid9_0662.jpg,suspicious/suspicious_02851.jpg,old_susp_vid9,662
suspicious/old_susp_vid9_0663.jpg,suspicious/suspicious_02852.jpg,old_susp_vid9,663
suspicious/old_susp_vid9_0664.jpg,suspicious/suspicious_02853.jpg,old_susp_vid9,664
suspicious/old_susp_vid9_0665.jpg,suspicious/suspicious_02854.jpg,old_susp_vid9,665
suspicious/old_susp_vid9_0666.jpg,suspicious/suspicious_02855.jpg,old_susp_vid9,666
suspicious/old_susp_vid9_0667.jpg,suspicious/suspicious_02856.jpg,old_susp_vid9,667
suspicious/old_susp_vid9_0668.jpg,suspicious/suspicious_02857.jpg,old_susp_vid9,668
suspicious/old_susp_vid9_0669.jpg,suspicious/suspicious_02858.jpg,old_susp_vid9,669
suspicious/old_susp_vid9_0670.jpg,suspicious/suspicious_02859.jpg,old_susp_vid9,670
suspicious/old_susp_vid9_0671.jpg,suspicious/suspicious_02860.jpg,old_susp_vid9,671
suspicious/old_susp_vid9_0672.jpg,suspicious/suspicious_02861.jpg,old_susp_vid9,672
suspicious/old_susp_vid9_0673.jpg,suspicious/suspicious_02862.jpg,old_susp_vid9,673
suspicious/old_susp_vid9_0674.jpg,suspicious/suspicious_02863.jpg,old_susp_vid9,674
suspicious/old_susp_vid9_0675.jpg,suspicious/suspicious_02864.jpg,old_susp_vid9,675
suspicious/old_susp_vid9_0676.jpg,suspicious/suspicious_02865.jpg,old_susp_vid9,676
suspicious/old_susp_vid9_0677.jpg,suspicious/suspicious_02866.jpg,old_susp_vid9,677
suspicious/old_susp_vid9_0678.jpg,suspicious/suspicious_02867.jpg,old_susp_vid9,678
suspicious/old_susp_vid9_0679.jpg,suspicious/suspicious_02868.jpg,old_susp_vid9,679
suspicious/old_susp_vid9_0680.jpg,suspicious/suspicious_02869.jpg,old_susp_vid9,680
suspicious/old_susp_vid9_0681.jpg,suspicious/suspicious_02870.jpg,old_susp_vid9,681
suspicious/old_susp_vid9_0682.jpg,suspicious/suspicious_02871.jpg,old_susp_vid9,682
suspicious/old_susp_vid9_0683.jpg,suspicious/suspicious_02872.jpg,old_susp_vid9,683
suspicious/old_susp_vid9_0684.jpg,suspicious/suspicious_02873.jpg,old_susp_vid9,684
suspicious/old_susp_vid9_0685.jpg,suspicious/suspicious_02874.jpg,old_susp_vid9,685
suspicious/old_susp_vid9_0686.jpg,suspicious/suspicious_02875.jpg,old_susp_vid9,686
suspicious/old_susp_vid9_0687.jpg,suspicious/suspicious_02876.jpg,old_susp_vid9,687
suspicious/old_susp_vid9_0688.jpg,suspicious/suspicious_02877.jpg,old_susp_vid9,688
suspicious/old_susp_vid9_0689.jpg,suspicious/suspicious_02878.jpg,old_susp_vid9,689
suspicious/old_susp_vid9_0690.jpg,suspicious/suspicious_02879.jpg,old_susp_vid9,690
suspicious/old_susp_vid9_0691.jpg,suspicious/suspicious_02880.jpg,old_susp_vid9,691
suspicious/old_susp_vid9_0692.jpg,suspicious/suspicious_02881.jpg,old_susp_vid9,692
suspicious/old_susp_vid9_0693.jpg,suspicious/suspicious_02882.jpg,old_susp_vid9,693
suspicious/old_susp_vid9_0694.jpg,suspicious/suspicious_02883.jpg,old_susp_vid9,694
suspicious/old_susp_vid9_0695.jpg,suspicious/suspicious_02884.jpg,old_susp_vid9,695
suspicious/old_susp_vid9_0696.jpg,suspicious/suspicious_02885.jpg,old_susp_vid9,696
suspicious/old_susp_vid9_0697.jpg,suspicious/suspicious_02886.jpg,old_susp_vid9,697
suspicious/old_susp_vid9_0698.jpg,suspicious/suspicious_02887.jpg,old_susp_vid9,698
suspicious/old_susp_vid9_0699.jpg,suspicious/suspicious_02888.jpg,old_susp_vid9,699
suspicious/old_susp_vid9_0700.jpg,suspicious/suspicious_02889.jpg,old_susp_vid9,700
suspicious/old_susp_vid9_0701.jpg,suspicious/suspicious_02890.jpg,old_susp_vid9,701
suspicious/old_susp_vid9_0702.jpg,suspicious/suspicious_02891.jpg,old_susp_vid9,702
suspicious/old_susp_vid9_0703.jpg,suspicious/suspicious_02892.jpg,old_susp_vid9,703
suspicious/old_susp_vid9_0704.jpg,suspicious/suspicious_02893.jpg,old_susp_vid9,704
suspicious/old_susp_vid9_0705.jpg,suspicious/suspicious_02894.jpg,old_susp_vid9,705
suspicious/old_susp_vid9_0706.jpg,suspicious/suspicious_02895.jpg,old_susp_vid9,706
suspicious/old_susp_vid9_0707.jpg,suspicious/suspicious_02896.jpg,old_susp_vid9,707
suspicious/old_susp_vid9_0708.jpg,suspicious/suspicious_02897.jpg,old_susp_vid9,708
suspicious/old_susp_vid9_0709.jpg,suspicious/suspicious_02898.jpg,old_susp_vid9,709
suspicious/old_susp_vid9_0710.jpg,suspicious/suspicious_02899.jpg,old_susp_vid9,710
suspicious/old_susp_vid9_0711.jpg,suspicious/suspicious_02900.jpg,old_susp_vid9,711
suspicious/old_susp_vid9_0712.jpg,suspicious/suspicious_02901.jpg,old_susp_vid9,712
suspicious/old_susp_vid9_0713.jpg,suspicious/suspicious_02902.jpg,old_susp_vid9,713
suspicious/old_susp_vid9_0714.jpg,suspicious/suspicious_02903.jpg,old_susp_vid9,714
suspicious/old_susp_vid9_0715.jpg,suspicious/suspicious_02904.jpg,old_susp_vid9,715
suspicious/old_susp_vid9_0716.jpg,suspicious/suspicious_02905.jpg,old_susp_vid9,716
suspicious/old_susp_vid9_0717.jpg,suspicious/suspicious_02906.jpg,old_susp_vid9,717
suspicious/old_susp_vid9_0718.jpg,suspicious/suspicious_02907.jpg,old_susp_vid9,718
suspicious/old_susp_vid9_0719.jpg,suspicious/suspicious_02908.jpg,old_susp_vid9,719
suspicious/old_susp_vid9_0720.jpg,suspicious/suspicious_02909.jpg,old_susp_vid9,720
suspicious/old_susp_vid9_0721.jpg,suspicious/suspicious_02910.jpg,old_susp_vid9,721
suspicious/old_susp_vid9_0722.jpg,suspicious/suspicious_02911.jpg,old_susp_vid9,722
suspicious/old_susp_vid9_0723.jpg,suspicious/suspicious_02912.jpg,old_susp_vid9,723
suspicious/old_susp_vid9_0724.jpg,suspicious/suspicious_02913.jpg,old_susp_vid9,724
suspicious/old_susp_vid9_0725.jpg,suspicious/suspicious_02914.jpg,old_susp_vid9,725
suspicious/old_susp_vid9_0726.jpg,suspicious/suspicious_02915.jpg,old_susp_vid9,726
suspicious/old_susp_vid9_0727.jpg,suspicious/suspicious_02916.jpg,old_susp_vid9,727
suspicious/old_susp_vid9_0728.jpg,suspicious/suspicious_02917.jpg,old_susp_vid9,728
suspicious/old_susp_vid9_0729.jpg,suspicious/suspicious_02918.jpg,old_susp_vid9,729
suspicious/old_susp_vid9_0730.jpg,suspicious/suspicious_02919.jpg,old_susp_vid9,730
suspicious/old_susp_vid9_0731.jpg,suspicious/suspicious_02920.jpg,old_susp_vid9,731
suspicious/old_susp_vid9_0732.jpg,suspicious/suspicious_02921.jpg,old_susp_vid9,732
suspicious/old_susp_vid9_0733.jpg,suspicious/suspicious_02922.jpg,old_susp_vid9,733
suspicious/old_susp_vid9_0734.jpg,suspicious/suspicious_02923.jpg,old_susp_vid9,734
suspicious/old_susp_vid9_0735.jpg,suspicious/suspicious_02924.jpg,old_susp_vid9,735
suspicious/old_susp_vid9_0736.jpg,suspicious/suspicious_02925.jpg,old_susp_vid9,736
suspicious/old_susp_vid9_0737.jpg,suspicious/suspicious_02926.jpg,old_susp_vid9,737
suspicious/old_susp_vid9_0738.jpg,suspicious/suspicious_02927.jpg,old_susp_vid9,738
suspicious/old_susp_vid9_0739.jpg,suspicious/suspicious_02928.jpg,old_susp_vid9,739
suspicious/old_susp_vid9_0740.jpg,suspicious/suspicious_02929.jpg,old_susp_vid9,740
suspicious/old_susp_vid9_0741.jpg,suspicious/suspicious_02930.jpg,old_susp_vid9,741
suspicious/old_susp_vid9_0742.jpg,suspicious/suspicious_02931.jpg,old_susp_vid9,742
suspicious/old_susp_vid9_0743.jpg,suspicious/suspicious_02932.jpg,old_susp_vid9,743
suspicious/old_susp_vid9_0744.jpg,suspicious/suspicious_02933.jpg,old_susp_vid9,744
suspicious/old_susp_vid9_0745.jpg,suspicious/suspicious_02934.jpg,old_susp_vid9,745
suspicious/old_susp_vid9_0746.jpg,suspicious/suspicious_02935.jpg,old_susp_vid9,746
suspicious/old_susp_vid9_0747.jpg,suspicious/suspicious_02936.jpg,old_susp_vid9,747
suspicious/old_susp_vid9_0748.jpg,suspicious/suspicious_02937.jpg,old_susp_vid9,748
suspicious/old_susp_vid9_0749.jpg,suspicious/suspicious_02938.jpg,old_susp_vid9,749
suspicious/old_susp_vid9_0750.jpg,suspicious/suspicious_02939.jpg,old_susp_vid9,750
suspicious/old_susp_vid9_0751.jpg,suspicious/suspicious_02940.jpg,old_susp_vid9,751
suspicious/old_susp_vid9_0752.jpg,suspicious/suspicious_02941.jpg,old_susp_vid9,752
suspicious/old_susp_vid9_0753.jpg,suspicious/suspicious_02942.jpg,old_susp_vid9,753
suspicious/old_susp_vid9_0754.jpg,suspicious/suspicious_02943.jpg,old_susp_vid9,754
suspicious/old_susp_vid9_0755.jpg,suspicious/suspicious_02944.jpg,old_susp_vid9,755
suspicious/old_susp_vid9_0756.jpg,suspicious/suspicious_02945.jpg,old_susp_vid9,756
suspicious/old_susp_vid9_0757.jpg,suspicious/suspicious_02946.jpg,old_susp_vid9,757
suspicious/old_susp_vid9_0758.jpg,suspicious/suspicious_02947.jpg,old_susp_vid9,758
suspicious/old_susp_vid9_0759.jpg,suspicious/suspicious_02948.jpg,old_susp_vid9,759
suspicious/old_susp_vid9_0760.jpg,suspicious/suspicious_02949.jpg,old_susp_vid9,760
suspicious/old_susp_vid9_0761.jpg,suspicious/suspicious_02950.jpg,old_susp_vid9,761
suspicious/old_susp_vid9_0762.jpg,suspicious/suspicious_02951.jpg,old_susp_vid9,762
suspicious/old_susp_vid9_0763.jpg,suspicious/suspicious_02952.jpg,old_susp_vid9,763
suspicious/old_susp_vid9_0764.jpg,suspicious/suspicious_02953.jpg,old_susp_vid9,764
suspicious/old_susp_vid9_0765.jpg,suspicious/suspicious_02954.jpg,old_susp_vid9,765
suspicious/old_susp_vid9_0766.jpg,suspicious/suspicious_02955.jpg,old_susp_vid9,766
suspicious/old_susp_vid9_0767.jpg,suspicious/suspicious_02956.jpg,old_susp_vid9,767
suspicious/old_susp_vid9_0768.jpg,suspicious/suspicious_02957.jpg,old_susp_vid9,768
suspicious/old_susp_vid9_0769.jpg,suspicious/suspicious_02958.jpg,old_susp_vid9,769
suspicious/old_susp_vid9_0770.jpg,suspicious/suspicious_02959.jpg,old_susp_vid9,770
suspicious/old_susp_vid9_0771.jpg,suspicious/suspicious_02960.jpg,old_susp_vid9,771
suspicious/old_susp_vid9_0772.jpg,suspicious/suspicious_02961.jpg,old_susp_vid9,772
suspicious/old_susp_vid9_0773.jpg,suspicious/suspicious_02962.jpg,old_susp_vid9,773
suspicious/old_susp_vid9_0774.jpg,suspicious/suspicious_02963.jpg,old_susp_vid9,774
suspicious/old_susp_vid9_0775.jpg,suspicious/suspicious_02964.jpg,old_susp_vid9,775
suspicious/old_susp_vid9_0776.jpg,suspicious/suspicious_02965.jpg,old_susp_vid9,776
suspicious/old_susp_vid9_0777.jpg,suspicious/suspicious_02966.jpg,old_susp_vid9,777
suspicious/old_susp_vid9_0778.jpg,suspicious/suspicious_02967.jpg,old_susp_vid9,778
suspicious/old_susp_vid9_0779.jpg,suspicious/suspicious_02968.jpg,old_susp_vid9,779
suspicious/old_susp_vid9_0780.jpg,suspicious/suspicious_02969.jpg,old_susp_vid9,780
suspicious/old_susp_vid9_0781.jpg,suspicious/suspicious_02970.jpg,old_susp_vid9,781
suspicious/old_susp_vid9_0782.jpg,suspicious/suspicious_02971.jpg,old_susp_vid9,782
suspicious/old_susp_vid9_0783.jpg,suspicious/suspicious_02972.jpg,old_susp_vid9,783
suspicious/old_susp_vid9_0784.jpg,suspicious/suspicious_02973.jpg,old_susp_vid9,784
suspicious/old_susp_vid9_0785.jpg,suspicious/suspicious_02974.jpg,old_susp_vid9,785
suspicious/old_susp_vid9_0786.jpg,suspicious/suspicious_02975.jpg,old_susp_vid9,786
suspicious/old_susp_vid9_0787.jpg,suspicious/suspicious_02976.jpg,old_susp_vid9,787
suspicious/old_susp_vid9_0788.jpg,suspicious/suspicious_02977.jpg,old_susp_vid9,788
suspicious/old_susp_vid9_0789.jpg,suspicious/suspicious_02978.jpg,old_susp_vid9,789
suspicious/old_susp_vid9_0790.jpg,suspicious/suspicious_02979.jpg,old_susp_vid9,790
suspicious/old_susp_vid9_0791.jpg,suspicious/suspicious_02980.jpg,old_susp_vid9,791
suspicious/old_susp_vid9_0792.jpg,suspicious/suspicious_02981.jpg,old_susp_vid9,792
suspicious/old_susp_vid9_0793.jpg,suspicious/suspicious_02982.jpg,old_susp_vid9,793
suspicious/old_susp_vid9_0794.jpg,suspicious/suspicious_02983.jpg,old_susp_vid9,794
suspicious/old_susp_vid9_0795.jpg,suspicious/suspicious_02984.jpg,old_susp_vid9,795
suspicious/old_susp_vid9_0796.jpg,suspicious/suspicious_02985.jpg,old_susp_vid9,796
suspicious/old_susp_vid9_0797.jpg,suspicious/suspicious_02986.jpg,old_susp_vid9,797
suspicious/old_susp_vid9_0798.jpg,suspicious/suspicious_02987.jpg,old_susp_vid9,798
suspicious/old_susp_vid9_0799.jpg,suspicious/suspicious_02988.jpg,old_susp_vid9,799
suspicious/old_susp_vid9_0800.jpg,suspicious/suspicious_02989.jpg,old_susp_vid9,800
suspicious/old_susp_vid9_0801.jpg,suspicious/suspicious_02990.jpg,old_susp_vid9,801
suspicious/old_susp_vid9_0802.jpg,suspicious/suspicious_02991.jpg,old_susp_vid9,802
suspicious/old_susp_vid9_0803.jpg,suspicious/suspicious_02992.jpg,old_susp_vid9,803
suspicious/old_susp_vid9_0804.jpg,suspicious/suspicious_02993.jpg,old_susp_vid9,804
suspicious/old_susp_vid9_0805.jpg,suspicious/suspicious_02994.jpg,old_susp_vid9,805
suspicious/old_susp_vid9_0806.jpg,suspicious/suspicious_02995.jpg,old_susp_vid9,806
suspicious/old_susp_vid9_0807.jpg,suspicious/suspicious_02996.jpg,old_susp_vid9,807
suspicious/old_susp_vid9_0808.jpg,suspicious/suspicious_02997.jpg,old_susp_vid9,808
suspicious/old_susp_vid9_0809.jpg,suspicious/suspicious_02998.jpg,old_susp_vid9,809
suspicious/old_susp_vid9_0810.jpg,suspicious/suspicious_02999.jpg,old_susp_vid9,810
suspicious/old_susp_vid9_0811.jpg,suspicious/suspicious_03000.jpg,old_susp_vid9,811
suspicious/old_susp_vid9_0812.jpg,suspicious/suspicious_03001.jpg,old_susp_vid9,812
suspicious/old_susp_vid9_0813.jpg,suspicious/suspicious_03002.jpg,old_susp_vid9,813
suspicious/old_susp_vid9_0814.jpg,suspicious/suspicious_03003.jpg,old_susp_vid9,814
suspicious/old_susp_vid9_0815.jpg,suspicious/suspicious_03004.jpg,old_susp_vid9,815
suspicious/old_susp_vid9_0816.jpg,suspicious/suspicious_03005.jpg,old_susp_vid9,816
suspicious/old_susp_vid9_0817.jpg,suspicious/suspicious_03006.jpg,old_susp_vid9,817
suspicious/old_susp_vid9_0818.jpg,suspicious/suspicious_03007.jpg,old_susp_vid9,818
suspicious/old_susp_vid9_0819.jpg,suspicious/suspicious_03008.jpg,old_susp_vid9,819
suspicious/old_susp_vid9_0820.jpg,suspicious/suspicious_03009.jpg,old_susp_vid9,820
suspicious/old_susp_vid9_0821.jpg,suspicious/suspicious_03010.jpg,old_susp_vid9,821
suspicious/old_susp_vid9_0822.jpg,suspicious/suspicious_03011.jpg,old_susp_vid9,822
suspicious/old_susp_vid9_0823.jpg,suspicious/suspicious_03012.jpg,old_susp_vid9,823
suspicious/old_susp_vid9_0824.jpg,suspicious/suspicious_03013.jpg,old_susp_vid9,824
suspicious/old_susp_vid9_0825.jpg,suspicious/suspicious_03014.jpg,old_susp_vid9,825
suspicious/old_susp_vid9_0826.jpg,suspicious/suspicious_03015.jpg,old_susp_vid9,826
suspicious/old_susp_vid9_0827.jpg,suspicious/suspicious_03016.jpg,old_susp_vid9,827
suspicious/old_susp_vid9_0828.jpg,suspicious/suspicious_03017.jpg,old_susp_vid9,828
suspicious/old_susp_vid9_0829.jpg,suspicious/suspicious_03018.jpg,old_susp_vid9,829
suspicious/old_susp_vid9_0830.jpg,suspicious/suspicious_03019.jpg,old_susp_vid9,830
suspicious/old_susp_vid9_0831.jpg,suspicious/suspicious_03020.jpg,old_susp_vid9,831
suspicious/old_susp_vid9_0832.jpg,suspicious/suspicious_03021.jpg,old_susp_vid9,832
suspicious/old_susp_vid9_0833.jpg,suspicious/suspicious_03022.jpg,old_susp_vid9,833
suspicious/old_susp_vid9_0834.jpg,suspicious/suspicious_03023.jpg,old_susp_vid9,834
suspicious/old_susp_vid9_0835.jpg,suspicious/suspicious_03024.jpg,old_susp_vid9,835
suspicious/old_susp_vid9_0836.jpg,suspicious/suspicious_03025.jpg,old_susp_vid9,836
suspicious/old_susp_vid9_0837.jpg,suspicious/suspicious_03026.jpg,old_susp_vid9,837
suspicious/old_susp_vid9_0838.jpg,suspicious/suspicious_03027.jpg,old_susp_vid9,838
suspicious/old_susp_vid9_0839.jpg,suspicious/suspicious_03028.jpg,old_susp_vid9,839
suspicious/old_susp_vid9_0840.jpg,suspicious/suspicious_03029.jpg,old_susp_vid9,840
suspicious/old_susp_vid9_0841.jpg,suspicious/suspicious_03030.jpg,old_susp_vid9,841
suspicious/old_susp_vid9_0842.jpg,suspicious/suspicious_03031.jpg,old_susp_vid9,842
suspicious/old_susp_vid9_0843.jpg,suspicious/suspicious_03032.jpg,old_susp_vid9,843
suspicious/old_susp_vid9_0844.jpg,suspicious/suspicious_03033.jpg,old_susp_vid9,844
suspicious/old_susp_vid9_0845.jpg,suspicious/suspicious_03034.jpg,old_susp_vid9,845
suspicious/old_susp_vid9_0846.jpg,suspicious/suspicious_03035.jpg,old_susp_vid9,846
suspicious/old_susp_vid9_0847.jpg,suspicious/suspicious_03036.jpg,old_susp_vid9,847
suspicious/old_susp_vid9_0848.jpg,suspicious/suspicious_03037.jpg,old_susp_vid9,848
suspicious/old_susp_vid9_0849.jpg,suspicious/suspicious_03038.jpg,old_susp_vid9,849
suspicious/old_susp_vid9_0850.jpg,suspicious/suspicious_03039.jpg,old_susp_vid9,850
suspicious/old_susp_vid9_0851.jpg,suspicious/suspicious_03040.jpg,old_susp_vid9,851
suspicious/old_susp_vid9_0852.jpg,suspicious/suspicious_03041.jpg,old_susp_vid9,852
suspicious/old_susp_vid9_0853.jpg,suspicious/suspicious_03042.jpg,old_susp_vid9,853
suspicious/old_susp_vid9_0854.jpg,suspicious/suspicious_03043.jpg,old_susp_vid9,854
suspicious/old_susp_vid9_0855.jpg,suspicious/suspicious_03044.jpg,old_susp_vid9,855
suspicious/old_susp_vid9_0856.jpg,suspicious/suspicious_03045.jpg,old_susp_vid9,856
suspicious/old_susp_vid9_0857.jpg,suspicious/suspicious_03046.jpg,old_susp_vid9,857
suspicious/old_susp_vid9_0858.jpg,suspicious/suspicious_03047.jpg,old_susp_vid9,858
suspicious/old_susp_vid9_0859.jpg,suspicious/suspicious_03048.jpg,old_susp_vid9,859
suspicious/old_susp_vid9_0860.jpg,suspicious/suspicious_03049.jpg,old_susp_vid9,860
suspicious/old_susp_vid9_0861.jpg,suspicious/suspicious_03050.jpg,old_susp_vid9,861
suspicious/old_susp_vid9_0862.jpg,suspicious/suspicious_03051.jpg,old_susp_vid9,862
suspicious/old_susp_vid9_0863.jpg,suspicious/suspicious_03052.jpg,old_susp_vid9,863
suspicious/old_susp_vid9_0864.jpg,suspicious/suspicious_03053.jpg,old_susp_vid9,864
suspicious/old_susp_vid9_0865.jpg,suspicious/suspicious_03054.jpg,old_susp_vid9,865
suspicious/old_susp_vid9_0866.jpg,suspicious/suspicious_03055.jpg,old_susp_vid9,866
suspicious/old_susp_vid9_0867.jpg,suspicious/suspicious_03056.jpg,old_susp_vid9,867
suspicious/old_susp_vid9_0868.jpg,suspicious/suspicious_03057.jpg,old_susp_vid9,868
suspicious/old_susp_vid9_0869.jpg,suspicious/suspicious_03058.jpg,old_susp_vid9,869
suspicious/old_susp_vid9_0870.jpg,suspicious/suspicious_03059.jpg,old_susp_vid9,870
suspicious/old_susp_vid9_0871.jpg,suspicious/suspicious_03060.jpg,old_susp_vid9,871
suspicious/old_susp_vid9_0872.jpg,suspicious/suspicious_03061.jpg,old_susp_vid9,872
suspicious/old_susp_vid9_0873.jpg,suspicious/suspicious_03062.jpg,old_susp_vid9,873
suspicious/old_susp_vid9_0874.jpg,suspicious/suspicious_03063.jpg,old_susp_vid9,874
suspicious/old_susp_vid9_0875.jpg,suspicious/suspicious_03064.jpg,old_susp_vid9,875
suspicious/old_susp_vid9_0876.jpg,suspicious/suspicious_03065.jpg,old_susp_vid9,876
suspicious/old_susp_vid9_0877.jpg,suspicious/suspicious_03066.jpg,old_susp_vid9,877
suspicious/old_susp_vid9_0878.jpg,suspicious/suspicious_03067.jpg,old_susp_vid9,878
suspicious/old_susp_vid9_0879.jpg,suspicious/suspicious_03068.jpg,old_susp_vid9,879
suspicious/old_susp_vid9_0880.jpg,suspicious/suspicious_03069.jpg,old_susp_vid9,880
suspicious/old_susp_vid9_0881.jpg,suspicious/suspicious_03070.jpg,old_susp_vid9,881
suspicious/old_susp_vid9_0882.jpg,suspicious/suspicious_03071.jpg,old_susp_vid9,882
suspicious/old_susp_vid9_0883.jpg,suspicious/suspicious_03072.jpg,old_susp_vid9,883
suspicious/old_susp_vid9_0884.jpg,suspicious/suspicious_03073.jpg,old_susp_vid9,884
suspicious/old_susp_vid9_0885.jpg,suspicious/suspicious_03074.jpg,old_susp_vid9,885
suspicious/old_susp_vid9_0886.jpg,suspicious/suspicious_03075.jpg,old_susp_vid9,886
suspicious/old_susp_vid9_0887.jpg,suspicious/suspicious_03076.jpg,old_susp_vid9,887
suspicious/old_susp_vid9_0888.jpg,suspicious/suspicious_03077.jpg,old_susp_vid9,888
suspicious/old_susp_vid9_0889.jpg,suspicious/suspicious_03078.jpg,old_susp_vid9,889
suspicious/old_susp_vid9_0890.jpg,suspicious/suspicious_03079.jpg,old_susp_vid9,890
suspicious/old_susp_vid9_0891.jpg,suspicious/suspicious_03080.jpg,old_susp_vid9,891
suspicious/old_susp_vid9_0892.jpg,suspicious/suspicious_03081.jpg,old_susp_vid9,892
suspicious/old_susp_vid9_0893.jpg,suspicious/suspicious_03082.jpg,old_susp_vid9,893
suspicious/old_susp_vid9_0894.jpg,suspicious/suspicious_03083.jpg,old_susp_vid9,894
suspicious/old_susp_vid9_0895.jpg,suspicious/suspicious_03084.jpg,old_susp_vid9,895
suspicious/old_susp_vid9_0896.jpg,suspicious/suspicious_03085.jpg,old_susp_vid9,896
suspicious/old_susp_vid9_0897.jpg,suspicious/suspicious_03086.jpg,old_susp_vid9,897
suspicious/old_susp_vid9_0898.jpg,suspicious/suspicious_03087.jpg,old_susp_vid9,898
suspicious/old_susp_vid9_0899.jpg,suspicious/suspicious_03088.jpg,old_susp_vid9,899
suspicious/old_susp_vid9_0900.jpg,suspicious/suspicious_03089.jpg,old_susp_vid9,900
suspicious/old_susp_vid9_0901.jpg,suspicious/suspicious_03090.jpg,old_susp_vid9,901
suspicious/old_susp_vid9_0902.jpg,suspicious/suspicious_03091.jpg,old_susp_vid9,902
suspicious/old_susp_vid9_0903.jpg,suspicious/suspicious_03092.jpg,old_susp_vid9,903
suspicious/old_susp_vid9_0904.jpg,suspicious/suspicious_03093.jpg,old_susp_vid9,904
suspicious/old_susp_vid9_0905.jpg,suspicious/suspicious_03094.jpg,old_susp_vid9,905
suspicious/old_susp_vid9_0906.jpg,suspicious/suspicious_03095.jpg,old_susp_vid9,906
suspicious/old_susp_vid9_0907.jpg,suspicious/suspicious_03096.jpg,old_susp_vid9,907
suspicious/old_susp_vid9_0908.jpg,suspicious/suspicious_03097.jpg,old_susp_vid9,908
suspicious/old_susp_vid9_0909.jpg,suspicious/suspicious_03098.jpg,old_susp_vid9,909
suspicious/old_susp_vid9_0910.jpg,suspicious/suspicious_03099.jpg,old_susp_vid9,910
suspicious/old_susp_vid9_0911.jpg,suspicious/suspicious_03100.jpg,old_susp_vid9,911
suspicious/old_susp_vid9_0912.jpg,suspicious/suspicious_03101.jpg,old_susp_vid9,912
suspicious/old_susp_vid9_0913.jpg,suspicious/suspicious_03102.jpg,old_susp_vid9,913
suspicious/old_susp_vid9_0914.jpg,suspicious/suspicious_03103.jpg,old_susp_vid9,914
suspicious/old_susp_vid9_0915.jpg,suspicious/suspicious_03104.jpg,old_susp_vid9,915
suspicious/old_susp_vid9_0916.jpg,suspicious/suspicious_03105.jpg,old_susp_vid9,916
suspicious/old_susp_vid9_0917.jpg,suspicious/suspicious_03106.jpg,old_susp_vid9,917
suspicious/old_susp_vid9_0918.jpg,suspicious/suspicious_03107.jpg,old_susp_vid9,918
suspicious/old_susp_vid9_0919.jpg,suspicious/suspicious_03108.jpg,old_susp_vid9,919
suspicious/old_susp_vid9_0920.jpg,suspicious/suspicious_03109.jpg,old_susp_vid9,920
suspicious/old_susp_vid9_0921.jpg,suspicious/suspicious_03110.jpg,old_susp_vid9,921
suspicious/old_susp_vid9_0922.jpg,suspicious/suspicious_03111.jpg,old_susp_vid9,922
suspicious/old_susp_vid9_0923.jpg,suspicious/suspicious_03112.jpg,old_susp_vid9,923
suspicious/old_susp_vid9_0924.jpg,suspicious/suspicious_03113.jpg,old_susp_vid9,924
suspicious/old_susp_vid9_0925.jpg,suspicious/suspicious_03114.jpg,old_susp_vid9,925
suspicious/old_susp_vid9_0926.jpg,suspicious/suspicious_03115.jpg,old_susp_vid9,926
suspicious/old_susp_vid9_0927.jpg,suspicious/suspicious_03116.jpg,old_susp_vid9,927
suspicious/old_susp_vid9_0928.jpg,suspicious/suspicious_03117.jpg,old_susp_vid9,928
suspicious/old_susp_vid9_0929.jpg,suspicious/suspicious_03118.jpg,old_susp_vid9,929
suspicious/old_susp_vid9_0930.jpg,suspicious/suspicious_03119.jpg,old_susp_vid9,930
suspicious/old_susp_vid9_0931.jpg,suspicious/suspicious_03120.jpg,old_susp_vid9,931
suspicious/old_susp_vid9_0932.jpg,suspicious/suspicious_03121.jpg,old_susp_vid9,932
suspicious/old_susp_vid9_0933.jpg,suspicious/suspicious_03122.jpg,old_susp_vid9,933
suspicious/old_susp_vid9_0934.jpg,suspicious/suspicious_03123.jpg,old_susp_vid9,934
suspicious/old_susp_vid9_0935.jpg,suspicious/suspicious_03124.jpg,old_susp_vid9,935
suspicious/old_susp_vid9_0936.jpg,suspicious/suspicious_03125.jpg,old_susp_vid9,936
suspicious/old_susp_vid9_0937.jpg,suspicious/suspicious_03126.jpg,old_susp_vid9,937
suspicious/old_susp_vid9_0938.jpg,suspicious/suspicious_03127.jpg,old_susp_vid9,938
suspicious/old_susp_vid9_0939.jpg,suspicious/suspicious_03128.jpg,old_susp_vid9,939
suspicious/old_susp_vid9_0940.jpg,suspicious/suspicious_03129.jpg,old_susp_vid9,940
suspicious/old_susp_vid9_0941.jpg,suspicious/suspicious_03130.jpg,old_susp_vid9,941
suspicious/old_susp_vid9_0942.jpg,suspicious/suspicious_03131.jpg,old_susp_vid9,942
suspicious/old_susp_vid9_0943.jpg,suspicious/suspicious_03132.jpg,old_susp_vid9,943
suspicious/old_susp_vid9_0944.jpg,suspicious/suspicious_03133.jpg,old_susp_vid9,944
suspicious/old_susp_vid9_0945.jpg,suspicious/suspicious_03134.jpg,old_susp_vid9,945
suspicious/old_susp_vid9_0946.jpg,suspicious/suspicious_03135.jpg,old_susp_vid9,946
suspicious/old_susp_vid9_0947.jpg,suspicious/suspicious_03136.jpg,old_susp_vid9,947
suspicious/old_susp_vid9_0948.jpg,suspicious/suspicious_03137.jpg,old_susp_vid9,948
suspicious/old_susp_vid9_0949.jpg,suspicious/suspicious_03138.jpg,old_susp_vid9,949
suspicious/old_susp_vid9_0950.jpg,suspicious/suspicious_03139.jpg,old_susp_vid9,950
suspicious/old_susp_vid9_0951.jpg,suspicious/suspicious_03140.jpg,old_susp_vid9,951
suspicious/old_susp_vid9_0952.jpg,suspicious/suspicious_03141.jpg,old_susp_vid9,952
suspicious/old_susp_vid9_0953.jpg,suspicious/suspicious_03142.jpg,old_susp_vid9,953
suspicious/old_susp_vid9_0954.jpg,suspicious/suspicious_03143.jpg,old_susp_vid9,954
suspicious/old_susp_vid9_0955.jpg,suspicious/suspicious_03144.jpg,old_susp_vid9,955
suspicious/old_susp_vid9_0956.jpg,suspicious/suspicious_03145.jpg,old_susp_vid9,956
suspicious/old_susp_vid9_0957.jpg,suspicious/suspicious_03146.jpg,old_susp_vid9,957
suspicious/old_susp_vid9_0958.jpg,suspicious/suspicious_03147.jpg,old_susp_vid9,958
suspicious/old_susp_vid9_0959.jpg,suspicious/suspicious_03148.jpg,old_susp_vid9,959
suspicious/old_susp_vid9_0960.jpg,suspicious/suspicious_03149.jpg,old_susp_vid9,960
suspicious/old_susp_vid9_0961.jpg,suspicious/suspicious_03150.jpg,old_susp_vid9,961
suspicious/old_susp_vid9_0962.jpg,suspicious/suspicious_03151.jpg,old_susp_vid9,962
suspicious/old_susp_vid9_0963.jpg,suspicious/suspicious_03152.jpg,old_susp_vid9,963
suspicious/old_susp_vid9_0964.jpg,suspicious/suspicious_03153.jpg,old_susp_vid9,964
suspicious/old_susp_vid9_0965.jpg,suspicious/suspicious_03154.jpg,old_susp_vid9,965
suspicious/old_susp_vid9_0966.jpg,suspicious/suspicious_03155.jpg,old_susp_vid9,966
suspicious/old_susp_vid9_0967.jpg,suspicious/suspicious_03156.jpg,old_susp_vid9,967
suspicious/old_susp_vid9_0968.jpg,suspicious/suspicious_03157.jpg,old_susp_vid9,968
suspicious/old_susp_vid9_0969.jpg,suspicious/suspicious_03158.jpg,old_susp_vid9,969
suspicious/old_susp_vid9_0970.jpg,suspicious/suspicious_03159.jpg,old_susp_vid9,970
suspicious/old_susp_vid9_0971.jpg,suspicious/suspicious_03160.jpg,old_susp_vid9,971
suspicious/old_susp_vid9_0972.jpg,suspicious/suspicious_03161.jpg,old_susp_vid9,972
suspicious/old_susp_vid9_0973.jpg,suspicious/suspicious_03162.jpg,old_susp_vid9,973
suspicious/old_susp_vid9_0974.jpg,suspicious/suspicious_03163.jpg,old_susp_vid9,974
suspicious/old_susp_vid9_0975.jpg,suspicious/suspicious_03164.jpg,old_susp_vid9,975
suspicious/old_susp_vid9_0976.jpg,suspicious/suspicious_03165.jpg,old_susp_vid9,976
suspicious/old_susp_vid9_0977.jpg,suspicious/suspicious_03166.jpg,old_susp_vid9,977
suspicious/old_susp_vid9_0978.jpg,suspicious/suspicious_03167.jpg,old_susp_vid9,978
suspicious/old_susp_vid9_0979.jpg,suspicious/suspicious_03168.jpg,old_susp_vid9,979
suspicious/old_susp_vid9_0980.jpg,suspicious/suspicious_03169.jpg,old_susp_vid9,980
suspicious/old_susp_vid9_0981.jpg,suspicious/suspicious_03170.jpg,old_susp_vid9,981
suspicious/old_susp_vid9_0982.jpg,suspicious/suspicious_03171.jpg,old_susp_vid9,982
suspicious/old_susp_vid9_0983.jpg,suspicious/suspicious_03172.jpg,old_susp_vid9,983
suspicious/old_susp_vid9_0984.jpg,suspicious/suspicious_03173.jpg,old_susp_vid9,984
suspicious/old_susp_vid9_0985.jpg,suspicious/suspicious_03174.jpg,old_susp_vid9,985
suspicious/old_susp_vid9_0986.jpg,suspicious/suspicious_03175.jpg,old_susp_vid9,986
suspicious/old_susp_vid9_0987.jpg,suspicious/suspicious_03176.jpg,old_susp_vid9,987
suspicious/old_susp_vid9_0988.jpg,suspicious/suspicious_03177.jpg,old_susp_vid9,988
suspicious/old_susp_vid9_0989.jpg,suspicious/suspicious_03178.jpg,old_susp_vid9,989
suspicious/old_susp_vid9_0990.jpg,suspicious/suspicious_03179.jpg,old_susp_vid9,990
suspicious/old_susp_vid9_0991.jpg,suspicious/suspicious_03180.jpg,old_susp_vid9,991
suspicious/old_susp_vid9_0992.jpg,suspicious/suspicious_03181.jpg,old_susp_vid9,992
suspicious/old_susp_vid9_0993.jpg,suspicious/suspicious_03182.jpg,old_susp_vid9,993
suspicious/old_susp_vid9_0994.jpg,suspicious/suspicious_03183.jpg,old_susp_vid9,994
suspicious/old_susp_vid9_0995.jpg,suspicious/suspicious_03184.jpg,old_susp_vid9,995
suspicious/old_susp_vid9_0996.jpg,suspicious/suspicious_03185.jpg,old_susp_vid9,996
suspicious/old_susp_vid9_0997.jpg,suspicious/suspicious_03186.jpg,old_susp_vid9,997
suspicious/old_susp_vid9_0998.jpg,suspicious/suspicious_03187.jpg,old_susp_vid9,998
suspicious/old_susp_vid9_0999.jpg,suspicious/suspicious_03188.jpg,old_susp_vid9,999
suspicious/old_susp_vid9_1000.jpg,suspicious/suspicious_03189.jpg,old_susp_vid9,1000
suspicious/old_susp_vid9_1001.jpg,suspicious/suspicious_03190.jpg,old_susp_vid9,1001
suspicious/old_susp_vid9_1002.jpg,suspicious/suspicious_03191.jpg,old_susp_vid9,1002
suspicious/old_susp_vid9_1003.jpg,suspicious/suspicious_03192.jpg,old_susp_vid9,1003
suspicious/old_susp_vid9_1004.jpg,suspicious/suspicious_03193.jpg,old_susp_vid9,1004
suspicious/old_susp_vid9_1005.jpg,suspicious/suspicious_03194.jpg,old_susp_vid9,1005
suspicious/old_susp_vid9_1006.jpg,suspicious/suspicious_03195.jpg,old_susp_vid9,1006
suspicious/old_susp_vid9_1007.jpg,suspicious/suspicious_03196.jpg,old_susp_vid9,1007
suspicious/old_susp_vid9_1008.jpg,suspicious/suspicious_03197.jpg,old_susp_vid9,1008
suspicious/old_susp_vid9_1009.jpg,suspicious/suspicious_03198.jpg,old_susp_vid9,1009
suspicious/old_susp_vid9_1010.jpg,suspicious/suspicious_03199.jpg,old_susp_vid9,1010
suspicious/old_susp_vid9_1011.jpg,suspicious/suspicious_03200.jpg,old_susp_vid9,1011
suspicious/old_susp_vid9_1012.jpg,suspicious/suspicious_03201.jpg,old_susp_vid9,1012
suspicious/old_susp_vid9_1013.jpg,suspicious/suspicious_03202.jpg,old_susp_vid9,1013
suspicious/old_susp_vid9_1014.jpg,suspicious/suspicious_03203.jpg,old_susp_vid9,1014
suspicious/old_susp_vid9_1015.jpg,suspicious/suspicious_03204.jpg,old_susp_vid9,1015
suspicious/old_susp_vid9_1016.jpg,suspicious/suspicious_03205.jpg,old_susp_vid9,1016
suspicious/old_susp_vid9_1017.jpg,suspicious/suspicious_03206.jpg,old_susp_vid9,1017
suspicious/old_susp_vid9_1018.jpg,suspicious/suspicious_03207.jpg,old_susp_vid9,1018
suspicious/old_susp_vid9_1019.jpg,suspicious/suspicious_03208.jpg,old_susp_vid9,1019
suspicious/old_susp_vid9_1020.jpg,suspicious/suspicious_03209.jpg,old_susp_vid9,1020
suspicious/old_susp_vid9_1021.jpg,suspicious/suspicious_03210.jpg,old_susp_vid9,1021
suspicious/old_susp_vid9_1022.jpg,suspicious/suspicious_03211.jpg,old_susp_vid9,1022
suspicious/old_susp_vid9_1023.jpg,suspicious/suspicious_03212.jpg,old_susp_vid9,1023
suspicious/old_susp_vid9_1024.jpg,suspicious/suspicious_03213.jpg,old_susp_vid9,1024
suspicious/old_susp_vid9_1025.jpg,suspicious/suspicious_03214.jpg,old_susp_vid9,1025
suspicious/old_susp_vid9_1026.jpg,suspicious/suspicious_03215.jpg,old_susp_vid9,1026
suspicious/old_susp_vid9_1027.jpg,suspicious/suspicious_03216.jpg,old_susp_vid9,1027
suspicious/old_susp_vid9_1028.jpg,suspicious/suspicious_03217.jpg,old_susp_vid9,1028
suspicious/old_susp_vid9_1029.jpg,suspicious/suspicious_03218.jpg,old_susp_vid9,1029
suspicious/old_susp_vid9_1030.jpg,suspicious/suspicious_03219.jpg,old_susp_vid9,1030
suspicious/old_susp_vid9_1031.jpg,suspicious/suspicious_03220.jpg,old_susp_vid9,1031
suspicious/old_susp_vid9_1032.jpg,suspicious/suspicious_03221.jpg,old_susp_vid9,1032
suspicious/old_susp_vid9_1033.jpg,suspicious/suspicious_03222.jpg,old_susp_vid9,1033
suspicious/old_susp_vid9_1034.jpg,suspicious/suspicious_03223.jpg,old_susp_vid9,1034
suspicious/old_susp_vid9_1035.jpg,suspicious/suspicious_03224.jpg,old_susp_vid9,1035
suspicious/old_susp_vid9_1036.jpg,suspicious/suspicious_03225.jpg,old_susp_vid9,1036
suspicious/old_susp_vid9_1037.jpg,suspicious/suspicious_03226.jpg,old_susp_vid9,1037
suspicious/old_susp_vid9_1038.jpg,suspicious/suspicious_03227.jpg,old_susp_vid9,1038
suspicious/old_susp_vid9_1039.jpg,suspicious/suspicious_03228.jpg,old_susp_vid9,1039
suspicious/old_susp_vid9_1040.jpg,suspicious/suspicious_03229.jpg,old_susp_vid9,1040
suspicious/old_susp_vid9_1041.jpg,suspicious/suspicious_03230.jpg,old_susp_vid9,1041
suspicious/old_susp_vid9_1042.jpg,suspicious/suspicious_03231.jpg,old_susp_vid9,1042
suspicious/old_susp_vid9_1043.jpg,suspicious/suspicious_03232.jpg,old_susp_vid9,1043
suspicious/old_susp_vid9_1044.jpg,suspicious/suspicious_03233.jpg,old_susp_vid9,1044
suspicious/old_susp_vid9_1045.jpg,suspicious/suspicious_03234.jpg,old_susp_vid9,1045
suspicious/old_susp_vid9_1046.jpg,suspicious/suspicious_03235.jpg,old_susp_vid9,1046
suspicious/old_susp_vid9_1047.jpg,suspicious/suspicious_03236.jpg,old_susp_vid9,1047
suspicious/old_susp_vid9_1048.jpg,suspicious/suspicious_03237.jpg,old_susp_vid9,1048
suspicious/old_susp_vid9_1049.jpg,suspicious/suspicious_03238.jpg,old_susp_vid9,1049
suspicious/old_susp_vid9_1050.jpg,suspicious/suspicious_03239.jpg,old_susp_vid9,1050
suspicious/old_susp_vid9_1051.jpg,suspicious/suspicious_03240.jpg,old_susp_vid9,1051
suspicious/old_susp_vid9_1052.jpg,suspicious/suspicious_03241.jpg,old_susp_vid9,1052
suspicious/old_susp_vid9_1053.jpg,suspicious/suspicious_03242.jpg,old_susp_vid9,1053
suspicious/old_susp_vid9_1054.jpg,suspicious/suspicious_03243.jpg,old_susp_vid9,1054
suspicious/old_susp_vid9_1055.jpg,suspicious/suspicious_03244.jpg,old_susp_vid9,1055
suspicious/old_susp_vid9_1056.jpg,suspicious/suspicious_03245.jpg,old_susp_vid9,1056
suspicious/old_susp_vid9_1057.jpg,suspicious/suspicious_03246.jpg,old_susp_vid9,1057
suspicious/old_susp_vid9_1058.jpg,suspicious/suspicious_03247.jpg,old_susp_vid9,1058
suspicious/old_susp_vid9_1059.jpg,suspicious/suspicious_03248.jpg,old_susp_vid9,1059
suspicious/old_susp_vid9_1060.jpg,suspicious/suspicious_03249.jpg,old_susp_vid9,1060
suspicious/old_susp_vid9_1061.jpg,suspicious/suspicious_03250.jpg,old_susp_vid9,1061
suspicious/old_susp_vid9_1062.jpg,suspicious/suspicious_03251.jpg,old_susp_vid9,1062
suspicious/old_susp_vid9_1063.jpg,suspicious/suspicious_03252.jpg,old_susp_vid9,1063
suspicious/old_susp_vid9_1064.jpg,suspicious/suspicious_03253.jpg,old_susp_vid9,1064
suspicious/old_susp_vid9_1065.jpg,suspicious/suspicious_03254.jpg,old_susp_vid9,1065
suspicious/old_susp_vid9_1066.jpg,suspicious/suspicious_03255.jpg,old_susp_vid9,1066
suspicious/old_susp_vid9_1067.jpg,suspicious/suspicious_03256.jpg,old_susp_vid9,1067
suspicious/old_susp_vid9_1068.jpg,suspicious/suspicious_03257.jpg,old_susp_vid9,1068
suspicious/old_susp_vid9_1069.jpg,suspicious/suspicious_03258.jpg,old_susp_vid9,1069
suspicious/old_susp_vid9_1070.jpg,suspicious/suspicious_03259.jpg,old_susp_vid9,1070
suspicious/old_susp_vid9_1071.jpg,suspicious/suspicious_03260.jpg,old_susp_vid9,1071
suspicious/old_susp_vid9_1072.jpg,suspicious/suspicious_03261.jpg,old_susp_vid9,1072
suspicious/old_susp_vid9_1073.jpg,suspicious/suspicious_03262.jpg,old_susp_vid9,1073
suspicious/old_susp_vid9_1074.jpg,suspicious/suspicious_03263.jpg,old_susp_vid9,1074
suspicious/old_susp_vid9_1075.jpg,suspicious/suspicious_03264.jpg,old_susp_vid9,1075
suspicious/old_susp_vid9_1076.jpg,suspicious/suspicious_03265.jpg,old_susp_vid9,1076
suspicious/old_susp_vid9_1077.jpg,suspicious/suspicious_03266.jpg,old_susp_vid9,1077
suspicious/old_susp_vid9_1078.jpg,suspicious/suspicious_03267.jpg,old_susp_vid9,1078
suspicious/old_susp_vid9_1079.jpg,suspicious/suspicious_03268.jpg,old_susp_vid9,1079
suspicious/old_susp_vid9_1080.jpg,suspicious/suspicious_03269.jpg,old_susp_vid9,1080
suspicious/old_susp_vid9_1081.jpg,suspicious/suspicious_03270.jpg,old_susp_vid9,1081
suspicious/old_susp_vid9_1082.jpg,suspicious/suspicious_03271.jpg,old_susp_vid9,1082
suspicious/old_susp_vid9_1083.jpg,suspicious/suspicious_03272.jpg,old_susp_vid9,1083
suspicious/old_susp_vid9_1084.jpg,suspicious/suspicious_03273.jpg,old_susp_vid9,1084
suspicious/old_susp_vid9_1085.jpg,suspicious/suspicious_03274.jpg,old_susp_vid9,1085
suspicious/old_susp_vid9_1086.jpg,suspicious/suspicious_03275.jpg,old_susp_vid9,1086
suspicious/old_susp_vid9_1087.jpg,suspicious/suspicious_03276.jpg,old_susp_vid9,1087
suspicious/old_susp_vid9_1088.jpg,suspicious/suspicious_03277.jpg,old_susp_vid9,1088
suspicious/old_susp_vid9_1089.jpg,suspicious/suspicious_03278.jpg,old_susp_vid9,1089
suspicious/old_susp_vid9_1090.jpg,suspicious/suspicious_03279.jpg,old_susp_vid9,1090
suspicious/old_susp_vid9_1091.jpg,suspicious/suspicious_03280.jpg,old_susp_vid9,1091
suspicious/old_susp_vid9_1092.jpg,suspicious/suspicious_03281.jpg,old_susp_vid9,1092
suspicious/old_susp_vid9_1093.jpg,suspicious/suspicious_03282.jpg,old_susp_vid9,1093
suspicious/old_susp_vid9_1094.jpg,suspicious/suspicious_03283.jpg,old_susp_vid9,1094
suspicious/old_susp_vid9_1095.jpg,suspicious/suspicious_03284.jpg,old_susp_vid9,1095
suspicious/old_susp_vid9_1096.jpg,suspicious/suspicious_03285.jpg,old_susp_vid9,1096
suspicious/old_susp_vid9_1097.jpg,suspicious/suspicious_03286.jpg,old_susp_vid9,1097
suspicious/old_susp_vid9_1098.jpg,suspicious/suspicious_03287.jpg,old_susp_vid9,1098
suspicious/old_susp_vid9_1099.jpg,suspicious/suspicious_03288.jpg,old_susp_vid9,1099
suspicious/old_susp_vid9_1100.jpg,suspicious/suspicious_03289.jpg,old_susp_vid9,1100
suspicious/old_susp_vid9_1101.jpg,suspicious/suspicious_03290.jpg,old_susp_vid9,1101
suspicious/old_susp_vid9_1102.jpg,suspicious/suspicious_03291.jpg,old_susp_vid9,1102
suspicious/old_susp_vid9_1103.jpg,suspicious/suspicious_03292.jpg,old_susp_vid9,1103
suspicious/old_susp_vid9_1104.jpg,suspicious/suspicious_03293.jpg,old_susp_vid9,1104
suspicious/old_susp_vid9_1105.jpg,suspicious/suspicious_03294.jpg,old_susp_vid9,1105
suspicious/old_susp_vid9_1106.jpg,suspicious/suspicious_03295.jpg,old_susp_vid9,1106
suspicious/old_susp_vid9_1107.jpg,suspicious/suspicious_03296.jpg,old_susp_vid9,1107
suspicious/old_susp_vid9_1108.jpg,suspicious/suspicious_03297.jpg,old_susp_vid9,1108
suspicious/old_susp_vid9_1109.jpg,suspicious/suspicious_03298.jpg,old_susp_vid9,1109
suspicious/old_susp_vid9_1110.jpg,suspicious/suspicious_03299.jpg,old_susp_vid9,1110
suspicious/old_susp_vid9_1111.jpg,suspicious/suspicious_03300.jpg,old_susp_vid9,1111
suspicious/old_susp_vid9_1112.jpg,suspicious/suspicious_03301.jpg,old_susp_vid9,1112
suspicious/old_susp_vid9_1113.jpg,suspicious/suspicious_03302.jpg,old_susp_vid9,1113
suspicious/old_susp_vid9_1114.jpg,suspicious/suspicious_03303.jpg,old_susp_vid9,1114
suspicious/old_susp_vid9_1115.jpg,suspicious/suspicious_03304.jpg,old_susp_vid9,1115
suspicious/old_susp_vid9_1116.jpg,suspicious/suspicious_03305.jpg,old_susp_vid9,1116
suspicious/old_susp_vid9_1117.jpg,suspicious/suspicious_03306.jpg,old_susp_vid9,1117
suspicious/old_susp_vid9_1118.jpg,suspicious/suspicious_03307.jpg,old_susp_vid9,1118
suspicious/old_susp_vid9_1119.jpg,suspicious/suspicious_03308.jpg,old_susp_vid9,1119
suspicious/old_susp_vid9_1120.jpg,suspicious/suspicious_03309.jpg,old_susp_vid9,1120
suspicious/old_susp_vid9_1121.jpg,suspicious/suspicious_03310.jpg,old_susp_vid9,1121
suspicious/old_susp_vid9_1122.jpg,suspicious/suspicious_03311.jpg,old_susp_vid9,1122
suspicious/old_susp_vid9_1123.jpg,suspicious/suspicious_03312.jpg,old_susp_vid9,1123
suspicious/old_susp_vid9_1124.jpg,suspicious/suspicious_03313.jpg,old_susp_vid9,1124
suspicious/old_susp_vid9_1125.jpg,suspicious/suspicious_03314.jpg,old_susp_vid9,1125
suspicious/old_susp_vid9_1126.jpg,suspicious/suspicious_03315.jpg,old_susp_vid9,1126
suspicious/old_susp_vid9_1127.jpg,suspicious/suspicious_03316.jpg,old_susp_vid9,1127
suspicious/old_susp_vid9_1128.jpg,suspicious/suspicious_03317.jpg,old_susp_vid9,1128
suspicious/old_susp_vid9_1129.jpg,suspicious/suspicious_03318.jpg,old_susp_vid9,1129
suspicious/old_susp_vid9_1130.jpg,suspicious/suspicious_03319.jpg,old_susp_vid9,1130
suspicious/old_susp_vid9_1131.jpg,suspicious/suspicious_03320.jpg,old_susp_vid9,1131
suspicious/old_susp_vid9_1132.jpg,suspicious/suspicious_03321.jpg,old_susp_vid9,1132
suspicious/old_susp_vid9_1133.jpg,suspicious/suspicious_03322.jpg,old_susp_vid9,1133
suspicious/old_susp_vid9_1134.jpg,suspicious/suspicious_03323.jpg,old_susp_vid9,1134
suspicious/old_susp_vid9_1135.jpg,suspicious/suspicious_03324.jpg,old_susp_vid9,1135
suspicious/old_susp_vid9_1136.jpg,suspicious/suspicious_03325.jpg,old_susp_vid9,1136
suspicious/old_susp_vid9_1137.jpg,suspicious/suspicious_03326.jpg,old_susp_vid9,1137
suspicious/old_susp_vid9_1138.jpg,suspicious/suspicious_03327.jpg,old_susp_vid9,1138
suspicious/old_susp_vid9_1139.jpg,suspicious/suspicious_03328.jpg,old_susp_vid9,1139
suspicious/old_susp_vid9_1140.jpg,suspicious/suspicious_03329.jpg,old_susp_vid9,1140
suspicious/old_susp_vid9_1141.jpg,suspicious/suspicious_03330.jpg,old_susp_vid9,1141
suspicious/old_susp_vid9_1142.jpg,suspicious/suspicious_03331.jpg,old_susp_vid9,1142
suspicious/old_susp_vid9_1143.jpg,suspicious/suspicious_03332.jpg,old_susp_vid9,1143
suspicious/old_susp_vid9_1144.jpg,suspicious/suspicious_03333.jpg,old_susp_vid9,1144
suspicious/old_susp_vid9_1145.jpg,suspicious/suspicious_03334.jpg,old_susp_vid9,1145
suspicious/old_susp_vid9_1146.jpg,suspicious/suspicious_03335.jpg,old_susp_vid9,1146
suspicious/old_susp_vid9_1147.jpg,suspicious/suspicious_03336.jpg,old_susp_vid9,1147
suspicious/old_susp_vid9_1148.jpg,suspicious/suspicious_03337.jpg,old_susp_vid9,1148
suspicious/old_susp_vid9_1149.jpg,suspicious/suspicious_03338.jpg,old_susp_vid9,1149
suspicious/old_susp_vid9_1150.jpg,suspicious/suspicious_03339.jpg,old_susp_vid9,1150
suspicious/old_susp_vid9_1151.jpg,suspicious/suspicious_03340.jpg,old_susp_vid9,1151
suspicious/old_susp_vid9_1152.jpg,suspicious/suspicious_03341.jpg,old_susp_vid9,1152
suspicious/old_susp_vid9_1153.jpg,suspicious/suspicious_03342.jpg,old_susp_vid9,1153
suspicious/old_susp_vid9_1154.jpg,suspicious/suspicious_03343.jpg,old_susp_vid9,1154
suspicious/old_susp_vid9_1155.jpg,suspicious/suspicious_03344.jpg,old_susp_vid9,1155
suspicious/old_susp_vid9_1156.jpg,suspicious/suspicious_03345.jpg,old_susp_vid9,1156
suspicious/old_susp_vid9_1157.jpg,suspicious/suspicious_03346.jpg,old_susp_vid9,1157
suspicious/old_susp_vid9_1158.jpg,suspicious/suspicious_03347.jpg,old_susp_vid9,1158
suspicious/old_susp_vid9_1159.jpg,suspicious/suspicious_03348.jpg,old_susp_vid9,1159
suspicious/old_susp_vid9_1160.jpg,suspicious/suspicious_03349.jpg,old_susp_vid9,1160
suspicious/old_susp_vid9_1161.jpg,suspicious/suspicious_03350.jpg,old_susp_vid9,1161
suspicious/old_susp_vid9_1162.jpg,suspicious/suspicious_03351.jpg,old_susp_vid9,1162
suspicious/old_susp_vid9_1163.jpg,suspicious/suspicious_03352.jpg,old_susp_vid9,1163
suspicious/old_susp_vid9_1164.jpg,suspicious/suspicious_03353.jpg,old_susp_vid9,1164
suspicious/old_susp_vid9_1165.jpg,suspicious/suspicious_03354.jpg,old_susp_vid9,1165
suspicious/old_susp_vid9_1166.jpg,suspicious/suspicious_03355.jpg,old_susp_vid9,1166
suspicious/old_susp_vid9_1167.jpg,suspicious/suspicious_03356.jpg,old_susp_vid9,1167
suspicious/old_susp_vid9_1168.jpg,suspicious/suspicious_03357.jpg,old_susp_vid9,1168
suspicious/old_susp_vid9_1169.jpg,suspicious/suspicious_03358.jpg,old_susp_vid9,1169
suspicious/old_susp_vid9_1170.jpg,suspicious/suspicious_03359.jpg,old_susp_vid9,1170
suspicious/old_susp_vid9_1171.jpg,suspicious/suspicious_03360.jpg,old_susp_vid9,1171
suspicious/old_susp_vid9_1172.jpg,suspicious/suspicious_03361.jpg,old_susp_vid9,1172
suspicious/old_susp_vid9_1173.jpg,suspicious/suspicious_03362.jpg,old_susp_vid9,1173
suspicious/old_susp_vid9_1174.jpg,suspicious/suspicious_03363.jpg,old_susp_vid9,1174
suspicious/old_susp_vid9_1175.jpg,suspicious/suspicious_03364.jpg,old_susp_vid9,1175
suspicious/old_susp_vid9_1176.jpg,suspicious/suspicious_03365.jpg,old_susp_vid9,1176
suspicious/old_susp_vid9_1177.jpg,suspicious/suspicious_03366.jpg,old_susp_vid9,1177
suspicious/old_susp_vid9_1178.jpg,suspicious/suspicious_03367.jpg,old_susp_vid9,1178
suspicious/old_susp_vid9_1179.jpg,suspicious/suspicious_03368.jpg,old_susp_vid9,1179
suspicious/old_susp_vid9_1180.jpg,suspicious/suspicious_03369.jpg,old_susp_vid9,1180
suspicious/old_susp_vid9_1181.jpg,suspicious/suspicious_03370.jpg,old_susp_vid9,1181
suspicious/old_susp_vid9_1182.jpg,suspicious/suspicious_03371.jpg,old_susp_vid9,1182
suspicious/old_susp_vid9_1183.jpg,suspicious/suspicious_03372.jpg,old_susp_vid9,1183
suspicious/old_susp_vid9_1184.jpg,suspicious/suspicious_03373.jpg,old_susp_vid9,1184
suspicious/old_susp_vid9_1185.jpg,suspicious/suspicious_03374.jpg,old_susp_vid9,1185
suspicious/old_susp_vid9_1186.jpg,suspicious/suspicious_03375.jpg,old_susp_vid9,1186
suspicious/old_susp_vid9_1187.jpg,suspicious/suspicious_03376.jpg,old_susp_vid9,1187
suspicious/old_susp_vid9_1188.jpg,suspicious/suspicious_03377.jpg,old_susp_vid9,1188
suspicious/old_susp_vid9_1189.jpg,suspicious/suspicious_03378.jpg,old_susp_vid9,1189
suspicious/old_susp_vid9_1190.jpg,suspicious/suspicious_03379.jpg,old_susp_vid9,1190
suspicious/old_susp_vid9_1191.jpg,suspicious/suspicious_03380.jpg,old_susp_vid9,1191
suspicious/old_susp_vid9_1192.jpg,suspicious/suspicious_03381.jpg,old_susp_vid9,1192
suspicious/old_susp_vid9_1193.jpg,suspicious/suspicious_03382.jpg,old_susp_vid9,1193
suspicious/old_susp_vid9_1194.jpg,suspicious/suspicious_03383.jpg,old_susp_vid9,1194
suspicious/old_susp_vid9_1195.jpg,suspicious/suspicious_03384.jpg,old_susp_vid9,1195
suspicious/old_susp_vid9_1196.jpg,suspicious/suspicious_03385.jpg,old_susp_vid9,1196
suspicious/old_susp_vid9_1197.jpg,suspicious/suspicious_03386.jpg,old_susp_vid9,1197
suspicious/old_susp_vid9_1198.jpg,suspicious/suspicious_03387.jpg,old_susp_vid9,1198
suspicious/old_susp_vid9_1199.jpg,suspicious/suspicious_03388.jpg,old_susp_vid9,1199
suspicious/old_susp_vid9_1200.jpg,suspicious/suspicious_03389.jpg,old_susp_vid9,1200
suspicious/old_susp_vid9_1201.jpg,suspicious/suspicious_03390.jpg,old_susp_vid9,1201
suspicious/old_susp_vid9_1202.jpg,suspicious/suspicious_03391.jpg,old_susp_vid9,1202
suspicious/old_susp_vid9_1203.jpg,suspicious/suspicious_03392.jpg,old_susp_vid9,1203
suspicious/old_susp_vid9_1204.jpg,suspicious/suspicious_03393.jpg,old_susp_vid9,1204
suspicious/old_susp_vid9_1205.jpg,suspicious/suspicious_03394.jpg,old_susp_vid9,1205
suspicious/old_susp_vid9_1206.jpg,suspicious/suspicious_03395.jpg,old_susp_vid9,1206
suspicious/old_susp_vid9_1207.jpg,suspicious/suspicious_03396.jpg,old_susp_vid9,1207
suspicious/old_susp_vid9_1208.jpg,suspicious/suspicious_03397.jpg,old_susp_vid9,1208
suspicious/old_susp_vid9_1209.jpg,suspicious/suspicious_03398.jpg,old_susp_vid9,1209
suspicious/old_susp_vid9_1210.jpg,suspicious/suspicious_03399.jpg,old_susp_vid9,1210
suspicious/old_susp_vid9_1211.jpg,suspicious/suspicious_03400.jpg,old_susp_vid9,1211
suspicious/old_susp_vid9_1212.jpg,suspicious/suspicious_03401.jpg,old_susp_vid9,1212
suspicious/old_susp_vid9_1213.jpg,suspicious/suspicious_03402.jpg,old_susp_vid9,1213
suspicious/old_susp_vid9_1214.jpg,suspicious/suspicious_03403.jpg,old_susp_vid9,1214
suspicious/old_susp_vid9_1215.jpg,suspicious/suspicious_03404.jpg,old_susp_vid9,1215
suspicious/old_susp_vid9_1216.jpg,suspicious/suspicious_03405.jpg,old_susp_vid9,1216
suspicious/old_susp_vid9_1217.jpg,suspicious/suspicious_03406.jpg,old_susp_vid9,1217
suspicious/old_susp_vid9_1218.jpg,suspicious/suspicious_03407.jpg,old_susp_vid9,1218
suspicious/old_susp_vid9_1219.jpg,suspicious/suspicious_03408.jpg,old_susp_vid9,1219
suspicious/old_susp_vid9_1220.jpg,suspicious/suspicious_03409.jpg,old_susp_vid9,1220
suspicious/old_susp_vid9_1221.jpg,suspicious/suspicious_03410.jpg,old_susp_vid9,1221
suspicious/old_susp_vid9_1222.jpg,suspicious/suspicious_03411.jpg,old_susp_vid9,1222
suspicious/old_susp_vid9_1223.jpg,suspicious/suspicious_03412.jpg,old_susp_vid9,1223
suspicious/old_susp_vid9_1224.jpg,suspicious/suspicious_03413.jpg,old_susp_vid9,1224
suspicious/old_susp_vid9_1225.jpg,suspicious/suspicious_03414.jpg,old_susp_vid9,1225
suspicious/old_susp_vid9_1226.jpg,suspicious/suspicious_03415.jpg,old_susp_vid9,1226
suspicious/old_susp_vid9_1227.jpg,suspicious/suspicious_03416.jpg,old_susp_vid9,1227
suspicious/old_susp_vid9_1228.jpg,suspicious/suspicious_03417.jpg,old_susp_vid9,1228
suspicious/old_susp_vid9_1229.jpg,suspicious/suspicious_03418.jpg,old_susp_vid9,1229
suspicious/old_susp_vid9_1230.jpg,suspicious/suspicious_03419.jpg,old_susp_vid9,1230
suspicious/old_susp_vid9_1231.jpg,suspicious/suspicious_03420.jpg,old_susp_vid9,1231
suspicious/old_susp_vid9_1232.jpg,suspicious/suspicious_03421.jpg,old_susp_vid9,1232
suspicious/old_susp_vid9_1233.jpg,suspicious/suspicious_03422.jpg,old_susp_vid9,1233
suspicious/old_susp_vid9_1234.jpg,suspicious/suspicious_03423.jpg,old_susp_vid9,1234
suspicious/old_susp_vid9_1235.jpg,suspicious/suspicious_03424.jpg,old_susp_vid9,1235
suspicious/old_susp_vid9_1236.jpg,suspicious/suspicious_03425.jpg,old_susp_vid9,1236
suspicious/old_susp_vid9_1237.jpg,suspicious/suspicious_03426.jpg,old_susp_vid9,1237
suspicious/old_susp_vid9_1238.jpg,suspicious/suspicious_03427.jpg,old_susp_vid9,1238
suspicious/old_susp_vid9_1239.jpg,suspicious/suspicious_03428.jpg,old_susp_vid9,1239
suspicious/old_susp_vid9_1240.jpg,suspicious/suspicious_03429.jpg,old_susp_vid9,1240
suspicious/old_susp_vid9_1241.jpg,suspicious/suspicious_03430.jpg,old_susp_vid9,1241
suspicious/old_susp_vid9_1242.jpg,suspicious/suspicious_03431.jpg,old_susp_vid9,1242
suspicious/old_susp_vid9_1243.jpg,suspicious/suspicious_03432.jpg,old_susp_vid9,1243
suspicious/old_susp_vid9_1244.jpg,suspicious/suspicious_03433.jpg,old_susp_vid9,1244
suspicious/old_susp_vid9_1245.jpg,suspicious/suspicious_03434.jpg,old_susp_vid9,1245
suspicious/old_susp_vid9_1246.jpg,suspicious/suspicious_03435.jpg,old_susp_vid9,1246
suspicious/old_susp_vid9_1247.jpg,suspicious/suspicious_03436.jpg,old_susp_vid9,1247
suspicious/old_susp_vid9_1248.jpg,suspicious/suspicious_03437.jpg,old_susp_vid9,1248
suspicious/old_susp_vid9_1249.jpg,suspicious/suspicious_03438.jpg,old_susp_vid9,1249
suspicious/old_susp_vid9_1250.jpg,suspicious/suspicious_03439.jpg,old_susp_vid9,1250
suspicious/old_susp_vid9_1251.jpg,suspicious/suspicious_03440.jpg,old_susp_vid9,1251
suspicious/old_susp_vid9_1252.jpg,suspicious/suspicious_03441.jpg,old_susp_vid9,1252
suspicious/old_susp_vid9_1253.jpg,suspicious/suspicious_03442.jpg,old_susp_vid9,1253
suspicious/old_susp_vid9_1254.jpg,suspicious/suspicious_03443.jpg,old_susp_vid9,1254
suspicious/old_susp_vid9_1255.jpg,suspicious/suspicious_03444.jpg,old_susp_vid9,1255
suspicious/old_susp_vid9_1256.jpg,suspicious/suspicious_03445.jpg,old_susp_vid9,1256
suspicious/old_susp_vid9_1257.jpg,suspicious/suspicious_03446.jpg,old_susp_vid9,1257
suspicious/old_susp_vid9_1258.jpg,suspicious/suspicious_03447.jpg,old_susp_vid9,1258
suspicious/old_susp_vid9_1259.jpg,suspicious/suspicious_03448.jpg,old_susp_vid9,1259
suspicious/old_susp_vid9_1260.jpg,suspicious/suspicious_03449.jpg,old_susp_vid9,1260
suspicious/old_susp_vid9_1261.jpg,suspicious/suspicious_03450.jpg,old_susp_vid9,1261
suspicious/old_susp_vid9_1262.jpg,suspicious/suspicious_03451.jpg,old_susp_vid9,1262
suspicious/old_susp_vid9_1263.jpg,suspicious/suspicious_03452.jpg,old_susp_vid9,1263
suspicious/old_susp_vid9_1264.jpg,suspicious/suspicious_03453.jpg,old_susp_vid9,1264
suspicious/old_susp_vid9_1265.jpg,suspicious/suspicious_03454.jpg,old_susp_vid9,1265
suspicious/old_susp_vid9_1266.jpg,suspicious/suspicious_03455.jpg,old_susp_vid9,1266
suspicious/old_susp_vid9_1267.jpg,suspicious/suspicious_03456.jpg,old_susp_vid9,1267
suspicious/old_susp_vid9_1268.jpg,suspicious/suspicious_03457.jpg,old_susp_vid9,1268
suspicious/old_susp_vid9_1269.jpg,suspicious/suspicious_03458.jpg,old_susp_vid9,1269
suspicious/old_susp_vid9_1270.jpg,suspicious/suspicious_03459.jpg,old_susp_vid9,1270
suspicious/old_susp_vid9_1271.jpg,suspicious/suspicious_03460.jpg,old_susp_vid9,1271
suspicious/old_susp_vid9_1272.jpg,suspicious/suspicious_03461.jpg,old_susp_vid9,1272
suspicious/old_susp_vid9_1273.jpg,suspicious/suspicious_03462.jpg,old_susp_vid9,1273
suspicious/old_susp_vid9_1274.jpg,suspicious/suspicious_03463.jpg,old_susp_vid9,1274
suspicious/old_susp_vid9_1275.jpg,suspicious/suspicious_03464.jpg,old_susp_vid9,1275
suspicious/old_susp_vid9_1276.jpg,suspicious/suspicious_03465.jpg,old_susp_vid9,1276
suspicious/old_susp_vid9_1277.jpg,suspicious/suspicious_03466.jpg,old_susp_vid9,1277
suspicious/old_susp_vid9_1278.jpg,suspicious/suspicious_03467.jpg,old_susp_vid9,1278
suspicious/old_susp_vid9_1279.jpg,suspicious/suspicious_03468.jpg,old_susp_vid9,1279
suspicious/old_susp_vid9_1280.jpg,suspicious/suspicious_03469.jpg,old_susp_vid9,1280
suspicious/old_susp_vid9_1281.jpg,suspicious/suspicious_03470.jpg,old_susp_vid9,1281
suspicious/old_susp_vid9_1282.jpg,suspicious/suspicious_03471.jpg,old_susp_vid9,1282
suspicious/old_susp_vid9_1283.jpg,suspicious/suspicious_03472.jpg,old_susp_vid9,1283
suspicious/old_susp_vid9_1284.jpg,suspicious/suspicious_03473.jpg,old_susp_vid9,1284
suspicious/old_susp_vid9_1285.jpg,suspicious/suspicious_03474.jpg,old_susp_vid9,1285
suspicious/old_susp_vid9_1286.jpg,suspicious/suspicious_03475.jpg,old_susp_vid9,1286
suspicious/old_susp_vid9_1287.jpg,suspicious/suspicious_03476.jpg,old_susp_vid9,1287
suspicious/old_susp_vid9_1288.jpg,suspicious/suspicious_03477.jpg,old_susp_vid9,1288
suspicious/old_susp_vid9_1289.jpg,suspicious/suspicious_03478.jpg,old_susp_vid9,1289
suspicious/old_susp_vid9_1290.jpg,suspicious/suspicious_03479.jpg,old_susp_vid9,1290
suspicious/old_susp_vid9_1291.jpg,suspicious/suspicious_03480.jpg,old_susp_vid9,1291
suspicious/old_susp_vid9_1292.jpg,suspicious/suspicious_03481.jpg,old_susp_vid9,1292
suspicious/old_susp_vid9_1293.jpg,suspicious/suspicious_03482.jpg,old_susp_vid9,1293
suspicious/old_susp_vid9_1294.jpg,suspicious/suspicious_03483.jpg,old_susp_vid9,1294
suspicious/old_susp_vid9_1295.jpg,suspicious/suspicious_03484.jpg,old_susp_vid9,1295
suspicious/old_susp_vid9_1296.jpg,suspicious/suspicious_03485.jpg,old_susp_vid9,1296
suspicious/old_susp_vid9_1297.jpg,suspicious/suspicious_03486.jpg,old_susp_vid9,1297
suspicious/old_susp_vid9_1298.jpg,suspicious/suspicious_03487.jpg,old_susp_vid9,1298
suspicious/old_susp_vid9_1299.jpg,suspicious/suspicious_03488.jpg,old_susp_vid9,1299
suspicious/old_susp_vid9_1300.jpg,suspicious/suspicious_03489.jpg,old_susp_vid9,1300
suspicious/old_susp_vid9_1301.jpg,suspicious/suspicious_03490.jpg,old_susp_vid9,1301
suspicious/old_susp_vid9_1302.jpg,suspicious/suspicious_03491.jpg,old_susp_vid9,1302
suspicious/old_susp_vid9_1303.jpg,suspicious/suspicious_03492.jpg,old_susp_vid9,1303
suspicious/old_susp_vid9_1304.jpg,suspicious/suspicious_03493.jpg,old_susp_vid9,1304
suspicious/old_susp_vid9_1305.jpg,suspicious/suspicious_03494.jpg,old_susp_vid9,1305
suspicious/old_susp_vid9_1306.jpg,suspicious/suspicious_03495.jpg,old_susp_vid9,1306
suspicious/old_susp_vid9_1307.jpg,suspicious/suspicious_03496.jpg,old_susp_vid9,1307
suspicious/old_susp_vid9_1308.jpg,suspicious/suspicious_03497.jpg,old_susp_vid9,1308
suspicious/old_susp_vid9_1309.jpg,suspicious/suspicious_03498.jpg,old_susp_vid9,1309
suspicious/old_susp_vid9_1310.jpg,suspicious/suspicious_03499.jpg,old_susp_vid9,1310
suspicious/old_susp_vid9_1311.jpg,suspicious/suspicious_03500.jpg,old_susp_vid9,1311
suspicious/old_susp_vid9_1312.jpg,suspicious/suspicious_03501.jpg,old_susp_vid9,1312
suspicious/old_susp_vid9_1313.jpg,suspicious/suspicious_03502.jpg,old_susp_vid9,1313
suspicious/old_susp_vid9_1314.jpg,suspicious/suspicious_03503.jpg,old_susp_vid9,1314
suspicious/old_susp_vid9_1315.jpg,suspicious/suspicious_03504.jpg,old_susp_vid9,1315
suspicious/old_susp_vid9_1316.jpg,suspicious/suspicious_03505.jpg,old_susp_vid9,1316
suspicious/old_susp_vid9_1317.jpg,suspicious/suspicious_03506.jpg,old_susp_vid9,1317
suspicious/old_susp_vid9_1318.jpg,suspicious/suspicious_03507.jpg,old_susp_vid9,1318
suspicious/old_susp_vid9_1319.jpg,suspicious/suspicious_03508.jpg,old_susp_vid9,1319
suspicious/old_susp_vid9_1320.jpg,suspicious/suspicious_03509.jpg,old_susp_vid9,1320
suspicious/old_susp_vid9_1321.jpg,suspicious/suspicious_03510.jpg,old_susp_vid9,1321
suspicious/old_susp_vid9_1322.jpg,suspicious/suspicious_03511.jpg,old_susp_vid9,1322
suspicious/old_susp_vid9_1323.jpg,suspicious/suspicious_03512.jpg,old_susp_vid9,1323
suspicious/old_susp_vid9_1324.jpg,suspicious/suspicious_03513.jpg,old_susp_vid9,1324
suspicious/old_susp_vid9_1325.jpg,suspicious/suspicious_03514.jpg,old_susp_vid9,1325
suspicious/old_susp_vid9_1326.jpg,suspicious/suspicious_03515.jpg,old_susp_vid9,1326
suspicious/old_susp_vid9_1327.jpg,suspicious/suspicious_03516.jpg,old_susp_vid9,1327
suspicious/old_susp_vid9_1328.jpg,suspicious/suspicious_03517.jpg,old_susp_vid9,1328
suspicious/old_susp_vid9_1329.jpg,suspicious/suspicious_03518.jpg,old_susp_vid9,1329
suspicious/old_susp_vid9_1330.jpg,suspicious/suspicious_03519.jpg,old_susp_vid9,1330
suspicious/old_susp_vid9_1331.jpg,suspicious/suspicious_03520.jpg,old_susp_vid9,1331
suspicious/old_susp_vid9_1332.jpg,suspicious/suspicious_03521.jpg,old_susp_vid9,1332
suspicious/old_susp_vid9_1333.jpg,suspicious/suspicious_03522.jpg,old_susp_vid9,1333
suspicious/old_susp_vid9_1334.jpg,suspicious/suspicious_03523.jpg,old_susp_vid9,1334
suspicious/old_susp_vid9_1335.jpg,suspicious/suspicious_03524.jpg,old_susp_vid9,1335
suspicious/old_susp_vid9_1336.jpg,suspicious/suspicious_03525.jpg,old_susp_vid9,1336
suspicious/old_susp_vid9_1337.jpg,suspicious/suspicious_03526.jpg,old_susp_vid9,1337
suspicious/old_susp_vid9_1338.jpg,suspicious/suspicious_03527.jpg,old_susp_vid9,1338
suspicious/old_susp_vid9_1339.jpg,suspicious/suspicious_03528.jpg,old_susp_vid9,1339
suspicious/old_susp_vid9_1340.jpg,suspicious/suspicious_03529.jpg,old_susp_vid9,1340
suspicious/old_susp_vid9_1341.jpg,suspicious/suspicious_03530.jpg,old_susp_vid9,1341
suspicious/old_susp_vid9_1342.jpg,suspicious/suspicious_03531.jpg,old_susp_vid9,1342
suspicious/old_susp_vid9_1343.jpg,suspicious/suspicious_03532.jpg,old_susp_vid9,1343
suspicious/old_susp_vid9_1344.jpg,suspicious/suspicious_03533.jpg,old_susp_vid9,1344
suspicious/old_susp_vid9_1345.jpg,suspicious/suspicious_03534.jpg,old_susp_vid9,1345
suspicious/old_susp_vid9_1346.jpg,suspicious/suspicious_03535.jpg,old_susp_vid9,1346
suspicious/old_susp_vid9_1347.jpg,suspicious/suspicious_03536.jpg,old_susp_vid9,1347
suspicious/old_susp_vid9_1348.jpg,suspicious/suspicious_03537.jpg,old_susp_vid9,1348
suspicious/old_susp_vid9_1349.jpg,suspicious/suspicious_03538.jpg,old_susp_vid9,1349
suspicious/old_susp_vid9_1350.jpg,suspicious/suspicious_03539.jpg,old_susp_vid9,1350
suspicious/old_susp_vid9_1351.jpg,suspicious/suspicious_03540.jpg,old_susp_vid9,1351
suspicious/old_susp_vid9_1352.jpg,suspicious/suspicious_03541.jpg,old_susp_vid9,1352
suspicious/old_susp_vid9_1353.jpg,suspicious/suspicious_03542.jpg,old_susp_vid9,1353
suspicious/old_susp_vid9_1354.jpg,suspicious/suspicious_03543.jpg,old_susp_vid9,1354
suspicious/old_susp_vid9_1355.jpg,suspicious/suspicious_03544.jpg,old_susp_vid9,1355
suspicious/old_susp_vid9_1356.jpg,suspicious/suspicious_03545.jpg,old_susp_vid9,1356
suspicious/old_susp_vid9_1357.jpg,suspicious/suspicious_03546.jpg,old_susp_vid9,1357
suspicious/old_susp_vid9_1358.jpg,suspicious/suspicious_03547.jpg,old_susp_vid9,1358
suspicious/old_susp_vid9_1359.jpg,suspicious/suspicious_03548.jpg,old_susp_vid9,1359
suspicious/old_susp_vid9_1360.jpg,suspicious/suspicious_03549.jpg,old_susp_vid9,1360
suspicious/old_susp_vid9_1361.jpg,suspicious/suspicious_03550.jpg,old_susp_vid9,1361
suspicious/old_susp_vid9_1362.jpg,suspicious/suspicious_03551.jpg,old_susp_vid9,1362
suspicious/old_susp_vid9_1363.jpg,suspicious/suspicious_03552.jpg,old_susp_vid9,1363
suspicious/old_susp_vid9_1364.jpg,suspicious/suspicious_03553.jpg,old_susp_vid9,1364
suspicious/old_susp_vid9_1365.jpg,suspicious/suspicious_03554.jpg,old_susp_vid9,1365
suspicious/old_susp_vid9_1366.jpg,suspicious/suspicious_03555.jpg,old_susp_vid9,1366
suspicious/old_susp_vid9_1367.jpg,suspicious/suspicious_03556.jpg,old_susp_vid9,1367
suspicious/old_susp_vid9_1368.jpg,suspicious/suspicious_03557.jpg,old_susp_vid9,1368
suspicious/old_susp_vid9_1369.jpg,suspicious/suspicious_03558.jpg,old_susp_vid9,1369
suspicious/old_susp_vid9_1370.jpg,suspicious/suspicious_03559.jpg,old_susp_vid9,1370
suspicious/old_susp_vid9_1371.jpg,suspicious/suspicious_03560.jpg,old_susp_vid9,1371
suspicious/old_susp_vid9_1372.jpg,suspicious/suspicious_03561.jpg,old_susp_vid9,1372
suspicious/old_susp_vid9_1373.jpg,suspicious/suspicious_03562.jpg,old_susp_vid9,1373
suspicious/old_susp_vid9_1374.jpg,suspicious/suspicious_03563.jpg,old_susp_vid9,1374
suspicious/old_susp_vid9_1375.jpg,suspicious/suspicious_03564.jpg,old_susp_vid9,1375
suspicious/old_susp_vid9_1376.jpg,suspicious/suspicious_03565.jpg,old_susp_vid9,1376
suspicious/old_susp_vid9_1377.jpg,suspicious/suspicious_03566.jpg,old_susp_vid9,1377
suspicious/old_susp_vid9_1378.jpg,suspicious/suspicious_03567.jpg,old_susp_vid9,1378
suspicious/old_susp_vid9_1379.jpg,suspicious/suspicious_03568.jpg,old_susp_vid9,1379
suspicious/old_susp_vid9_1380.jpg,suspicious/suspicious_03569.jpg,old_susp_vid9,1380
suspicious/old_susp_vid9_1381.jpg,suspicious/suspicious_03570.jpg,old_susp_vid9,1381
suspicious/old_susp_vid9_1382.jpg,suspicious/suspicious_03571.jpg,old_susp_vid9,1382
suspicious/old_susp_vid9_1383.jpg,suspicious/suspicious_03572.jpg,old_susp_vid9,1383
suspicious/old_susp_vid9_1384.jpg,suspicious/suspicious_03573.jpg,old_susp_vid9,1384
suspicious/old_susp_vid9_1385.jpg,suspicious/suspicious_03574.jpg,old_susp_vid9,1385
suspicious/old_susp_vid9_1386.jpg,suspicious/suspicious_03575.jpg,old_susp_vid9,1386
suspicious/old_susp_vid9_1387.jpg,suspicious/suspicious_03576.jpg,old_susp_vid9,1387
suspicious/old_susp_vid9_1388.jpg,suspicious/suspicious_03577.jpg,old_susp_vid9,1388
suspicious/old_susp_vid9_1389.jpg,suspicious/suspicious_03578.jpg,old_susp_vid9,1389
suspicious/old_susp_vid9_1390.jpg,suspicious/suspicious_03579.jpg,old_susp_vid9,1390
suspicious/old_susp_vid9_1391.jpg,suspicious/suspicious_03580.jpg,old_susp_vid9,1391
suspicious/old_susp_vid9_1392.jpg,suspicious/suspicious_03581.jpg,old_susp_vid9,1392
suspicious/old_susp_vid9_1393.jpg,suspicious/suspicious_03582.jpg,old_susp_vid9,1393
suspicious/old_susp_vid9_1394.jpg,suspicious/suspicious_03583.jpg,old_susp_vid9,1394
suspicious/old_susp_vid9_1395.jpg,suspicious/suspicious_03584.jpg,old_susp_vid9,1395
suspicious/old_susp_vid9_1396.jpg,suspicious/suspicious_03585.jpg,old_susp_vid9,1396
suspicious/old_susp_vid9_1397.jpg,suspicious/suspicious_03586.jpg,old_susp_vid9,1397
suspicious/old_susp_vid9_1398.jpg,suspicious/suspicious_03587.jpg,old_susp_vid9,1398
suspicious/old_susp_vid9_1399.jpg,suspicious/suspicious_03588.jpg,old_susp_vid9,1399
suspicious/old_susp_vid9_1400.jpg,suspicious/suspicious_03589.jpg,old_susp_vid9,1400
suspicious/old_susp_vid9_1401.jpg,suspicious/suspicious_03590.jpg,old_susp_vid9,1401
suspicious/old_susp_vid9_1402.jpg,suspicious/suspicious_03591.jpg,old_susp_vid9,1402
suspicious/old_susp_vid9_1403.jpg,suspicious/suspicious_03592.jpg,old_susp_vid9,1403
suspicious/old_susp_vid9_1404.jpg,suspicious/suspicious_03593.jpg,old_susp_vid9,1404
suspicious/old_susp_vid9_1405.jpg,suspicious/suspicious_03594.jpg,old_susp_vid9,1405
suspicious/old_susp_vid9_1406.jpg,suspicious/suspicious_03595.jpg,old_susp_vid9,1406
suspicious/old_susp_vid9_1407.jpg,suspicious/suspicious_03596.jpg,old_susp_vid9,1407
suspicious/old_susp_vid9_1408.jpg,suspicious/suspicious_03597.jpg,old_susp_vid9,1408
suspicious/old_susp_vid9_1409.jpg,suspicious/suspicious_03598.jpg,old_susp_vid9,1409
suspicious/old_susp_vid9_1410.jpg,suspicious/suspicious_03599.jpg,old_susp_vid9,1410
suspicious/old_susp_vid9_1411.jpg,suspicious/suspicious_03600.jpg,old_susp_vid9,1411
suspicious/old_susp_vid9_1412.jpg,suspicious/suspicious_03601.jpg,old_susp_vid9,1412
suspicious/old_susp_vid9_1413.jpg,suspicious/suspicious_03602.jpg,old_susp_vid9,1413
suspicious/old_susp_vid9_1414.jpg,suspicious/suspicious_03603.jpg,old_susp_vid9,1414
suspicious/old_susp_vid9_1415.jpg,suspicious/suspicious_03604.jpg,old_susp_vid9,1415
suspicious/old_susp_vid9_1416.jpg,suspicious/suspicious_03605.jpg,old_susp_vid9,1416
suspicious/old_susp_vid9_1417.jpg,suspicious/suspicious_03606.jpg,old_susp_vid9,1417
suspicious/old_susp_vid9_1418.jpg,suspicious/suspicious_03607.jpg,old_susp_vid9,1418
suspicious/old_susp_vid9_1419.jpg,suspicious/suspicious_03608.jpg,old_susp_vid9,1419
suspicious/old_susp_vid9_1420.jpg,suspicious/suspicious_03609.jpg,old_susp_vid9,1420
suspicious/old_susp_vid9_1421.jpg,suspicious/suspicious_03610.jpg,old_susp_vid9,1421
suspicious/old_susp_vid9_1422.jpg,suspicious/suspicious_03611.jpg,old_susp_vid9,1422
suspicious/old_susp_vid9_1423.jpg,suspicious/suspicious_03612.jpg,old_susp_vid9,1423
